{"app":["/app-3cd371139978c3742426.js"],"component---src-pages-404-js":["/component---src-pages-404-js-967f67ac027206f3c7a2.js"],"component---src-pages-about-us-ar-js":["/component---src-pages-about-us-ar-js-e435e35d71d4a036f330.js"],"component---src-pages-about-us-en-js":["/component---src-pages-about-us-en-js-8eb76c711284f2daa792.js"],"component---src-pages-about-us-js":["/component---src-pages-about-us-js-3b00c64a8a81bde5975c.js"],"component---src-pages-advisory-research-ar-js":["/component---src-pages-advisory-research-ar-js-78c89d4b483adba70170.js"],"component---src-pages-advisory-research-en-js":["/component---src-pages-advisory-research-en-js-7a05c012f0bab022f2f5.js"],"component---src-pages-advisory-research-js":["/component---src-pages-advisory-research-js-b201971539f7c1e8befa.js"],"component---src-pages-announcements-ar-js":["/component---src-pages-announcements-ar-js-ea52c79a56fed9dae7b7.js"],"component---src-pages-announcements-en-js":["/component---src-pages-announcements-en-js-9f3f82c71c1aad2aad6a.js"],"component---src-pages-announcements-jsx":["/component---src-pages-announcements-jsx-e322e16921c1956d093e.js"],"component---src-pages-asset-management-ar-js":["/component---src-pages-asset-management-ar-js-d28f43948e0a97f5e942.js"],"component---src-pages-asset-management-en-js":["/component---src-pages-asset-management-en-js-d26745a0efb15495256f.js"],"component---src-pages-asset-management-js":["/component---src-pages-asset-management-js-970aeda45188bc47a8de.js"],"component---src-pages-board-ar-js":["/component---src-pages-board-ar-js-61441ab5dfed116072a9.js"],"component---src-pages-board-directors-ar-js":["/component---src-pages-board-directors-ar-js-9e86c60e6ddfb3c244a0.js"],"component---src-pages-board-directors-en-js":["/component---src-pages-board-directors-en-js-a14e6f38f179c56b20a5.js"],"component---src-pages-board-directors-js":["/component---src-pages-board-directors-js-ec54edd83143030fb9a1.js"],"component---src-pages-board-en-js":["/component---src-pages-board-en-js-73b23a85aadb784aa3da.js"],"component---src-pages-board-js":["/component---src-pages-board-js-7cac94d25226f8b448ca.js"],"component---src-pages-client-awareness-ar-js":["/component---src-pages-client-awareness-ar-js-ed0b834157268e7a3f84.js"],"component---src-pages-client-awareness-en-js":["/component---src-pages-client-awareness-en-js-bc031a35c89b87027aec.js"],"component---src-pages-client-awareness-js":["/component---src-pages-client-awareness-js-4c940b480b64dd1de58b.js"],"component---src-pages-companies-login-ar-js":["/component---src-pages-companies-login-ar-js-2ce4dedaa26c4c0fe103.js"],"component---src-pages-companies-login-en-js":["/component---src-pages-companies-login-en-js-d6835b46642b3f32ed56.js"],"component---src-pages-companies-login-js":["/component---src-pages-companies-login-js-75489b619e691741d7d8.js"],"component---src-pages-conservation-services-ar-js":["/component---src-pages-conservation-services-ar-js-9d29ed86eed5aaa249ea.js"],"component---src-pages-conservation-services-en-js":["/component---src-pages-conservation-services-en-js-307f7f3320dae4d69b84.js"],"component---src-pages-conservation-services-js":["/component---src-pages-conservation-services-js-457b73b2ba4bb6007dd8.js"],"component---src-pages-contact-us-ar-js":["/component---src-pages-contact-us-ar-js-2b6bde541e50763fada5.js"],"component---src-pages-contact-us-en-js":["/component---src-pages-contact-us-en-js-7a235c018ad225325cbf.js"],"component---src-pages-contact-us-js":["/component---src-pages-contact-us-js-fffc872921cc4695c56e.js"],"component---src-pages-index-ar-js":["/component---src-pages-index-ar-js-5c84dacbc6a18cc42ff1.js"],"component---src-pages-index-en-js":["/component---src-pages-index-en-js-914dccad13bc056a7046.js"],"component---src-pages-index-js":["/component---src-pages-index-js-6a56242a5283253aa9aa.js"],"component---src-pages-individuals-login-ar-js":["/component---src-pages-individuals-login-ar-js-c6f22b7ee9afe63f1115.js"],"component---src-pages-individuals-login-en-js":["/component---src-pages-individuals-login-en-js-2fd826e76c6212b6b864.js"],"component---src-pages-individuals-login-js":["/component---src-pages-individuals-login-js-cdb27bcc63c59d6731f7.js"],"component---src-pages-investment-banking-ar-js":["/component---src-pages-investment-banking-ar-js-02b0de08e71f18b3d47b.js"],"component---src-pages-investment-banking-en-js":["/component---src-pages-investment-banking-en-js-a12b2498a25891519f37.js"],"component---src-pages-investment-banking-js":["/component---src-pages-investment-banking-js-14a9a4ce08df359b0c55.js"],"component---src-pages-management-team-ar-js":["/component---src-pages-management-team-ar-js-7f6483e23e7897fc777e.js"],"component---src-pages-management-team-en-js":["/component---src-pages-management-team-en-js-1e36fa3d3368d29e2180.js"],"component---src-pages-management-team-jsx":["/component---src-pages-management-team-jsx-793a68ea10d4ebc3410c.js"],"component---src-pages-management-team-templet-ar-js":["/component---src-pages-management-team-templet-ar-js-5a14f09272fcca6686a2.js"],"component---src-pages-management-team-templet-en-js":["/component---src-pages-management-team-templet-en-js-6b66443f11930b2ea376.js"],"component---src-pages-management-team-templet-js":["/component---src-pages-management-team-templet-js-f741c28cb6a35aade121.js"],"component---src-pages-page-2-js":["/component---src-pages-page-2-js-ee068121447879c79f17.js"],"component---src-pages-reports-ar-js":["/component---src-pages-reports-ar-js-cb410e0223978e75ed30.js"],"component---src-pages-reports-en-js":["/component---src-pages-reports-en-js-80b4015f54ebe0e1321a.js"],"component---src-pages-reports-jsx":["/component---src-pages-reports-jsx-e968621e7f608b0b4e05.js"],"component---src-pages-shariyah-review-ar-js":["/component---src-pages-shariyah-review-ar-js-0a7f6653738d5264a378.js"],"component---src-pages-shariyah-review-en-js":["/component---src-pages-shariyah-review-en-js-65f8f833d43e3357327a.js"],"component---src-pages-shariyah-review-js":["/component---src-pages-shariyah-review-js-db93df251a0109346517.js"],"component---src-pages-team-js":["/component---src-pages-team-js-1e512738c6d6525f4ced.js"],"component---src-pages-using-ssr-js":["/component---src-pages-using-ssr-js-f76f697c02734dcb9823.js"],"component---src-pages-using-typescript-tsx":["/component---src-pages-using-typescript-tsx-f022a706926a9b5c5002.js"]}