{"app":["/app-9659337be6b0e0c56495.js"],"component---src-pages-404-js":["/component---src-pages-404-js-c397fa8684089178ff19.js"],"component---src-pages-about-us-ar-js":["/component---src-pages-about-us-ar-js-d92f1e7faae7a97b00cd.js"],"component---src-pages-about-us-en-js":["/component---src-pages-about-us-en-js-ab69ce6760432692d874.js"],"component---src-pages-about-us-js":["/component---src-pages-about-us-js-67bbf22565d1ec13611e.js"],"component---src-pages-advisory-research-ar-js":["/component---src-pages-advisory-research-ar-js-b5dd9043ad0c330abf22.js"],"component---src-pages-advisory-research-en-js":["/component---src-pages-advisory-research-en-js-c63e976aa95fdefc0f4c.js"],"component---src-pages-advisory-research-js":["/component---src-pages-advisory-research-js-783e37a005527dec05ed.js"],"component---src-pages-announcements-ar-js":["/component---src-pages-announcements-ar-js-70942e967d31bb412a3e.js"],"component---src-pages-announcements-en-js":["/component---src-pages-announcements-en-js-8a1d02d780272039828f.js"],"component---src-pages-announcements-jsx":["/component---src-pages-announcements-jsx-d90b756d0d09389063dc.js"],"component---src-pages-asset-management-ar-js":["/component---src-pages-asset-management-ar-js-fc452564fb3e602b3dc6.js"],"component---src-pages-asset-management-en-js":["/component---src-pages-asset-management-en-js-9e8cb17a9cabd3784fc1.js"],"component---src-pages-asset-management-js":["/component---src-pages-asset-management-js-8ff0d3ec9a996bb95277.js"],"component---src-pages-board-ar-js":["/component---src-pages-board-ar-js-cc85dad5be3381455cdc.js"],"component---src-pages-board-directors-ar-js":["/component---src-pages-board-directors-ar-js-6ec9619ab89dd27c5e29.js"],"component---src-pages-board-directors-en-js":["/component---src-pages-board-directors-en-js-b9727cbf4534a07b63a5.js"],"component---src-pages-board-directors-js":["/component---src-pages-board-directors-js-daf494a93739755c03b5.js"],"component---src-pages-board-en-js":["/component---src-pages-board-en-js-9e14a6f5f7df63c56498.js"],"component---src-pages-board-js":["/component---src-pages-board-js-b095d5cb9ba5ef7b5669.js"],"component---src-pages-client-awareness-ar-js":["/component---src-pages-client-awareness-ar-js-30088808dc237b69ca06.js"],"component---src-pages-client-awareness-en-js":["/component---src-pages-client-awareness-en-js-a7d70916942ff4014867.js"],"component---src-pages-client-awareness-js":["/component---src-pages-client-awareness-js-caced97cbce211d247eb.js"],"component---src-pages-companies-login-ar-js":["/component---src-pages-companies-login-ar-js-733f875a4c5200020cdb.js"],"component---src-pages-companies-login-en-js":["/component---src-pages-companies-login-en-js-d18dd1090276589d2e84.js"],"component---src-pages-companies-login-js":["/component---src-pages-companies-login-js-cbedf2331169ca3de6a4.js"],"component---src-pages-conservation-services-ar-js":["/component---src-pages-conservation-services-ar-js-ed84b0da5b107e63c6d1.js"],"component---src-pages-conservation-services-en-js":["/component---src-pages-conservation-services-en-js-cd382c341f19facbcb80.js"],"component---src-pages-conservation-services-js":["/component---src-pages-conservation-services-js-345ea614699803b4d4c4.js"],"component---src-pages-contact-us-ar-js":["/component---src-pages-contact-us-ar-js-d9bbf2b093b81a0b46e5.js"],"component---src-pages-contact-us-en-js":["/component---src-pages-contact-us-en-js-3c1275b42330e6dca809.js"],"component---src-pages-contact-us-js":["/component---src-pages-contact-us-js-c3dbdf58398dbf191ef1.js"],"component---src-pages-index-ar-js":["/component---src-pages-index-ar-js-8095eb996d122bc1e6a5.js"],"component---src-pages-index-en-js":["/component---src-pages-index-en-js-d05b36c823b1c15eb8b6.js"],"component---src-pages-index-js":["/component---src-pages-index-js-768a4ee0f94a67978648.js"],"component---src-pages-individuals-login-ar-js":["/component---src-pages-individuals-login-ar-js-f52bed13346c4d548b46.js"],"component---src-pages-individuals-login-en-js":["/component---src-pages-individuals-login-en-js-af36120a782eecc2629c.js"],"component---src-pages-individuals-login-js":["/component---src-pages-individuals-login-js-600ee2c45214c7286f5a.js"],"component---src-pages-investment-banking-ar-js":["/component---src-pages-investment-banking-ar-js-7037779c9648d30e467c.js"],"component---src-pages-investment-banking-en-js":["/component---src-pages-investment-banking-en-js-3350a3249bc0b22de7ae.js"],"component---src-pages-investment-banking-js":["/component---src-pages-investment-banking-js-bdc79cccacf02d2cf7da.js"],"component---src-pages-management-team-ar-js":["/component---src-pages-management-team-ar-js-420d09abe9ff28d8d0be.js"],"component---src-pages-management-team-en-js":["/component---src-pages-management-team-en-js-4a110be99b5e338e0d4e.js"],"component---src-pages-management-team-jsx":["/component---src-pages-management-team-jsx-7e1803c38f3cd4b7fe26.js"],"component---src-pages-management-team-templet-ar-js":["/component---src-pages-management-team-templet-ar-js-f10e1f13ddfac0c63126.js"],"component---src-pages-management-team-templet-en-js":["/component---src-pages-management-team-templet-en-js-1c85e4a83f309a8fafc7.js"],"component---src-pages-management-team-templet-js":["/component---src-pages-management-team-templet-js-8ce21feda19086c4a640.js"],"component---src-pages-page-2-js":["/component---src-pages-page-2-js-53c42ef428a52d9ec52c.js"],"component---src-pages-reports-ar-js":["/component---src-pages-reports-ar-js-2db81d9d93dd327a83ac.js"],"component---src-pages-reports-en-js":["/component---src-pages-reports-en-js-752bfe9401cd0fee946b.js"],"component---src-pages-reports-jsx":["/component---src-pages-reports-jsx-c3d7a0b8324d99b0dffb.js"],"component---src-pages-shariyah-review-ar-js":["/component---src-pages-shariyah-review-ar-js-42205ae3c25f3360a71d.js"],"component---src-pages-shariyah-review-en-js":["/component---src-pages-shariyah-review-en-js-04782eabcdb0b4d34a65.js"],"component---src-pages-shariyah-review-js":["/component---src-pages-shariyah-review-js-61ed3197375079d8f9bd.js"],"component---src-pages-team-js":["/component---src-pages-team-js-e43b4b8f08cc8035a00d.js"],"component---src-pages-using-ssr-js":["/component---src-pages-using-ssr-js-5d4f0f1146d53c751213.js"],"component---src-pages-using-typescript-tsx":["/component---src-pages-using-typescript-tsx-ba949aec5ca36c3a6080.js"]}