{"app":["/app-a2418ba473a83e239de6.js"],"component---src-pages-404-js":["/component---src-pages-404-js-2166161bf7e3a7a35602.js"],"component---src-pages-about-us-ar-js":["/component---src-pages-about-us-ar-js-2965a46640db1219c4ab.js"],"component---src-pages-about-us-en-js":["/component---src-pages-about-us-en-js-9f22715abdb0fc065a4f.js"],"component---src-pages-about-us-js":["/component---src-pages-about-us-js-2ac5ae98f63d4f5b1345.js"],"component---src-pages-advisory-research-ar-js":["/component---src-pages-advisory-research-ar-js-16567e4a9c632c080949.js"],"component---src-pages-advisory-research-en-js":["/component---src-pages-advisory-research-en-js-fa101b5f0e09a18d608e.js"],"component---src-pages-advisory-research-js":["/component---src-pages-advisory-research-js-4959714aeaad41a5fc63.js"],"component---src-pages-announcements-ar-js":["/component---src-pages-announcements-ar-js-2144416556ad134c5054.js"],"component---src-pages-announcements-en-js":["/component---src-pages-announcements-en-js-c710d377fa5944367d2c.js"],"component---src-pages-announcements-jsx":["/component---src-pages-announcements-jsx-0e2768ecdcd90f137d55.js"],"component---src-pages-asset-management-ar-js":["/component---src-pages-asset-management-ar-js-210aa948d004cf2a4d42.js"],"component---src-pages-asset-management-en-js":["/component---src-pages-asset-management-en-js-bbe33f8752257186f5b4.js"],"component---src-pages-asset-management-js":["/component---src-pages-asset-management-js-144bb4420057e1b8b8bc.js"],"component---src-pages-board-ar-js":["/component---src-pages-board-ar-js-4a12ae285bc316331829.js"],"component---src-pages-board-directors-ar-js":["/component---src-pages-board-directors-ar-js-7f03b5f80bc6789aa134.js"],"component---src-pages-board-directors-en-js":["/component---src-pages-board-directors-en-js-0a14dd67c547975f9a77.js"],"component---src-pages-board-directors-js":["/component---src-pages-board-directors-js-97f6398ef015a8d3ae04.js"],"component---src-pages-board-en-js":["/component---src-pages-board-en-js-c33ea87071701fba8c4e.js"],"component---src-pages-board-js":["/component---src-pages-board-js-3d2181a80e2345d634ed.js"],"component---src-pages-client-awareness-ar-js":["/component---src-pages-client-awareness-ar-js-80d45dc2dade83a8822d.js"],"component---src-pages-client-awareness-en-js":["/component---src-pages-client-awareness-en-js-7492ea2e58d2c578202b.js"],"component---src-pages-client-awareness-js":["/component---src-pages-client-awareness-js-5c024e82ac187c5dddd3.js"],"component---src-pages-companies-login-ar-js":["/component---src-pages-companies-login-ar-js-8b47b9b607e114fa3c76.js"],"component---src-pages-companies-login-en-js":["/component---src-pages-companies-login-en-js-97aeb64c4b29b79734d6.js"],"component---src-pages-companies-login-js":["/component---src-pages-companies-login-js-cf34c689d1359866567b.js"],"component---src-pages-conservation-services-ar-js":["/component---src-pages-conservation-services-ar-js-c60bf24b714693b88e40.js"],"component---src-pages-conservation-services-en-js":["/component---src-pages-conservation-services-en-js-8d8fff45fe6074a3c117.js"],"component---src-pages-conservation-services-js":["/component---src-pages-conservation-services-js-3400e4198c1d7a3edb33.js"],"component---src-pages-contact-us-ar-js":["/component---src-pages-contact-us-ar-js-ea5deefc41401638d9d9.js"],"component---src-pages-contact-us-en-js":["/component---src-pages-contact-us-en-js-a7adf773e10e102f63f0.js"],"component---src-pages-contact-us-js":["/component---src-pages-contact-us-js-2b979fd4a8a1b5b4474c.js"],"component---src-pages-index-ar-js":["/component---src-pages-index-ar-js-6a268e96b5b23388a915.js"],"component---src-pages-index-en-js":["/component---src-pages-index-en-js-ff603df990785827e048.js"],"component---src-pages-index-js":["/component---src-pages-index-js-cd1071c08be9b36f74ec.js"],"component---src-pages-individuals-login-ar-js":["/component---src-pages-individuals-login-ar-js-fdf879e8b6b516539245.js"],"component---src-pages-individuals-login-en-js":["/component---src-pages-individuals-login-en-js-8273dc1c34858d768b13.js"],"component---src-pages-individuals-login-js":["/component---src-pages-individuals-login-js-3aed7b03b839a3a34949.js"],"component---src-pages-investment-banking-ar-js":["/component---src-pages-investment-banking-ar-js-b2eb82b99206802d6fb6.js"],"component---src-pages-investment-banking-en-js":["/component---src-pages-investment-banking-en-js-977ba086127e7caddb7b.js"],"component---src-pages-investment-banking-js":["/component---src-pages-investment-banking-js-e0fd021c3c7e708e8f91.js"],"component---src-pages-management-team-ar-js":["/component---src-pages-management-team-ar-js-8f422233287bd9a9f830.js"],"component---src-pages-management-team-en-js":["/component---src-pages-management-team-en-js-ffd3baf917cc1ee86e09.js"],"component---src-pages-management-team-jsx":["/component---src-pages-management-team-jsx-e5fc7671a83bb657d6d9.js"],"component---src-pages-management-team-templet-ar-js":["/component---src-pages-management-team-templet-ar-js-ce6c0081c92596cb5b00.js"],"component---src-pages-management-team-templet-en-js":["/component---src-pages-management-team-templet-en-js-8a1b3bd7fbdb96b20c18.js"],"component---src-pages-management-team-templet-js":["/component---src-pages-management-team-templet-js-cb51bb1ec368bfd691ff.js"],"component---src-pages-page-2-js":["/component---src-pages-page-2-js-1f27fe1bad4450d6d1f4.js"],"component---src-pages-reports-ar-js":["/component---src-pages-reports-ar-js-d75cc958c3cc2ce5155e.js"],"component---src-pages-reports-en-js":["/component---src-pages-reports-en-js-77fa8a07d314792a3419.js"],"component---src-pages-reports-jsx":["/component---src-pages-reports-jsx-f140fe19bbebbad57e20.js"],"component---src-pages-shariyah-review-ar-js":["/component---src-pages-shariyah-review-ar-js-7ebe3d46519ec4d6972b.js"],"component---src-pages-shariyah-review-en-js":["/component---src-pages-shariyah-review-en-js-d91caf16cf3e390530c0.js"],"component---src-pages-shariyah-review-js":["/component---src-pages-shariyah-review-js-602bd8863abff14d354e.js"],"component---src-pages-team-js":["/component---src-pages-team-js-b3aec4aec4f374bc3be8.js"],"component---src-pages-using-ssr-js":["/component---src-pages-using-ssr-js-98baa80659336d1fb145.js"],"component---src-pages-using-typescript-tsx":["/component---src-pages-using-typescript-tsx-1796e9941a43d491ebe5.js"]}