{"app":["/app-4d8ca04576bff00d8c31.js"],"component---src-pages-404-js":["/component---src-pages-404-js-c397fa8684089178ff19.js"],"component---src-pages-about-us-ar-js":["/component---src-pages-about-us-ar-js-d92f1e7faae7a97b00cd.js"],"component---src-pages-about-us-en-js":["/component---src-pages-about-us-en-js-ab69ce6760432692d874.js"],"component---src-pages-about-us-js":["/component---src-pages-about-us-js-67bbf22565d1ec13611e.js"],"component---src-pages-advisory-research-ar-js":["/component---src-pages-advisory-research-ar-js-568f20781d0406196d8b.js"],"component---src-pages-advisory-research-en-js":["/component---src-pages-advisory-research-en-js-f2be4e60aaab182e1431.js"],"component---src-pages-advisory-research-js":["/component---src-pages-advisory-research-js-783e37a005527dec05ed.js"],"component---src-pages-announcements-ar-js":["/component---src-pages-announcements-ar-js-d5f8a31d3b7413a0bb21.js"],"component---src-pages-announcements-en-js":["/component---src-pages-announcements-en-js-84c66d2e2540ef665d59.js"],"component---src-pages-announcements-jsx":["/component---src-pages-announcements-jsx-c85a73a855e53369013e.js"],"component---src-pages-asset-management-ar-js":["/component---src-pages-asset-management-ar-js-0720b40417e5a483ba00.js"],"component---src-pages-asset-management-en-js":["/component---src-pages-asset-management-en-js-ff76a018aeed60e7c8bd.js"],"component---src-pages-asset-management-js":["/component---src-pages-asset-management-js-8ff0d3ec9a996bb95277.js"],"component---src-pages-board-ar-js":["/component---src-pages-board-ar-js-6712ee3274b76e02e8f2.js"],"component---src-pages-board-directors-ar-js":["/component---src-pages-board-directors-ar-js-6f809690ae9b5fe216d4.js"],"component---src-pages-board-directors-en-js":["/component---src-pages-board-directors-en-js-53897d697ffdc5a1ff2f.js"],"component---src-pages-board-directors-js":["/component---src-pages-board-directors-js-daf494a93739755c03b5.js"],"component---src-pages-board-en-js":["/component---src-pages-board-en-js-28711a5372c5a1280944.js"],"component---src-pages-board-js":["/component---src-pages-board-js-cdb5e9e2fae30d4a2abd.js"],"component---src-pages-client-awareness-ar-js":["/component---src-pages-client-awareness-ar-js-803ef7ff85198f90be29.js"],"component---src-pages-client-awareness-en-js":["/component---src-pages-client-awareness-en-js-f5ae1e6150a666731202.js"],"component---src-pages-client-awareness-js":["/component---src-pages-client-awareness-js-caced97cbce211d247eb.js"],"component---src-pages-companies-login-ar-js":["/component---src-pages-companies-login-ar-js-733f875a4c5200020cdb.js"],"component---src-pages-companies-login-en-js":["/component---src-pages-companies-login-en-js-d18dd1090276589d2e84.js"],"component---src-pages-companies-login-js":["/component---src-pages-companies-login-js-b40b409db405d69eb1de.js"],"component---src-pages-conservation-services-ar-js":["/component---src-pages-conservation-services-ar-js-6f8d2aac839568737940.js"],"component---src-pages-conservation-services-en-js":["/component---src-pages-conservation-services-en-js-97fadf0c006069ed87b6.js"],"component---src-pages-conservation-services-js":["/component---src-pages-conservation-services-js-345ea614699803b4d4c4.js"],"component---src-pages-contact-us-ar-js":["/component---src-pages-contact-us-ar-js-d9bbf2b093b81a0b46e5.js"],"component---src-pages-contact-us-en-js":["/component---src-pages-contact-us-en-js-3c1275b42330e6dca809.js"],"component---src-pages-contact-us-js":["/component---src-pages-contact-us-js-c3dbdf58398dbf191ef1.js"],"component---src-pages-index-ar-js":["/component---src-pages-index-ar-js-8095eb996d122bc1e6a5.js"],"component---src-pages-index-en-js":["/component---src-pages-index-en-js-d05b36c823b1c15eb8b6.js"],"component---src-pages-index-js":["/component---src-pages-index-js-768a4ee0f94a67978648.js"],"component---src-pages-individuals-login-ar-js":["/component---src-pages-individuals-login-ar-js-f52bed13346c4d548b46.js"],"component---src-pages-individuals-login-en-js":["/component---src-pages-individuals-login-en-js-af36120a782eecc2629c.js"],"component---src-pages-individuals-login-js":["/component---src-pages-individuals-login-js-bcfd4042586b0e67fcc0.js"],"component---src-pages-investment-banking-ar-js":["/component---src-pages-investment-banking-ar-js-cdfe8786dbbb46a5031e.js"],"component---src-pages-investment-banking-en-js":["/component---src-pages-investment-banking-en-js-28f5ad5b7e644a6d050b.js"],"component---src-pages-investment-banking-js":["/component---src-pages-investment-banking-js-f8edbee240824dc0b9e0.js"],"component---src-pages-management-team-ar-js":["/component---src-pages-management-team-ar-js-33a1251476e9fbcd8139.js"],"component---src-pages-management-team-en-js":["/component---src-pages-management-team-en-js-2848334b678e75746ef1.js"],"component---src-pages-management-team-jsx":["/component---src-pages-management-team-jsx-cf79624c3efc0d38db1a.js"],"component---src-pages-management-team-templet-ar-js":["/component---src-pages-management-team-templet-ar-js-4f0bc10be764d1d16328.js"],"component---src-pages-management-team-templet-en-js":["/component---src-pages-management-team-templet-en-js-6d68c5607d72d4ea340c.js"],"component---src-pages-management-team-templet-js":["/component---src-pages-management-team-templet-js-c8f24b80077f3db4e92c.js"],"component---src-pages-page-2-js":["/component---src-pages-page-2-js-53c42ef428a52d9ec52c.js"],"component---src-pages-reports-ar-js":["/component---src-pages-reports-ar-js-79f79d9b3d9e0eeb0cb2.js"],"component---src-pages-reports-en-js":["/component---src-pages-reports-en-js-a7c167a34ec79c7b6452.js"],"component---src-pages-reports-jsx":["/component---src-pages-reports-jsx-c838eb9fe3089318d1d5.js"],"component---src-pages-shariyah-review-ar-js":["/component---src-pages-shariyah-review-ar-js-42691bd4d478ac0cfd5a.js"],"component---src-pages-shariyah-review-en-js":["/component---src-pages-shariyah-review-en-js-b694d49d9c852771885e.js"],"component---src-pages-shariyah-review-js":["/component---src-pages-shariyah-review-js-eb76f66cad2c51399799.js"],"component---src-pages-team-js":["/component---src-pages-team-js-b279208a3780423a1295.js"],"component---src-pages-using-ssr-js":["/component---src-pages-using-ssr-js-5d4f0f1146d53c751213.js"],"component---src-pages-using-typescript-tsx":["/component---src-pages-using-typescript-tsx-ba949aec5ca36c3a6080.js"]}