{"app":["/app-ceaf5838a10b1a15e57d.js"],"component---src-pages-404-js":["/component---src-pages-404-js-967f67ac027206f3c7a2.js"],"component---src-pages-about-us-ar-js":["/component---src-pages-about-us-ar-js-552945c874481d10809a.js"],"component---src-pages-about-us-en-js":["/component---src-pages-about-us-en-js-dd89f049f29a8b6a4233.js"],"component---src-pages-about-us-js":["/component---src-pages-about-us-js-b5969badc762b72014d1.js"],"component---src-pages-advisory-research-ar-js":["/component---src-pages-advisory-research-ar-js-78c89d4b483adba70170.js"],"component---src-pages-advisory-research-en-js":["/component---src-pages-advisory-research-en-js-7a05c012f0bab022f2f5.js"],"component---src-pages-advisory-research-js":["/component---src-pages-advisory-research-js-27826827ec2804c9b8b3.js"],"component---src-pages-announcements-ar-js":["/component---src-pages-announcements-ar-js-ea52c79a56fed9dae7b7.js"],"component---src-pages-announcements-en-js":["/component---src-pages-announcements-en-js-9f3f82c71c1aad2aad6a.js"],"component---src-pages-announcements-jsx":["/component---src-pages-announcements-jsx-647ea9ec07c2aae3e017.js"],"component---src-pages-asset-management-ar-js":["/component---src-pages-asset-management-ar-js-383e2af9850261dcb044.js"],"component---src-pages-asset-management-en-js":["/component---src-pages-asset-management-en-js-f4d60373229b25509310.js"],"component---src-pages-asset-management-js":["/component---src-pages-asset-management-js-7ddd07a990db3c057460.js"],"component---src-pages-board-ar-js":["/component---src-pages-board-ar-js-61441ab5dfed116072a9.js"],"component---src-pages-board-directors-ar-js":["/component---src-pages-board-directors-ar-js-9e86c60e6ddfb3c244a0.js"],"component---src-pages-board-directors-en-js":["/component---src-pages-board-directors-en-js-a14e6f38f179c56b20a5.js"],"component---src-pages-board-directors-js":["/component---src-pages-board-directors-js-d88b0be124ad5c36efaf.js"],"component---src-pages-board-en-js":["/component---src-pages-board-en-js-73b23a85aadb784aa3da.js"],"component---src-pages-board-js":["/component---src-pages-board-js-f039b8e9f5251982f700.js"],"component---src-pages-client-awareness-ar-js":["/component---src-pages-client-awareness-ar-js-05030e0c8e07f40be17d.js"],"component---src-pages-client-awareness-en-js":["/component---src-pages-client-awareness-en-js-bc031a35c89b87027aec.js"],"component---src-pages-client-awareness-js":["/component---src-pages-client-awareness-js-ce4ae41790fa3b5fc4af.js"],"component---src-pages-companies-login-ar-js":["/component---src-pages-companies-login-ar-js-2ce4dedaa26c4c0fe103.js"],"component---src-pages-companies-login-en-js":["/component---src-pages-companies-login-en-js-d6835b46642b3f32ed56.js"],"component---src-pages-companies-login-js":["/component---src-pages-companies-login-js-75489b619e691741d7d8.js"],"component---src-pages-conservation-services-ar-js":["/component---src-pages-conservation-services-ar-js-9d29ed86eed5aaa249ea.js"],"component---src-pages-conservation-services-en-js":["/component---src-pages-conservation-services-en-js-307f7f3320dae4d69b84.js"],"component---src-pages-conservation-services-js":["/component---src-pages-conservation-services-js-c6047c61cd31570807c0.js"],"component---src-pages-contact-us-ar-js":["/component---src-pages-contact-us-ar-js-2b6bde541e50763fada5.js"],"component---src-pages-contact-us-en-js":["/component---src-pages-contact-us-en-js-7a235c018ad225325cbf.js"],"component---src-pages-contact-us-js":["/component---src-pages-contact-us-js-db8f6e5d08ab69092fa0.js"],"component---src-pages-index-ar-js":["/component---src-pages-index-ar-js-4414d93086cf4faecaaf.js"],"component---src-pages-index-en-js":["/component---src-pages-index-en-js-d4c7eecf67bc7d2cc0dc.js"],"component---src-pages-index-js":["/component---src-pages-index-js-23559798983afb9bdbc8.js"],"component---src-pages-individuals-login-ar-js":["/component---src-pages-individuals-login-ar-js-c6f22b7ee9afe63f1115.js"],"component---src-pages-individuals-login-en-js":["/component---src-pages-individuals-login-en-js-2fd826e76c6212b6b864.js"],"component---src-pages-individuals-login-js":["/component---src-pages-individuals-login-js-cdb27bcc63c59d6731f7.js"],"component---src-pages-investment-banking-ar-js":["/component---src-pages-investment-banking-ar-js-65795d147b07f7f4d23a.js"],"component---src-pages-investment-banking-en-js":["/component---src-pages-investment-banking-en-js-fcd51de25e576422fd35.js"],"component---src-pages-investment-banking-js":["/component---src-pages-investment-banking-js-7109e4af328cf6435712.js"],"component---src-pages-management-team-ar-js":["/component---src-pages-management-team-ar-js-7f6483e23e7897fc777e.js"],"component---src-pages-management-team-en-js":["/component---src-pages-management-team-en-js-1e36fa3d3368d29e2180.js"],"component---src-pages-management-team-jsx":["/component---src-pages-management-team-jsx-acd6a5b9d1fe19a5da4a.js"],"component---src-pages-management-team-templet-ar-js":["/component---src-pages-management-team-templet-ar-js-5a14f09272fcca6686a2.js"],"component---src-pages-management-team-templet-en-js":["/component---src-pages-management-team-templet-en-js-6b66443f11930b2ea376.js"],"component---src-pages-management-team-templet-js":["/component---src-pages-management-team-templet-js-60a7738c93107147098f.js"],"component---src-pages-page-2-js":["/component---src-pages-page-2-js-ee068121447879c79f17.js"],"component---src-pages-reports-ar-js":["/component---src-pages-reports-ar-js-cb410e0223978e75ed30.js"],"component---src-pages-reports-en-js":["/component---src-pages-reports-en-js-3e279e4277127e7fd5aa.js"],"component---src-pages-reports-jsx":["/component---src-pages-reports-jsx-634dbc8d7763f405bd6a.js"],"component---src-pages-shariyah-review-ar-js":["/component---src-pages-shariyah-review-ar-js-9edc65df97dccb68813d.js"],"component---src-pages-shariyah-review-en-js":["/component---src-pages-shariyah-review-en-js-65f8f833d43e3357327a.js"],"component---src-pages-shariyah-review-js":["/component---src-pages-shariyah-review-js-7df5ddf2ad9f97d2bc17.js"],"component---src-pages-team-js":["/component---src-pages-team-js-5959d2e3726384f8ceb4.js"],"component---src-pages-using-ssr-js":["/component---src-pages-using-ssr-js-f76f697c02734dcb9823.js"],"component---src-pages-using-typescript-tsx":["/component---src-pages-using-typescript-tsx-f022a706926a9b5c5002.js"]}