{"app":["/app-a6375688e3ef36ae8725.js"],"component---src-pages-404-js":["/component---src-pages-404-js-83c5f96db7dc5989b74b.js"],"component---src-pages-about-us-ar-js":["/component---src-pages-about-us-ar-js-e33206e0129d90654562.js"],"component---src-pages-about-us-en-js":["/component---src-pages-about-us-en-js-36b7e02b43246e7586f7.js"],"component---src-pages-about-us-js":["/component---src-pages-about-us-js-838d17dc662ef0ac29ba.js"],"component---src-pages-advisory-research-ar-js":["/component---src-pages-advisory-research-ar-js-7633f0684b47f59487c9.js"],"component---src-pages-advisory-research-en-js":["/component---src-pages-advisory-research-en-js-804ab741d197b3d1913d.js"],"component---src-pages-advisory-research-js":["/component---src-pages-advisory-research-js-57d6bc0c8a208e14d8dd.js"],"component---src-pages-announcements-ar-js":["/component---src-pages-announcements-ar-js-37543946137534cc2f96.js"],"component---src-pages-announcements-en-js":["/component---src-pages-announcements-en-js-abe88fbdbb4cd0072300.js"],"component---src-pages-announcements-jsx":["/component---src-pages-announcements-jsx-3c36cb9aeaef2a1746ae.js"],"component---src-pages-asset-management-ar-js":["/component---src-pages-asset-management-ar-js-30d9aed2b1d0503aa301.js"],"component---src-pages-asset-management-en-js":["/component---src-pages-asset-management-en-js-e88233c0808583d00733.js"],"component---src-pages-asset-management-js":["/component---src-pages-asset-management-js-d6777d0bf2213b76b909.js"],"component---src-pages-board-ar-js":["/component---src-pages-board-ar-js-7a28c8cb6be215a1128a.js"],"component---src-pages-board-directors-ar-js":["/component---src-pages-board-directors-ar-js-5a19d0347ed0ddc35ecb.js"],"component---src-pages-board-directors-en-js":["/component---src-pages-board-directors-en-js-332d702e1060ac1fabb3.js"],"component---src-pages-board-directors-js":["/component---src-pages-board-directors-js-6fe759c17da83e1149d1.js"],"component---src-pages-board-en-js":["/component---src-pages-board-en-js-8581d642acdc47809995.js"],"component---src-pages-board-js":["/component---src-pages-board-js-c6867581f8a71b57c2dd.js"],"component---src-pages-client-awareness-ar-js":["/component---src-pages-client-awareness-ar-js-1958a9eb0fd61a6e9f05.js"],"component---src-pages-client-awareness-en-js":["/component---src-pages-client-awareness-en-js-14e3de54f5cf76e82f20.js"],"component---src-pages-client-awareness-js":["/component---src-pages-client-awareness-js-a5af7d6c689d55d88037.js"],"component---src-pages-companies-login-ar-js":["/component---src-pages-companies-login-ar-js-48b5ba50da65f8ac0126.js"],"component---src-pages-companies-login-en-js":["/component---src-pages-companies-login-en-js-8ad8984f50742d36d0a3.js"],"component---src-pages-companies-login-js":["/component---src-pages-companies-login-js-06fda34a1f4c6da77c74.js"],"component---src-pages-conservation-services-ar-js":["/component---src-pages-conservation-services-ar-js-af348f15d1530bf797b5.js"],"component---src-pages-conservation-services-en-js":["/component---src-pages-conservation-services-en-js-ebfb2000b54b7de61a47.js"],"component---src-pages-conservation-services-js":["/component---src-pages-conservation-services-js-2c0d02eebced98c88b8b.js"],"component---src-pages-contact-us-ar-js":["/component---src-pages-contact-us-ar-js-d484c61efa7f0d5e3ad9.js"],"component---src-pages-contact-us-en-js":["/component---src-pages-contact-us-en-js-e2181929696818702fb4.js"],"component---src-pages-contact-us-js":["/component---src-pages-contact-us-js-18343bb96dfffec7336e.js"],"component---src-pages-index-ar-js":["/component---src-pages-index-ar-js-1f0a7132e6c9d65ad9ff.js"],"component---src-pages-index-en-js":["/component---src-pages-index-en-js-432414d2f9329b8dcdff.js"],"component---src-pages-index-js":["/component---src-pages-index-js-09c7a1fca7f8ad947488.js"],"component---src-pages-individuals-login-ar-js":["/component---src-pages-individuals-login-ar-js-92cbe40a67ad150a7235.js"],"component---src-pages-individuals-login-en-js":["/component---src-pages-individuals-login-en-js-e6648f2b6a51c60b143c.js"],"component---src-pages-individuals-login-js":["/component---src-pages-individuals-login-js-0d1d5f2d172551de1d1c.js"],"component---src-pages-investment-banking-ar-js":["/component---src-pages-investment-banking-ar-js-1a87ca496ae8dafad1a9.js"],"component---src-pages-investment-banking-en-js":["/component---src-pages-investment-banking-en-js-c2375c243d31da7fbfba.js"],"component---src-pages-investment-banking-js":["/component---src-pages-investment-banking-js-f8ddd2e1838d62ac3ef8.js"],"component---src-pages-management-team-ar-js":["/component---src-pages-management-team-ar-js-81032ab9feaf81746280.js"],"component---src-pages-management-team-en-js":["/component---src-pages-management-team-en-js-e84f9bd2e38ea82f8fae.js"],"component---src-pages-management-team-jsx":["/component---src-pages-management-team-jsx-1b4a5604cde380969c4a.js"],"component---src-pages-management-team-templet-ar-js":["/component---src-pages-management-team-templet-ar-js-358a8df74444fd9808ff.js"],"component---src-pages-management-team-templet-en-js":["/component---src-pages-management-team-templet-en-js-958f1339f5df0b111853.js"],"component---src-pages-management-team-templet-js":["/component---src-pages-management-team-templet-js-b13a4358e790cc95fc98.js"],"component---src-pages-page-2-js":["/component---src-pages-page-2-js-8fcdd89af4d0371985b8.js"],"component---src-pages-reports-ar-js":["/component---src-pages-reports-ar-js-0875966e9ca7dbc18875.js"],"component---src-pages-reports-en-js":["/component---src-pages-reports-en-js-52e8967353e4750210fb.js"],"component---src-pages-reports-jsx":["/component---src-pages-reports-jsx-abe8975fb18a68294b32.js"],"component---src-pages-shariyah-review-ar-js":["/component---src-pages-shariyah-review-ar-js-2596a49d2c27ef4fadb0.js"],"component---src-pages-shariyah-review-en-js":["/component---src-pages-shariyah-review-en-js-b2337558f8b173db1302.js"],"component---src-pages-shariyah-review-js":["/component---src-pages-shariyah-review-js-3da057046744330c1c37.js"],"component---src-pages-team-js":["/component---src-pages-team-js-6735639f426e2e70cb12.js"],"component---src-pages-using-ssr-js":["/component---src-pages-using-ssr-js-8912db9c6e5c2ee8a1b3.js"],"component---src-pages-using-typescript-tsx":["/component---src-pages-using-typescript-tsx-61022415b0f917146efd.js"]}