{"name":"build-javascript","namedChunkGroups":{"app":{"name":"app","assets":[{"name":"webpack-runtime-ee348438a2501b3bc379.js","size":9387},{"name":"framework-378481a856149b1b42f2.js","size":141440},{"name":"app-a6375688e3ef36ae8725.js","size":259010}],"filteredAssets":0,"assetsSize":409837,"filteredAuxiliaryAssets":3,"auxiliaryAssetsSize":905656},"component---src-pages-404-js":{"name":"component---src-pages-404-js","assets":[{"name":"framework-378481a856149b1b42f2.js","size":141440},{"name":"styles.450a0782bc5584cc818b.css","size":52134},{"name":"2fbf9dd2-99790b20efa6907a1c6f.js","size":335208},{"name":"commons-e7c1771242ca8836be08.js","size":107680},{"name":"component---src-pages-404-js-83c5f96db7dc5989b74b.js","size":756}],"filteredAssets":0,"assetsSize":637218,"filteredAuxiliaryAssets":6,"auxiliaryAssetsSize":1933047},"component---src-pages-about-us-ar-js":{"name":"component---src-pages-about-us-ar-js","assets":[{"name":"framework-378481a856149b1b42f2.js","size":141440},{"name":"styles.450a0782bc5584cc818b.css","size":52134},{"name":"2fbf9dd2-99790b20efa6907a1c6f.js","size":335208},{"name":"commons-e7c1771242ca8836be08.js","size":107680},{"name":"f8d05ade44e5af3dd411582230cc5c025e9f44ff-c57009d4f1669aeb4b7b.js","size":107753},{"name":"component---src-pages-about-us-ar-js-e33206e0129d90654562.js","size":10908}],"filteredAssets":0,"assetsSize":755123,"filteredAuxiliaryAssets":8,"auxiliaryAssetsSize":3970525},"component---src-pages-about-us-en-js":{"name":"component---src-pages-about-us-en-js","assets":[{"name":"framework-378481a856149b1b42f2.js","size":141440},{"name":"styles.450a0782bc5584cc818b.css","size":52134},{"name":"2fbf9dd2-99790b20efa6907a1c6f.js","size":335208},{"name":"commons-e7c1771242ca8836be08.js","size":107680},{"name":"f8d05ade44e5af3dd411582230cc5c025e9f44ff-c57009d4f1669aeb4b7b.js","size":107753},{"name":"component---src-pages-about-us-en-js-36b7e02b43246e7586f7.js","size":10909}],"filteredAssets":0,"assetsSize":755124,"filteredAuxiliaryAssets":8,"auxiliaryAssetsSize":3970525},"component---src-pages-about-us-js":{"name":"component---src-pages-about-us-js","assets":[{"name":"framework-378481a856149b1b42f2.js","size":141440},{"name":"styles.450a0782bc5584cc818b.css","size":52134},{"name":"2fbf9dd2-99790b20efa6907a1c6f.js","size":335208},{"name":"commons-e7c1771242ca8836be08.js","size":107680},{"name":"f8d05ade44e5af3dd411582230cc5c025e9f44ff-c57009d4f1669aeb4b7b.js","size":107753},{"name":"component---src-pages-about-us-js-838d17dc662ef0ac29ba.js","size":10906}],"filteredAssets":0,"assetsSize":755121,"filteredAuxiliaryAssets":8,"auxiliaryAssetsSize":3970519},"component---src-pages-advisory-research-ar-js":{"name":"component---src-pages-advisory-research-ar-js","assets":[{"name":"framework-378481a856149b1b42f2.js","size":141440},{"name":"styles.450a0782bc5584cc818b.css","size":52134},{"name":"2fbf9dd2-99790b20efa6907a1c6f.js","size":335208},{"name":"commons-e7c1771242ca8836be08.js","size":107680},{"name":"component---src-pages-advisory-research-ar-js-7633f0684b47f59487c9.js","size":3491}],"filteredAssets":0,"assetsSize":639953,"filteredAuxiliaryAssets":6,"auxiliaryAssetsSize":1940056},"component---src-pages-advisory-research-en-js":{"name":"component---src-pages-advisory-research-en-js","assets":[{"name":"framework-378481a856149b1b42f2.js","size":141440},{"name":"styles.450a0782bc5584cc818b.css","size":52134},{"name":"2fbf9dd2-99790b20efa6907a1c6f.js","size":335208},{"name":"commons-e7c1771242ca8836be08.js","size":107680},{"name":"component---src-pages-advisory-research-en-js-804ab741d197b3d1913d.js","size":3491}],"filteredAssets":0,"assetsSize":639953,"filteredAuxiliaryAssets":6,"auxiliaryAssetsSize":1940056},"component---src-pages-advisory-research-js":{"name":"component---src-pages-advisory-research-js","assets":[{"name":"framework-378481a856149b1b42f2.js","size":141440},{"name":"styles.450a0782bc5584cc818b.css","size":52134},{"name":"2fbf9dd2-99790b20efa6907a1c6f.js","size":335208},{"name":"commons-e7c1771242ca8836be08.js","size":107680},{"name":"component---src-pages-advisory-research-js-57d6bc0c8a208e14d8dd.js","size":3488}],"filteredAssets":0,"assetsSize":639950,"filteredAuxiliaryAssets":6,"auxiliaryAssetsSize":1940050},"component---src-pages-announcements-ar-js":{"name":"component---src-pages-announcements-ar-js","assets":[{"name":"framework-378481a856149b1b42f2.js","size":141440},{"name":"styles.450a0782bc5584cc818b.css","size":52134},{"name":"2fbf9dd2-99790b20efa6907a1c6f.js","size":335208},{"name":"commons-e7c1771242ca8836be08.js","size":107680},{"name":"component---src-pages-announcements-ar-js-37543946137534cc2f96.js","size":9818}],"filteredAssets":0,"assetsSize":646280,"filteredAuxiliaryAssets":6,"auxiliaryAssetsSize":1942582},"component---src-pages-announcements-en-js":{"name":"component---src-pages-announcements-en-js","assets":[{"name":"framework-378481a856149b1b42f2.js","size":141440},{"name":"styles.450a0782bc5584cc818b.css","size":52134},{"name":"2fbf9dd2-99790b20efa6907a1c6f.js","size":335208},{"name":"commons-e7c1771242ca8836be08.js","size":107680},{"name":"component---src-pages-announcements-en-js-abe88fbdbb4cd0072300.js","size":9818}],"filteredAssets":0,"assetsSize":646280,"filteredAuxiliaryAssets":6,"auxiliaryAssetsSize":1942582},"component---src-pages-announcements-jsx":{"name":"component---src-pages-announcements-jsx","assets":[{"name":"framework-378481a856149b1b42f2.js","size":141440},{"name":"styles.450a0782bc5584cc818b.css","size":52134},{"name":"2fbf9dd2-99790b20efa6907a1c6f.js","size":335208},{"name":"commons-e7c1771242ca8836be08.js","size":107680},{"name":"component---src-pages-announcements-jsx-3c36cb9aeaef2a1746ae.js","size":9814}],"filteredAssets":0,"assetsSize":646276,"filteredAuxiliaryAssets":6,"auxiliaryAssetsSize":1942578},"component---src-pages-asset-management-ar-js":{"name":"component---src-pages-asset-management-ar-js","assets":[{"name":"framework-378481a856149b1b42f2.js","size":141440},{"name":"styles.450a0782bc5584cc818b.css","size":52134},{"name":"2fbf9dd2-99790b20efa6907a1c6f.js","size":335208},{"name":"commons-e7c1771242ca8836be08.js","size":107680},{"name":"a6f2f626e93d4feae3cc5f3a3afa6ca74afad0f8-2cdbb31dd35814bcbb4e.js","size":93320},{"name":"7aa11da8b8b43e76aa809d7885adc74b7358a2ff-9dec8ff021b170522ac5.js","size":157560},{"name":"component---src-pages-asset-management-ar-js-30d9aed2b1d0503aa301.js","size":11589}],"filteredAssets":0,"assetsSize":898931,"filteredAuxiliaryAssets":8,"auxiliaryAssetsSize":2812900},"component---src-pages-asset-management-en-js":{"name":"component---src-pages-asset-management-en-js","assets":[{"name":"framework-378481a856149b1b42f2.js","size":141440},{"name":"styles.450a0782bc5584cc818b.css","size":52134},{"name":"2fbf9dd2-99790b20efa6907a1c6f.js","size":335208},{"name":"commons-e7c1771242ca8836be08.js","size":107680},{"name":"a6f2f626e93d4feae3cc5f3a3afa6ca74afad0f8-2cdbb31dd35814bcbb4e.js","size":93320},{"name":"7aa11da8b8b43e76aa809d7885adc74b7358a2ff-9dec8ff021b170522ac5.js","size":157560},{"name":"component---src-pages-asset-management-en-js-e88233c0808583d00733.js","size":11593}],"filteredAssets":0,"assetsSize":898935,"filteredAuxiliaryAssets":8,"auxiliaryAssetsSize":2812903},"component---src-pages-asset-management-js":{"name":"component---src-pages-asset-management-js","assets":[{"name":"framework-378481a856149b1b42f2.js","size":141440},{"name":"styles.450a0782bc5584cc818b.css","size":52134},{"name":"2fbf9dd2-99790b20efa6907a1c6f.js","size":335208},{"name":"commons-e7c1771242ca8836be08.js","size":107680},{"name":"a6f2f626e93d4feae3cc5f3a3afa6ca74afad0f8-2cdbb31dd35814bcbb4e.js","size":93320},{"name":"7aa11da8b8b43e76aa809d7885adc74b7358a2ff-9dec8ff021b170522ac5.js","size":157560},{"name":"component---src-pages-asset-management-js-d6777d0bf2213b76b909.js","size":30728}],"filteredAssets":0,"assetsSize":918070,"filteredAuxiliaryAssets":8,"auxiliaryAssetsSize":2814861},"component---src-pages-board-ar-js":{"name":"component---src-pages-board-ar-js","assets":[{"name":"framework-378481a856149b1b42f2.js","size":141440},{"name":"styles.450a0782bc5584cc818b.css","size":52134},{"name":"2fbf9dd2-99790b20efa6907a1c6f.js","size":335208},{"name":"commons-e7c1771242ca8836be08.js","size":107680},{"name":"component---src-pages-board-ar-js-7a28c8cb6be215a1128a.js","size":3605}],"filteredAssets":0,"assetsSize":640067,"filteredAuxiliaryAssets":6,"auxiliaryAssetsSize":1941223},"component---src-pages-board-directors-ar-js":{"name":"component---src-pages-board-directors-ar-js","assets":[{"name":"framework-378481a856149b1b42f2.js","size":141440},{"name":"styles.450a0782bc5584cc818b.css","size":52134},{"name":"2fbf9dd2-99790b20efa6907a1c6f.js","size":335208},{"name":"commons-e7c1771242ca8836be08.js","size":107680},{"name":"component---src-pages-board-directors-ar-js-5a19d0347ed0ddc35ecb.js","size":2003}],"filteredAssets":0,"assetsSize":638465,"filteredAuxiliaryAssets":6,"auxiliaryAssetsSize":1936659},"component---src-pages-board-directors-en-js":{"name":"component---src-pages-board-directors-en-js","assets":[{"name":"framework-378481a856149b1b42f2.js","size":141440},{"name":"styles.450a0782bc5584cc818b.css","size":52134},{"name":"2fbf9dd2-99790b20efa6907a1c6f.js","size":335208},{"name":"commons-e7c1771242ca8836be08.js","size":107680},{"name":"component---src-pages-board-directors-en-js-332d702e1060ac1fabb3.js","size":2002}],"filteredAssets":0,"assetsSize":638464,"filteredAuxiliaryAssets":6,"auxiliaryAssetsSize":1936659},"component---src-pages-board-directors-js":{"name":"component---src-pages-board-directors-js","assets":[{"name":"framework-378481a856149b1b42f2.js","size":141440},{"name":"styles.450a0782bc5584cc818b.css","size":52134},{"name":"2fbf9dd2-99790b20efa6907a1c6f.js","size":335208},{"name":"commons-e7c1771242ca8836be08.js","size":107680},{"name":"component---src-pages-board-directors-js-6fe759c17da83e1149d1.js","size":2035}],"filteredAssets":0,"assetsSize":638497,"filteredAuxiliaryAssets":6,"auxiliaryAssetsSize":1936797},"component---src-pages-board-en-js":{"name":"component---src-pages-board-en-js","assets":[{"name":"framework-378481a856149b1b42f2.js","size":141440},{"name":"styles.450a0782bc5584cc818b.css","size":52134},{"name":"2fbf9dd2-99790b20efa6907a1c6f.js","size":335208},{"name":"commons-e7c1771242ca8836be08.js","size":107680},{"name":"component---src-pages-board-en-js-8581d642acdc47809995.js","size":3605}],"filteredAssets":0,"assetsSize":640067,"filteredAuxiliaryAssets":6,"auxiliaryAssetsSize":1941223},"component---src-pages-board-js":{"name":"component---src-pages-board-js","assets":[{"name":"framework-378481a856149b1b42f2.js","size":141440},{"name":"styles.450a0782bc5584cc818b.css","size":52134},{"name":"2fbf9dd2-99790b20efa6907a1c6f.js","size":335208},{"name":"commons-e7c1771242ca8836be08.js","size":107680},{"name":"component---src-pages-board-js-c6867581f8a71b57c2dd.js","size":3515}],"filteredAssets":0,"assetsSize":639977,"filteredAuxiliaryAssets":6,"auxiliaryAssetsSize":1941003},"component---src-pages-client-awareness-ar-js":{"name":"component---src-pages-client-awareness-ar-js","assets":[{"name":"framework-378481a856149b1b42f2.js","size":141440},{"name":"styles.450a0782bc5584cc818b.css","size":52134},{"name":"2fbf9dd2-99790b20efa6907a1c6f.js","size":335208},{"name":"commons-e7c1771242ca8836be08.js","size":107680},{"name":"component---src-pages-client-awareness-ar-js-1958a9eb0fd61a6e9f05.js","size":3428}],"filteredAssets":0,"assetsSize":639890,"filteredAuxiliaryAssets":8,"auxiliaryAssetsSize":7654624},"component---src-pages-client-awareness-en-js":{"name":"component---src-pages-client-awareness-en-js","assets":[{"name":"framework-378481a856149b1b42f2.js","size":141440},{"name":"styles.450a0782bc5584cc818b.css","size":52134},{"name":"2fbf9dd2-99790b20efa6907a1c6f.js","size":335208},{"name":"commons-e7c1771242ca8836be08.js","size":107680},{"name":"component---src-pages-client-awareness-en-js-14e3de54f5cf76e82f20.js","size":3364}],"filteredAssets":0,"assetsSize":639826,"filteredAuxiliaryAssets":7,"auxiliaryAssetsSize":7227228},"component---src-pages-client-awareness-js":{"name":"component---src-pages-client-awareness-js","assets":[{"name":"framework-378481a856149b1b42f2.js","size":141440},{"name":"styles.450a0782bc5584cc818b.css","size":52134},{"name":"2fbf9dd2-99790b20efa6907a1c6f.js","size":335208},{"name":"commons-e7c1771242ca8836be08.js","size":107680},{"name":"component---src-pages-client-awareness-js-a5af7d6c689d55d88037.js","size":3361}],"filteredAssets":0,"assetsSize":639823,"filteredAuxiliaryAssets":7,"auxiliaryAssetsSize":7227222},"component---src-pages-companies-login-ar-js":{"name":"component---src-pages-companies-login-ar-js","assets":[{"name":"framework-378481a856149b1b42f2.js","size":141440},{"name":"styles.450a0782bc5584cc818b.css","size":52134},{"name":"2fbf9dd2-99790b20efa6907a1c6f.js","size":335208},{"name":"commons-e7c1771242ca8836be08.js","size":107680},{"name":"f8d05ade44e5af3dd411582230cc5c025e9f44ff-c57009d4f1669aeb4b7b.js","size":107753},{"name":"a6f2f626e93d4feae3cc5f3a3afa6ca74afad0f8-2cdbb31dd35814bcbb4e.js","size":93320},{"name":"component---src-pages-companies-login-ar-js-48b5ba50da65f8ac0126.js","size":45324}],"filteredAssets":0,"assetsSize":882859,"filteredAuxiliaryAssets":8,"auxiliaryAssetsSize":2733018},"component---src-pages-companies-login-en-js":{"name":"component---src-pages-companies-login-en-js","assets":[{"name":"framework-378481a856149b1b42f2.js","size":141440},{"name":"styles.450a0782bc5584cc818b.css","size":52134},{"name":"2fbf9dd2-99790b20efa6907a1c6f.js","size":335208},{"name":"commons-e7c1771242ca8836be08.js","size":107680},{"name":"f8d05ade44e5af3dd411582230cc5c025e9f44ff-c57009d4f1669aeb4b7b.js","size":107753},{"name":"a6f2f626e93d4feae3cc5f3a3afa6ca74afad0f8-2cdbb31dd35814bcbb4e.js","size":93320},{"name":"component---src-pages-companies-login-en-js-8ad8984f50742d36d0a3.js","size":45318}],"filteredAssets":0,"assetsSize":882853,"filteredAuxiliaryAssets":8,"auxiliaryAssetsSize":2733003},"component---src-pages-companies-login-js":{"name":"component---src-pages-companies-login-js","assets":[{"name":"framework-378481a856149b1b42f2.js","size":141440},{"name":"styles.450a0782bc5584cc818b.css","size":52134},{"name":"2fbf9dd2-99790b20efa6907a1c6f.js","size":335208},{"name":"commons-e7c1771242ca8836be08.js","size":107680},{"name":"f8d05ade44e5af3dd411582230cc5c025e9f44ff-c57009d4f1669aeb4b7b.js","size":107753},{"name":"a6f2f626e93d4feae3cc5f3a3afa6ca74afad0f8-2cdbb31dd35814bcbb4e.js","size":93320},{"name":"component---src-pages-companies-login-js-06fda34a1f4c6da77c74.js","size":45313}],"filteredAssets":0,"assetsSize":882848,"filteredAuxiliaryAssets":8,"auxiliaryAssetsSize":2732997},"component---src-pages-conservation-services-ar-js":{"name":"component---src-pages-conservation-services-ar-js","assets":[{"name":"framework-378481a856149b1b42f2.js","size":141440},{"name":"styles.450a0782bc5584cc818b.css","size":52134},{"name":"2fbf9dd2-99790b20efa6907a1c6f.js","size":335208},{"name":"commons-e7c1771242ca8836be08.js","size":107680},{"name":"component---src-pages-conservation-services-ar-js-af348f15d1530bf797b5.js","size":3060}],"filteredAssets":0,"assetsSize":639522,"filteredAuxiliaryAssets":6,"auxiliaryAssetsSize":1939885},"component---src-pages-conservation-services-en-js":{"name":"component---src-pages-conservation-services-en-js","assets":[{"name":"framework-378481a856149b1b42f2.js","size":141440},{"name":"styles.450a0782bc5584cc818b.css","size":52134},{"name":"2fbf9dd2-99790b20efa6907a1c6f.js","size":335208},{"name":"commons-e7c1771242ca8836be08.js","size":107680},{"name":"component---src-pages-conservation-services-en-js-ebfb2000b54b7de61a47.js","size":3060}],"filteredAssets":0,"assetsSize":639522,"filteredAuxiliaryAssets":6,"auxiliaryAssetsSize":1939885},"component---src-pages-conservation-services-js":{"name":"component---src-pages-conservation-services-js","assets":[{"name":"framework-378481a856149b1b42f2.js","size":141440},{"name":"styles.450a0782bc5584cc818b.css","size":52134},{"name":"2fbf9dd2-99790b20efa6907a1c6f.js","size":335208},{"name":"commons-e7c1771242ca8836be08.js","size":107680},{"name":"component---src-pages-conservation-services-js-2c0d02eebced98c88b8b.js","size":3056}],"filteredAssets":0,"assetsSize":639518,"filteredAuxiliaryAssets":6,"auxiliaryAssetsSize":1939879},"component---src-pages-contact-us-ar-js":{"name":"component---src-pages-contact-us-ar-js","assets":[{"name":"framework-378481a856149b1b42f2.js","size":141440},{"name":"styles.450a0782bc5584cc818b.css","size":52134},{"name":"2fbf9dd2-99790b20efa6907a1c6f.js","size":335208},{"name":"commons-e7c1771242ca8836be08.js","size":107680},{"name":"f8d05ade44e5af3dd411582230cc5c025e9f44ff-c57009d4f1669aeb4b7b.js","size":107753},{"name":"component---src-pages-contact-us-ar-js-d484c61efa7f0d5e3ad9.js","size":6881}],"filteredAssets":0,"assetsSize":751096,"filteredAuxiliaryAssets":8,"auxiliaryAssetsSize":3962204},"component---src-pages-contact-us-en-js":{"name":"component---src-pages-contact-us-en-js","assets":[{"name":"framework-378481a856149b1b42f2.js","size":141440},{"name":"styles.450a0782bc5584cc818b.css","size":52134},{"name":"2fbf9dd2-99790b20efa6907a1c6f.js","size":335208},{"name":"commons-e7c1771242ca8836be08.js","size":107680},{"name":"f8d05ade44e5af3dd411582230cc5c025e9f44ff-c57009d4f1669aeb4b7b.js","size":107753},{"name":"component---src-pages-contact-us-en-js-e2181929696818702fb4.js","size":6881}],"filteredAssets":0,"assetsSize":751096,"filteredAuxiliaryAssets":8,"auxiliaryAssetsSize":3962204},"component---src-pages-contact-us-js":{"name":"component---src-pages-contact-us-js","assets":[{"name":"framework-378481a856149b1b42f2.js","size":141440},{"name":"styles.450a0782bc5584cc818b.css","size":52134},{"name":"2fbf9dd2-99790b20efa6907a1c6f.js","size":335208},{"name":"commons-e7c1771242ca8836be08.js","size":107680},{"name":"f8d05ade44e5af3dd411582230cc5c025e9f44ff-c57009d4f1669aeb4b7b.js","size":107753},{"name":"component---src-pages-contact-us-js-18343bb96dfffec7336e.js","size":6672}],"filteredAssets":0,"assetsSize":750887,"filteredAuxiliaryAssets":8,"auxiliaryAssetsSize":3963194},"component---src-pages-index-ar-js":{"name":"component---src-pages-index-ar-js","assets":[{"name":"framework-378481a856149b1b42f2.js","size":141440},{"name":"styles.450a0782bc5584cc818b.css","size":52134},{"name":"2fbf9dd2-99790b20efa6907a1c6f.js","size":335208},{"name":"commons-e7c1771242ca8836be08.js","size":107680},{"name":"f8d05ade44e5af3dd411582230cc5c025e9f44ff-c57009d4f1669aeb4b7b.js","size":107753},{"name":"component---src-pages-index-ar-js-1f0a7132e6c9d65ad9ff.js","size":14300}],"filteredAssets":0,"assetsSize":758515,"filteredAuxiliaryAssets":8,"auxiliaryAssetsSize":3978173},"component---src-pages-index-en-js":{"name":"component---src-pages-index-en-js","assets":[{"name":"framework-378481a856149b1b42f2.js","size":141440},{"name":"styles.450a0782bc5584cc818b.css","size":52134},{"name":"2fbf9dd2-99790b20efa6907a1c6f.js","size":335208},{"name":"commons-e7c1771242ca8836be08.js","size":107680},{"name":"f8d05ade44e5af3dd411582230cc5c025e9f44ff-c57009d4f1669aeb4b7b.js","size":107753},{"name":"component---src-pages-index-en-js-432414d2f9329b8dcdff.js","size":14305}],"filteredAssets":0,"assetsSize":758520,"filteredAuxiliaryAssets":8,"auxiliaryAssetsSize":3978185},"component---src-pages-index-js":{"name":"component---src-pages-index-js","assets":[{"name":"framework-378481a856149b1b42f2.js","size":141440},{"name":"styles.450a0782bc5584cc818b.css","size":52134},{"name":"2fbf9dd2-99790b20efa6907a1c6f.js","size":335208},{"name":"commons-e7c1771242ca8836be08.js","size":107680},{"name":"f8d05ade44e5af3dd411582230cc5c025e9f44ff-c57009d4f1669aeb4b7b.js","size":107753},{"name":"component---src-pages-index-js-09c7a1fca7f8ad947488.js","size":14355}],"filteredAssets":0,"assetsSize":758570,"filteredAuxiliaryAssets":8,"auxiliaryAssetsSize":3978292},"component---src-pages-individuals-login-ar-js":{"name":"component---src-pages-individuals-login-ar-js","assets":[{"name":"framework-378481a856149b1b42f2.js","size":141440},{"name":"styles.450a0782bc5584cc818b.css","size":52134},{"name":"2fbf9dd2-99790b20efa6907a1c6f.js","size":335208},{"name":"commons-e7c1771242ca8836be08.js","size":107680},{"name":"f8d05ade44e5af3dd411582230cc5c025e9f44ff-c57009d4f1669aeb4b7b.js","size":107753},{"name":"a6f2f626e93d4feae3cc5f3a3afa6ca74afad0f8-2cdbb31dd35814bcbb4e.js","size":93320},{"name":"component---src-pages-individuals-login-ar-js-92cbe40a67ad150a7235.js","size":58715}],"filteredAssets":0,"assetsSize":896250,"filteredAuxiliaryAssets":8,"auxiliaryAssetsSize":2761657},"component---src-pages-individuals-login-en-js":{"name":"component---src-pages-individuals-login-en-js","assets":[{"name":"framework-378481a856149b1b42f2.js","size":141440},{"name":"styles.450a0782bc5584cc818b.css","size":52134},{"name":"2fbf9dd2-99790b20efa6907a1c6f.js","size":335208},{"name":"commons-e7c1771242ca8836be08.js","size":107680},{"name":"f8d05ade44e5af3dd411582230cc5c025e9f44ff-c57009d4f1669aeb4b7b.js","size":107753},{"name":"a6f2f626e93d4feae3cc5f3a3afa6ca74afad0f8-2cdbb31dd35814bcbb4e.js","size":93320},{"name":"component---src-pages-individuals-login-en-js-e6648f2b6a51c60b143c.js","size":58715}],"filteredAssets":0,"assetsSize":896250,"filteredAuxiliaryAssets":8,"auxiliaryAssetsSize":2761657},"component---src-pages-individuals-login-js":{"name":"component---src-pages-individuals-login-js","assets":[{"name":"framework-378481a856149b1b42f2.js","size":141440},{"name":"styles.450a0782bc5584cc818b.css","size":52134},{"name":"2fbf9dd2-99790b20efa6907a1c6f.js","size":335208},{"name":"commons-e7c1771242ca8836be08.js","size":107680},{"name":"f8d05ade44e5af3dd411582230cc5c025e9f44ff-c57009d4f1669aeb4b7b.js","size":107753},{"name":"a6f2f626e93d4feae3cc5f3a3afa6ca74afad0f8-2cdbb31dd35814bcbb4e.js","size":93320},{"name":"component---src-pages-individuals-login-js-0d1d5f2d172551de1d1c.js","size":58718}],"filteredAssets":0,"assetsSize":896253,"filteredAuxiliaryAssets":8,"auxiliaryAssetsSize":2761669},"component---src-pages-investment-banking-ar-js":{"name":"component---src-pages-investment-banking-ar-js","assets":[{"name":"framework-378481a856149b1b42f2.js","size":141440},{"name":"styles.450a0782bc5584cc818b.css","size":52134},{"name":"2fbf9dd2-99790b20efa6907a1c6f.js","size":335208},{"name":"commons-e7c1771242ca8836be08.js","size":107680},{"name":"aacaddfe3b066d75fafc0dccdb0c3aa774b588cf-b31737187ea75dfb346a.js","size":9021},{"name":"component---src-pages-investment-banking-ar-js-1a87ca496ae8dafad1a9.js","size":8333}],"filteredAssets":0,"assetsSize":653816,"filteredAuxiliaryAssets":7,"auxiliaryAssetsSize":1973816},"component---src-pages-investment-banking-en-js":{"name":"component---src-pages-investment-banking-en-js","assets":[{"name":"framework-378481a856149b1b42f2.js","size":141440},{"name":"styles.450a0782bc5584cc818b.css","size":52134},{"name":"2fbf9dd2-99790b20efa6907a1c6f.js","size":335208},{"name":"commons-e7c1771242ca8836be08.js","size":107680},{"name":"aacaddfe3b066d75fafc0dccdb0c3aa774b588cf-b31737187ea75dfb346a.js","size":9021},{"name":"component---src-pages-investment-banking-en-js-c2375c243d31da7fbfba.js","size":8334}],"filteredAssets":0,"assetsSize":653817,"filteredAuxiliaryAssets":7,"auxiliaryAssetsSize":1973816},"component---src-pages-investment-banking-js":{"name":"component---src-pages-investment-banking-js","assets":[{"name":"framework-378481a856149b1b42f2.js","size":141440},{"name":"styles.450a0782bc5584cc818b.css","size":52134},{"name":"2fbf9dd2-99790b20efa6907a1c6f.js","size":335208},{"name":"commons-e7c1771242ca8836be08.js","size":107680},{"name":"aacaddfe3b066d75fafc0dccdb0c3aa774b588cf-b31737187ea75dfb346a.js","size":9021},{"name":"component---src-pages-investment-banking-js-f8ddd2e1838d62ac3ef8.js","size":3031}],"filteredAssets":0,"assetsSize":648514,"filteredAuxiliaryAssets":7,"auxiliaryAssetsSize":1969357},"component---src-pages-management-team-ar-js":{"name":"component---src-pages-management-team-ar-js","assets":[{"name":"framework-378481a856149b1b42f2.js","size":141440},{"name":"styles.450a0782bc5584cc818b.css","size":52134},{"name":"2fbf9dd2-99790b20efa6907a1c6f.js","size":335208},{"name":"commons-e7c1771242ca8836be08.js","size":107680},{"name":"component---src-pages-management-team-ar-js-81032ab9feaf81746280.js","size":3667}],"filteredAssets":0,"assetsSize":640129,"filteredAuxiliaryAssets":6,"auxiliaryAssetsSize":1940933},"component---src-pages-management-team-en-js":{"name":"component---src-pages-management-team-en-js","assets":[{"name":"framework-378481a856149b1b42f2.js","size":141440},{"name":"styles.450a0782bc5584cc818b.css","size":52134},{"name":"2fbf9dd2-99790b20efa6907a1c6f.js","size":335208},{"name":"commons-e7c1771242ca8836be08.js","size":107680},{"name":"component---src-pages-management-team-en-js-e84f9bd2e38ea82f8fae.js","size":3667}],"filteredAssets":0,"assetsSize":640129,"filteredAuxiliaryAssets":6,"auxiliaryAssetsSize":1940933},"component---src-pages-management-team-jsx":{"name":"component---src-pages-management-team-jsx","assets":[{"name":"framework-378481a856149b1b42f2.js","size":141440},{"name":"styles.450a0782bc5584cc818b.css","size":52134},{"name":"2fbf9dd2-99790b20efa6907a1c6f.js","size":335208},{"name":"commons-e7c1771242ca8836be08.js","size":107680},{"name":"component---src-pages-management-team-jsx-1b4a5604cde380969c4a.js","size":3667}],"filteredAssets":0,"assetsSize":640129,"filteredAuxiliaryAssets":6,"auxiliaryAssetsSize":1940944},"component---src-pages-management-team-templet-ar-js":{"name":"component---src-pages-management-team-templet-ar-js","assets":[{"name":"framework-378481a856149b1b42f2.js","size":141440},{"name":"styles.450a0782bc5584cc818b.css","size":52134},{"name":"2fbf9dd2-99790b20efa6907a1c6f.js","size":335208},{"name":"commons-e7c1771242ca8836be08.js","size":107680},{"name":"component---src-pages-management-team-templet-ar-js-358a8df74444fd9808ff.js","size":3272}],"filteredAssets":0,"assetsSize":639734,"filteredAuxiliaryAssets":6,"auxiliaryAssetsSize":1940632},"component---src-pages-management-team-templet-en-js":{"name":"component---src-pages-management-team-templet-en-js","assets":[{"name":"framework-378481a856149b1b42f2.js","size":141440},{"name":"styles.450a0782bc5584cc818b.css","size":52134},{"name":"2fbf9dd2-99790b20efa6907a1c6f.js","size":335208},{"name":"commons-e7c1771242ca8836be08.js","size":107680},{"name":"component---src-pages-management-team-templet-en-js-958f1339f5df0b111853.js","size":3271}],"filteredAssets":0,"assetsSize":639733,"filteredAuxiliaryAssets":6,"auxiliaryAssetsSize":1940632},"component---src-pages-management-team-templet-js":{"name":"component---src-pages-management-team-templet-js","assets":[{"name":"framework-378481a856149b1b42f2.js","size":141440},{"name":"styles.450a0782bc5584cc818b.css","size":52134},{"name":"2fbf9dd2-99790b20efa6907a1c6f.js","size":335208},{"name":"commons-e7c1771242ca8836be08.js","size":107680},{"name":"component---src-pages-management-team-templet-js-b13a4358e790cc95fc98.js","size":3269}],"filteredAssets":0,"assetsSize":639731,"filteredAuxiliaryAssets":6,"auxiliaryAssetsSize":1940626},"component---src-pages-page-2-js":{"name":"component---src-pages-page-2-js","assets":[{"name":"framework-378481a856149b1b42f2.js","size":141440},{"name":"styles.450a0782bc5584cc818b.css","size":52134},{"name":"2fbf9dd2-99790b20efa6907a1c6f.js","size":335208},{"name":"commons-e7c1771242ca8836be08.js","size":107680},{"name":"component---src-pages-page-2-js-8fcdd89af4d0371985b8.js","size":555}],"filteredAssets":0,"assetsSize":637017,"filteredAuxiliaryAssets":6,"auxiliaryAssetsSize":1932697},"component---src-pages-reports-ar-js":{"name":"component---src-pages-reports-ar-js","assets":[{"name":"framework-378481a856149b1b42f2.js","size":141440},{"name":"styles.450a0782bc5584cc818b.css","size":52134},{"name":"2fbf9dd2-99790b20efa6907a1c6f.js","size":335208},{"name":"commons-e7c1771242ca8836be08.js","size":107680},{"name":"a6f2f626e93d4feae3cc5f3a3afa6ca74afad0f8-2cdbb31dd35814bcbb4e.js","size":93320},{"name":"component---src-pages-reports-ar-js-0875966e9ca7dbc18875.js","size":7281}],"filteredAssets":0,"assetsSize":737063,"filteredAuxiliaryAssets":7,"auxiliaryAssetsSize":2413900},"component---src-pages-reports-en-js":{"name":"component---src-pages-reports-en-js","assets":[{"name":"framework-378481a856149b1b42f2.js","size":141440},{"name":"styles.450a0782bc5584cc818b.css","size":52134},{"name":"2fbf9dd2-99790b20efa6907a1c6f.js","size":335208},{"name":"commons-e7c1771242ca8836be08.js","size":107680},{"name":"a6f2f626e93d4feae3cc5f3a3afa6ca74afad0f8-2cdbb31dd35814bcbb4e.js","size":93320},{"name":"component---src-pages-reports-en-js-52e8967353e4750210fb.js","size":7281}],"filteredAssets":0,"assetsSize":737063,"filteredAuxiliaryAssets":7,"auxiliaryAssetsSize":2413900},"component---src-pages-reports-jsx":{"name":"component---src-pages-reports-jsx","assets":[{"name":"framework-378481a856149b1b42f2.js","size":141440},{"name":"styles.450a0782bc5584cc818b.css","size":52134},{"name":"2fbf9dd2-99790b20efa6907a1c6f.js","size":335208},{"name":"commons-e7c1771242ca8836be08.js","size":107680},{"name":"a6f2f626e93d4feae3cc5f3a3afa6ca74afad0f8-2cdbb31dd35814bcbb4e.js","size":93320},{"name":"component---src-pages-reports-jsx-abe8975fb18a68294b32.js","size":11739}],"filteredAssets":0,"assetsSize":741521,"filteredAuxiliaryAssets":7,"auxiliaryAssetsSize":2414949},"component---src-pages-shariyah-review-ar-js":{"name":"component---src-pages-shariyah-review-ar-js","assets":[{"name":"framework-378481a856149b1b42f2.js","size":141440},{"name":"styles.450a0782bc5584cc818b.css","size":52134},{"name":"2fbf9dd2-99790b20efa6907a1c6f.js","size":335208},{"name":"commons-e7c1771242ca8836be08.js","size":107680},{"name":"component---src-pages-shariyah-review-ar-js-2596a49d2c27ef4fadb0.js","size":4071}],"filteredAssets":0,"assetsSize":640533,"filteredAuxiliaryAssets":6,"auxiliaryAssetsSize":1941377},"component---src-pages-shariyah-review-en-js":{"name":"component---src-pages-shariyah-review-en-js","assets":[{"name":"framework-378481a856149b1b42f2.js","size":141440},{"name":"styles.450a0782bc5584cc818b.css","size":52134},{"name":"2fbf9dd2-99790b20efa6907a1c6f.js","size":335208},{"name":"commons-e7c1771242ca8836be08.js","size":107680},{"name":"component---src-pages-shariyah-review-en-js-b2337558f8b173db1302.js","size":4071}],"filteredAssets":0,"assetsSize":640533,"filteredAuxiliaryAssets":6,"auxiliaryAssetsSize":1941377},"component---src-pages-shariyah-review-js":{"name":"component---src-pages-shariyah-review-js","assets":[{"name":"framework-378481a856149b1b42f2.js","size":141440},{"name":"styles.450a0782bc5584cc818b.css","size":52134},{"name":"2fbf9dd2-99790b20efa6907a1c6f.js","size":335208},{"name":"commons-e7c1771242ca8836be08.js","size":107680},{"name":"component---src-pages-shariyah-review-js-3da057046744330c1c37.js","size":4068}],"filteredAssets":0,"assetsSize":640530,"filteredAuxiliaryAssets":6,"auxiliaryAssetsSize":1941371},"component---src-pages-team-js":{"name":"component---src-pages-team-js","assets":[{"name":"framework-378481a856149b1b42f2.js","size":141440},{"name":"styles.450a0782bc5584cc818b.css","size":52134},{"name":"2fbf9dd2-99790b20efa6907a1c6f.js","size":335208},{"name":"commons-e7c1771242ca8836be08.js","size":107680},{"name":"component---src-pages-team-js-6735639f426e2e70cb12.js","size":3152}],"filteredAssets":0,"assetsSize":639614,"filteredAuxiliaryAssets":6,"auxiliaryAssetsSize":1940775},"component---src-pages-using-ssr-js":{"name":"component---src-pages-using-ssr-js","assets":[{"name":"framework-378481a856149b1b42f2.js","size":141440},{"name":"styles.450a0782bc5584cc818b.css","size":52134},{"name":"2fbf9dd2-99790b20efa6907a1c6f.js","size":335208},{"name":"commons-e7c1771242ca8836be08.js","size":107680},{"name":"component---src-pages-using-ssr-js-8912db9c6e5c2ee8a1b3.js","size":1137}],"filteredAssets":0,"assetsSize":637599,"filteredAuxiliaryAssets":6,"auxiliaryAssetsSize":1934136},"component---src-pages-using-typescript-tsx":{"name":"component---src-pages-using-typescript-tsx","assets":[{"name":"framework-378481a856149b1b42f2.js","size":141440},{"name":"styles.450a0782bc5584cc818b.css","size":52134},{"name":"2fbf9dd2-99790b20efa6907a1c6f.js","size":335208},{"name":"commons-e7c1771242ca8836be08.js","size":107680},{"name":"component---src-pages-using-typescript-tsx-61022415b0f917146efd.js","size":1468}],"filteredAssets":0,"assetsSize":637930,"filteredAuxiliaryAssets":6,"auxiliaryAssetsSize":1934413}},"assetsByChunkName":{"app":["webpack-runtime-ee348438a2501b3bc379.js","framework-378481a856149b1b42f2.js","app-a6375688e3ef36ae8725.js"],"component---src-pages-404-js":["framework-378481a856149b1b42f2.js","styles.450a0782bc5584cc818b.css","2fbf9dd2-99790b20efa6907a1c6f.js","commons-e7c1771242ca8836be08.js","component---src-pages-404-js-83c5f96db7dc5989b74b.js"],"component---src-pages-about-us-ar-js":["framework-378481a856149b1b42f2.js","styles.450a0782bc5584cc818b.css","2fbf9dd2-99790b20efa6907a1c6f.js","commons-e7c1771242ca8836be08.js","f8d05ade44e5af3dd411582230cc5c025e9f44ff-c57009d4f1669aeb4b7b.js","component---src-pages-about-us-ar-js-e33206e0129d90654562.js"],"component---src-pages-about-us-en-js":["framework-378481a856149b1b42f2.js","styles.450a0782bc5584cc818b.css","2fbf9dd2-99790b20efa6907a1c6f.js","commons-e7c1771242ca8836be08.js","f8d05ade44e5af3dd411582230cc5c025e9f44ff-c57009d4f1669aeb4b7b.js","component---src-pages-about-us-en-js-36b7e02b43246e7586f7.js"],"component---src-pages-about-us-js":["framework-378481a856149b1b42f2.js","styles.450a0782bc5584cc818b.css","2fbf9dd2-99790b20efa6907a1c6f.js","commons-e7c1771242ca8836be08.js","f8d05ade44e5af3dd411582230cc5c025e9f44ff-c57009d4f1669aeb4b7b.js","component---src-pages-about-us-js-838d17dc662ef0ac29ba.js"],"component---src-pages-advisory-research-ar-js":["framework-378481a856149b1b42f2.js","styles.450a0782bc5584cc818b.css","2fbf9dd2-99790b20efa6907a1c6f.js","commons-e7c1771242ca8836be08.js","component---src-pages-advisory-research-ar-js-7633f0684b47f59487c9.js"],"component---src-pages-advisory-research-en-js":["framework-378481a856149b1b42f2.js","styles.450a0782bc5584cc818b.css","2fbf9dd2-99790b20efa6907a1c6f.js","commons-e7c1771242ca8836be08.js","component---src-pages-advisory-research-en-js-804ab741d197b3d1913d.js"],"component---src-pages-advisory-research-js":["framework-378481a856149b1b42f2.js","styles.450a0782bc5584cc818b.css","2fbf9dd2-99790b20efa6907a1c6f.js","commons-e7c1771242ca8836be08.js","component---src-pages-advisory-research-js-57d6bc0c8a208e14d8dd.js"],"component---src-pages-announcements-ar-js":["framework-378481a856149b1b42f2.js","styles.450a0782bc5584cc818b.css","2fbf9dd2-99790b20efa6907a1c6f.js","commons-e7c1771242ca8836be08.js","component---src-pages-announcements-ar-js-37543946137534cc2f96.js"],"component---src-pages-announcements-en-js":["framework-378481a856149b1b42f2.js","styles.450a0782bc5584cc818b.css","2fbf9dd2-99790b20efa6907a1c6f.js","commons-e7c1771242ca8836be08.js","component---src-pages-announcements-en-js-abe88fbdbb4cd0072300.js"],"component---src-pages-announcements-jsx":["framework-378481a856149b1b42f2.js","styles.450a0782bc5584cc818b.css","2fbf9dd2-99790b20efa6907a1c6f.js","commons-e7c1771242ca8836be08.js","component---src-pages-announcements-jsx-3c36cb9aeaef2a1746ae.js"],"component---src-pages-asset-management-ar-js":["framework-378481a856149b1b42f2.js","styles.450a0782bc5584cc818b.css","2fbf9dd2-99790b20efa6907a1c6f.js","commons-e7c1771242ca8836be08.js","a6f2f626e93d4feae3cc5f3a3afa6ca74afad0f8-2cdbb31dd35814bcbb4e.js","7aa11da8b8b43e76aa809d7885adc74b7358a2ff-9dec8ff021b170522ac5.js","component---src-pages-asset-management-ar-js-30d9aed2b1d0503aa301.js"],"component---src-pages-asset-management-en-js":["framework-378481a856149b1b42f2.js","styles.450a0782bc5584cc818b.css","2fbf9dd2-99790b20efa6907a1c6f.js","commons-e7c1771242ca8836be08.js","a6f2f626e93d4feae3cc5f3a3afa6ca74afad0f8-2cdbb31dd35814bcbb4e.js","7aa11da8b8b43e76aa809d7885adc74b7358a2ff-9dec8ff021b170522ac5.js","component---src-pages-asset-management-en-js-e88233c0808583d00733.js"],"component---src-pages-asset-management-js":["framework-378481a856149b1b42f2.js","styles.450a0782bc5584cc818b.css","2fbf9dd2-99790b20efa6907a1c6f.js","commons-e7c1771242ca8836be08.js","a6f2f626e93d4feae3cc5f3a3afa6ca74afad0f8-2cdbb31dd35814bcbb4e.js","7aa11da8b8b43e76aa809d7885adc74b7358a2ff-9dec8ff021b170522ac5.js","component---src-pages-asset-management-js-d6777d0bf2213b76b909.js"],"component---src-pages-board-ar-js":["framework-378481a856149b1b42f2.js","styles.450a0782bc5584cc818b.css","2fbf9dd2-99790b20efa6907a1c6f.js","commons-e7c1771242ca8836be08.js","component---src-pages-board-ar-js-7a28c8cb6be215a1128a.js"],"component---src-pages-board-directors-ar-js":["framework-378481a856149b1b42f2.js","styles.450a0782bc5584cc818b.css","2fbf9dd2-99790b20efa6907a1c6f.js","commons-e7c1771242ca8836be08.js","component---src-pages-board-directors-ar-js-5a19d0347ed0ddc35ecb.js"],"component---src-pages-board-directors-en-js":["framework-378481a856149b1b42f2.js","styles.450a0782bc5584cc818b.css","2fbf9dd2-99790b20efa6907a1c6f.js","commons-e7c1771242ca8836be08.js","component---src-pages-board-directors-en-js-332d702e1060ac1fabb3.js"],"component---src-pages-board-directors-js":["framework-378481a856149b1b42f2.js","styles.450a0782bc5584cc818b.css","2fbf9dd2-99790b20efa6907a1c6f.js","commons-e7c1771242ca8836be08.js","component---src-pages-board-directors-js-6fe759c17da83e1149d1.js"],"component---src-pages-board-en-js":["framework-378481a856149b1b42f2.js","styles.450a0782bc5584cc818b.css","2fbf9dd2-99790b20efa6907a1c6f.js","commons-e7c1771242ca8836be08.js","component---src-pages-board-en-js-8581d642acdc47809995.js"],"component---src-pages-board-js":["framework-378481a856149b1b42f2.js","styles.450a0782bc5584cc818b.css","2fbf9dd2-99790b20efa6907a1c6f.js","commons-e7c1771242ca8836be08.js","component---src-pages-board-js-c6867581f8a71b57c2dd.js"],"component---src-pages-client-awareness-ar-js":["framework-378481a856149b1b42f2.js","styles.450a0782bc5584cc818b.css","2fbf9dd2-99790b20efa6907a1c6f.js","commons-e7c1771242ca8836be08.js","component---src-pages-client-awareness-ar-js-1958a9eb0fd61a6e9f05.js"],"component---src-pages-client-awareness-en-js":["framework-378481a856149b1b42f2.js","styles.450a0782bc5584cc818b.css","2fbf9dd2-99790b20efa6907a1c6f.js","commons-e7c1771242ca8836be08.js","component---src-pages-client-awareness-en-js-14e3de54f5cf76e82f20.js"],"component---src-pages-client-awareness-js":["framework-378481a856149b1b42f2.js","styles.450a0782bc5584cc818b.css","2fbf9dd2-99790b20efa6907a1c6f.js","commons-e7c1771242ca8836be08.js","component---src-pages-client-awareness-js-a5af7d6c689d55d88037.js"],"component---src-pages-companies-login-ar-js":["framework-378481a856149b1b42f2.js","styles.450a0782bc5584cc818b.css","2fbf9dd2-99790b20efa6907a1c6f.js","commons-e7c1771242ca8836be08.js","f8d05ade44e5af3dd411582230cc5c025e9f44ff-c57009d4f1669aeb4b7b.js","a6f2f626e93d4feae3cc5f3a3afa6ca74afad0f8-2cdbb31dd35814bcbb4e.js","component---src-pages-companies-login-ar-js-48b5ba50da65f8ac0126.js"],"component---src-pages-companies-login-en-js":["framework-378481a856149b1b42f2.js","styles.450a0782bc5584cc818b.css","2fbf9dd2-99790b20efa6907a1c6f.js","commons-e7c1771242ca8836be08.js","f8d05ade44e5af3dd411582230cc5c025e9f44ff-c57009d4f1669aeb4b7b.js","a6f2f626e93d4feae3cc5f3a3afa6ca74afad0f8-2cdbb31dd35814bcbb4e.js","component---src-pages-companies-login-en-js-8ad8984f50742d36d0a3.js"],"component---src-pages-companies-login-js":["framework-378481a856149b1b42f2.js","styles.450a0782bc5584cc818b.css","2fbf9dd2-99790b20efa6907a1c6f.js","commons-e7c1771242ca8836be08.js","f8d05ade44e5af3dd411582230cc5c025e9f44ff-c57009d4f1669aeb4b7b.js","a6f2f626e93d4feae3cc5f3a3afa6ca74afad0f8-2cdbb31dd35814bcbb4e.js","component---src-pages-companies-login-js-06fda34a1f4c6da77c74.js"],"component---src-pages-conservation-services-ar-js":["framework-378481a856149b1b42f2.js","styles.450a0782bc5584cc818b.css","2fbf9dd2-99790b20efa6907a1c6f.js","commons-e7c1771242ca8836be08.js","component---src-pages-conservation-services-ar-js-af348f15d1530bf797b5.js"],"component---src-pages-conservation-services-en-js":["framework-378481a856149b1b42f2.js","styles.450a0782bc5584cc818b.css","2fbf9dd2-99790b20efa6907a1c6f.js","commons-e7c1771242ca8836be08.js","component---src-pages-conservation-services-en-js-ebfb2000b54b7de61a47.js"],"component---src-pages-conservation-services-js":["framework-378481a856149b1b42f2.js","styles.450a0782bc5584cc818b.css","2fbf9dd2-99790b20efa6907a1c6f.js","commons-e7c1771242ca8836be08.js","component---src-pages-conservation-services-js-2c0d02eebced98c88b8b.js"],"component---src-pages-contact-us-ar-js":["framework-378481a856149b1b42f2.js","styles.450a0782bc5584cc818b.css","2fbf9dd2-99790b20efa6907a1c6f.js","commons-e7c1771242ca8836be08.js","f8d05ade44e5af3dd411582230cc5c025e9f44ff-c57009d4f1669aeb4b7b.js","component---src-pages-contact-us-ar-js-d484c61efa7f0d5e3ad9.js"],"component---src-pages-contact-us-en-js":["framework-378481a856149b1b42f2.js","styles.450a0782bc5584cc818b.css","2fbf9dd2-99790b20efa6907a1c6f.js","commons-e7c1771242ca8836be08.js","f8d05ade44e5af3dd411582230cc5c025e9f44ff-c57009d4f1669aeb4b7b.js","component---src-pages-contact-us-en-js-e2181929696818702fb4.js"],"component---src-pages-contact-us-js":["framework-378481a856149b1b42f2.js","styles.450a0782bc5584cc818b.css","2fbf9dd2-99790b20efa6907a1c6f.js","commons-e7c1771242ca8836be08.js","f8d05ade44e5af3dd411582230cc5c025e9f44ff-c57009d4f1669aeb4b7b.js","component---src-pages-contact-us-js-18343bb96dfffec7336e.js"],"component---src-pages-index-ar-js":["framework-378481a856149b1b42f2.js","styles.450a0782bc5584cc818b.css","2fbf9dd2-99790b20efa6907a1c6f.js","commons-e7c1771242ca8836be08.js","f8d05ade44e5af3dd411582230cc5c025e9f44ff-c57009d4f1669aeb4b7b.js","component---src-pages-index-ar-js-1f0a7132e6c9d65ad9ff.js"],"component---src-pages-index-en-js":["framework-378481a856149b1b42f2.js","styles.450a0782bc5584cc818b.css","2fbf9dd2-99790b20efa6907a1c6f.js","commons-e7c1771242ca8836be08.js","f8d05ade44e5af3dd411582230cc5c025e9f44ff-c57009d4f1669aeb4b7b.js","component---src-pages-index-en-js-432414d2f9329b8dcdff.js"],"component---src-pages-index-js":["framework-378481a856149b1b42f2.js","styles.450a0782bc5584cc818b.css","2fbf9dd2-99790b20efa6907a1c6f.js","commons-e7c1771242ca8836be08.js","f8d05ade44e5af3dd411582230cc5c025e9f44ff-c57009d4f1669aeb4b7b.js","component---src-pages-index-js-09c7a1fca7f8ad947488.js"],"component---src-pages-individuals-login-ar-js":["framework-378481a856149b1b42f2.js","styles.450a0782bc5584cc818b.css","2fbf9dd2-99790b20efa6907a1c6f.js","commons-e7c1771242ca8836be08.js","f8d05ade44e5af3dd411582230cc5c025e9f44ff-c57009d4f1669aeb4b7b.js","a6f2f626e93d4feae3cc5f3a3afa6ca74afad0f8-2cdbb31dd35814bcbb4e.js","component---src-pages-individuals-login-ar-js-92cbe40a67ad150a7235.js"],"component---src-pages-individuals-login-en-js":["framework-378481a856149b1b42f2.js","styles.450a0782bc5584cc818b.css","2fbf9dd2-99790b20efa6907a1c6f.js","commons-e7c1771242ca8836be08.js","f8d05ade44e5af3dd411582230cc5c025e9f44ff-c57009d4f1669aeb4b7b.js","a6f2f626e93d4feae3cc5f3a3afa6ca74afad0f8-2cdbb31dd35814bcbb4e.js","component---src-pages-individuals-login-en-js-e6648f2b6a51c60b143c.js"],"component---src-pages-individuals-login-js":["framework-378481a856149b1b42f2.js","styles.450a0782bc5584cc818b.css","2fbf9dd2-99790b20efa6907a1c6f.js","commons-e7c1771242ca8836be08.js","f8d05ade44e5af3dd411582230cc5c025e9f44ff-c57009d4f1669aeb4b7b.js","a6f2f626e93d4feae3cc5f3a3afa6ca74afad0f8-2cdbb31dd35814bcbb4e.js","component---src-pages-individuals-login-js-0d1d5f2d172551de1d1c.js"],"component---src-pages-investment-banking-ar-js":["framework-378481a856149b1b42f2.js","styles.450a0782bc5584cc818b.css","2fbf9dd2-99790b20efa6907a1c6f.js","commons-e7c1771242ca8836be08.js","aacaddfe3b066d75fafc0dccdb0c3aa774b588cf-b31737187ea75dfb346a.js","component---src-pages-investment-banking-ar-js-1a87ca496ae8dafad1a9.js"],"component---src-pages-investment-banking-en-js":["framework-378481a856149b1b42f2.js","styles.450a0782bc5584cc818b.css","2fbf9dd2-99790b20efa6907a1c6f.js","commons-e7c1771242ca8836be08.js","aacaddfe3b066d75fafc0dccdb0c3aa774b588cf-b31737187ea75dfb346a.js","component---src-pages-investment-banking-en-js-c2375c243d31da7fbfba.js"],"component---src-pages-investment-banking-js":["framework-378481a856149b1b42f2.js","styles.450a0782bc5584cc818b.css","2fbf9dd2-99790b20efa6907a1c6f.js","commons-e7c1771242ca8836be08.js","aacaddfe3b066d75fafc0dccdb0c3aa774b588cf-b31737187ea75dfb346a.js","component---src-pages-investment-banking-js-f8ddd2e1838d62ac3ef8.js"],"component---src-pages-management-team-ar-js":["framework-378481a856149b1b42f2.js","styles.450a0782bc5584cc818b.css","2fbf9dd2-99790b20efa6907a1c6f.js","commons-e7c1771242ca8836be08.js","component---src-pages-management-team-ar-js-81032ab9feaf81746280.js"],"component---src-pages-management-team-en-js":["framework-378481a856149b1b42f2.js","styles.450a0782bc5584cc818b.css","2fbf9dd2-99790b20efa6907a1c6f.js","commons-e7c1771242ca8836be08.js","component---src-pages-management-team-en-js-e84f9bd2e38ea82f8fae.js"],"component---src-pages-management-team-jsx":["framework-378481a856149b1b42f2.js","styles.450a0782bc5584cc818b.css","2fbf9dd2-99790b20efa6907a1c6f.js","commons-e7c1771242ca8836be08.js","component---src-pages-management-team-jsx-1b4a5604cde380969c4a.js"],"component---src-pages-management-team-templet-ar-js":["framework-378481a856149b1b42f2.js","styles.450a0782bc5584cc818b.css","2fbf9dd2-99790b20efa6907a1c6f.js","commons-e7c1771242ca8836be08.js","component---src-pages-management-team-templet-ar-js-358a8df74444fd9808ff.js"],"component---src-pages-management-team-templet-en-js":["framework-378481a856149b1b42f2.js","styles.450a0782bc5584cc818b.css","2fbf9dd2-99790b20efa6907a1c6f.js","commons-e7c1771242ca8836be08.js","component---src-pages-management-team-templet-en-js-958f1339f5df0b111853.js"],"component---src-pages-management-team-templet-js":["framework-378481a856149b1b42f2.js","styles.450a0782bc5584cc818b.css","2fbf9dd2-99790b20efa6907a1c6f.js","commons-e7c1771242ca8836be08.js","component---src-pages-management-team-templet-js-b13a4358e790cc95fc98.js"],"component---src-pages-page-2-js":["framework-378481a856149b1b42f2.js","styles.450a0782bc5584cc818b.css","2fbf9dd2-99790b20efa6907a1c6f.js","commons-e7c1771242ca8836be08.js","component---src-pages-page-2-js-8fcdd89af4d0371985b8.js"],"component---src-pages-reports-ar-js":["framework-378481a856149b1b42f2.js","styles.450a0782bc5584cc818b.css","2fbf9dd2-99790b20efa6907a1c6f.js","commons-e7c1771242ca8836be08.js","a6f2f626e93d4feae3cc5f3a3afa6ca74afad0f8-2cdbb31dd35814bcbb4e.js","component---src-pages-reports-ar-js-0875966e9ca7dbc18875.js"],"component---src-pages-reports-en-js":["framework-378481a856149b1b42f2.js","styles.450a0782bc5584cc818b.css","2fbf9dd2-99790b20efa6907a1c6f.js","commons-e7c1771242ca8836be08.js","a6f2f626e93d4feae3cc5f3a3afa6ca74afad0f8-2cdbb31dd35814bcbb4e.js","component---src-pages-reports-en-js-52e8967353e4750210fb.js"],"component---src-pages-reports-jsx":["framework-378481a856149b1b42f2.js","styles.450a0782bc5584cc818b.css","2fbf9dd2-99790b20efa6907a1c6f.js","commons-e7c1771242ca8836be08.js","a6f2f626e93d4feae3cc5f3a3afa6ca74afad0f8-2cdbb31dd35814bcbb4e.js","component---src-pages-reports-jsx-abe8975fb18a68294b32.js"],"component---src-pages-shariyah-review-ar-js":["framework-378481a856149b1b42f2.js","styles.450a0782bc5584cc818b.css","2fbf9dd2-99790b20efa6907a1c6f.js","commons-e7c1771242ca8836be08.js","component---src-pages-shariyah-review-ar-js-2596a49d2c27ef4fadb0.js"],"component---src-pages-shariyah-review-en-js":["framework-378481a856149b1b42f2.js","styles.450a0782bc5584cc818b.css","2fbf9dd2-99790b20efa6907a1c6f.js","commons-e7c1771242ca8836be08.js","component---src-pages-shariyah-review-en-js-b2337558f8b173db1302.js"],"component---src-pages-shariyah-review-js":["framework-378481a856149b1b42f2.js","styles.450a0782bc5584cc818b.css","2fbf9dd2-99790b20efa6907a1c6f.js","commons-e7c1771242ca8836be08.js","component---src-pages-shariyah-review-js-3da057046744330c1c37.js"],"component---src-pages-team-js":["framework-378481a856149b1b42f2.js","styles.450a0782bc5584cc818b.css","2fbf9dd2-99790b20efa6907a1c6f.js","commons-e7c1771242ca8836be08.js","component---src-pages-team-js-6735639f426e2e70cb12.js"],"component---src-pages-using-ssr-js":["framework-378481a856149b1b42f2.js","styles.450a0782bc5584cc818b.css","2fbf9dd2-99790b20efa6907a1c6f.js","commons-e7c1771242ca8836be08.js","component---src-pages-using-ssr-js-8912db9c6e5c2ee8a1b3.js"],"component---src-pages-using-typescript-tsx":["framework-378481a856149b1b42f2.js","styles.450a0782bc5584cc818b.css","2fbf9dd2-99790b20efa6907a1c6f.js","commons-e7c1771242ca8836be08.js","component---src-pages-using-typescript-tsx-61022415b0f917146efd.js"]},"childAssetsByChunkName":{}}