{"name":"build-javascript","namedChunkGroups":{"app":{"name":"app","assets":[{"name":"webpack-runtime-3cbeadd21b65f447fd2b.js","size":9387},{"name":"framework-378481a856149b1b42f2.js","size":141440},{"name":"app-a2eb5189d7dfe4d6884e.js","size":261122}],"filteredAssets":0,"assetsSize":411949,"filteredAuxiliaryAssets":3,"auxiliaryAssetsSize":905762},"component---src-pages-404-js":{"name":"component---src-pages-404-js","assets":[{"name":"styles.b23dcc984cbc701dbc2c.css","size":53614},{"name":"2fbf9dd2-99790b20efa6907a1c6f.js","size":335208},{"name":"commons-05d8f1c4a28ac486f9c8.js","size":47579},{"name":"component---src-pages-404-js-2166161bf7e3a7a35602.js","size":756}],"filteredAssets":0,"assetsSize":437157,"filteredAuxiliaryAssets":5,"auxiliaryAssetsSize":1290486},"component---src-pages-about-us-ar-js":{"name":"component---src-pages-about-us-ar-js","assets":[{"name":"styles.b23dcc984cbc701dbc2c.css","size":53614},{"name":"2fbf9dd2-99790b20efa6907a1c6f.js","size":335208},{"name":"commons-05d8f1c4a28ac486f9c8.js","size":47579},{"name":"27242b6a2560df6514ed1d11dac45d81f6f5e7f7-c0389931bf97438603f3.js","size":30420},{"name":"f8d05ade44e5af3dd411582230cc5c025e9f44ff-730b3ee05cae49e34f4d.js","size":77513},{"name":"component---src-pages-about-us-ar-js-2965a46640db1219c4ab.js","size":11521}],"filteredAssets":0,"assetsSize":555855,"filteredAuxiliaryAssets":7,"auxiliaryAssetsSize":1545978},"component---src-pages-about-us-en-js":{"name":"component---src-pages-about-us-en-js","assets":[{"name":"styles.b23dcc984cbc701dbc2c.css","size":53614},{"name":"2fbf9dd2-99790b20efa6907a1c6f.js","size":335208},{"name":"commons-05d8f1c4a28ac486f9c8.js","size":47579},{"name":"27242b6a2560df6514ed1d11dac45d81f6f5e7f7-c0389931bf97438603f3.js","size":30420},{"name":"f8d05ade44e5af3dd411582230cc5c025e9f44ff-730b3ee05cae49e34f4d.js","size":77513},{"name":"component---src-pages-about-us-en-js-9f22715abdb0fc065a4f.js","size":11522}],"filteredAssets":0,"assetsSize":555856,"filteredAuxiliaryAssets":7,"auxiliaryAssetsSize":1545978},"component---src-pages-about-us-js":{"name":"component---src-pages-about-us-js","assets":[{"name":"styles.b23dcc984cbc701dbc2c.css","size":53614},{"name":"2fbf9dd2-99790b20efa6907a1c6f.js","size":335208},{"name":"commons-05d8f1c4a28ac486f9c8.js","size":47579},{"name":"27242b6a2560df6514ed1d11dac45d81f6f5e7f7-c0389931bf97438603f3.js","size":30420},{"name":"f8d05ade44e5af3dd411582230cc5c025e9f44ff-730b3ee05cae49e34f4d.js","size":77513},{"name":"component---src-pages-about-us-js-2ac5ae98f63d4f5b1345.js","size":11808}],"filteredAssets":0,"assetsSize":556142,"filteredAuxiliaryAssets":7,"auxiliaryAssetsSize":1547305},"component---src-pages-advisory-research-ar-js":{"name":"component---src-pages-advisory-research-ar-js","assets":[{"name":"styles.b23dcc984cbc701dbc2c.css","size":53614},{"name":"2fbf9dd2-99790b20efa6907a1c6f.js","size":335208},{"name":"commons-05d8f1c4a28ac486f9c8.js","size":47579},{"name":"component---src-pages-advisory-research-ar-js-16567e4a9c632c080949.js","size":3417}],"filteredAssets":0,"assetsSize":439818,"filteredAuxiliaryAssets":5,"auxiliaryAssetsSize":1297314},"component---src-pages-advisory-research-en-js":{"name":"component---src-pages-advisory-research-en-js","assets":[{"name":"styles.b23dcc984cbc701dbc2c.css","size":53614},{"name":"2fbf9dd2-99790b20efa6907a1c6f.js","size":335208},{"name":"commons-05d8f1c4a28ac486f9c8.js","size":47579},{"name":"component---src-pages-advisory-research-en-js-fa101b5f0e09a18d608e.js","size":3417}],"filteredAssets":0,"assetsSize":439818,"filteredAuxiliaryAssets":5,"auxiliaryAssetsSize":1297314},"component---src-pages-advisory-research-js":{"name":"component---src-pages-advisory-research-js","assets":[{"name":"styles.b23dcc984cbc701dbc2c.css","size":53614},{"name":"2fbf9dd2-99790b20efa6907a1c6f.js","size":335208},{"name":"commons-05d8f1c4a28ac486f9c8.js","size":47579},{"name":"27242b6a2560df6514ed1d11dac45d81f6f5e7f7-c0389931bf97438603f3.js","size":30420},{"name":"component---src-pages-advisory-research-js-4959714aeaad41a5fc63.js","size":2361}],"filteredAssets":0,"assetsSize":469182,"filteredAuxiliaryAssets":6,"auxiliaryAssetsSize":1438902},"component---src-pages-announcements-ar-js":{"name":"component---src-pages-announcements-ar-js","assets":[{"name":"styles.b23dcc984cbc701dbc2c.css","size":53614},{"name":"2fbf9dd2-99790b20efa6907a1c6f.js","size":335208},{"name":"commons-05d8f1c4a28ac486f9c8.js","size":47579},{"name":"component---src-pages-announcements-ar-js-2144416556ad134c5054.js","size":9818}],"filteredAssets":0,"assetsSize":446219,"filteredAuxiliaryAssets":5,"auxiliaryAssetsSize":1300021},"component---src-pages-announcements-en-js":{"name":"component---src-pages-announcements-en-js","assets":[{"name":"styles.b23dcc984cbc701dbc2c.css","size":53614},{"name":"2fbf9dd2-99790b20efa6907a1c6f.js","size":335208},{"name":"commons-05d8f1c4a28ac486f9c8.js","size":47579},{"name":"component---src-pages-announcements-en-js-c710d377fa5944367d2c.js","size":9818}],"filteredAssets":0,"assetsSize":446219,"filteredAuxiliaryAssets":5,"auxiliaryAssetsSize":1300021},"component---src-pages-announcements-jsx":{"name":"component---src-pages-announcements-jsx","assets":[{"name":"styles.b23dcc984cbc701dbc2c.css","size":53614},{"name":"2fbf9dd2-99790b20efa6907a1c6f.js","size":335208},{"name":"commons-05d8f1c4a28ac486f9c8.js","size":47579},{"name":"component---src-pages-announcements-jsx-b97c9e9cec14f4efc586.js","size":9519}],"filteredAssets":0,"assetsSize":445920,"filteredAuxiliaryAssets":5,"auxiliaryAssetsSize":1299732},"component---src-pages-asset-management-ar-js":{"name":"component---src-pages-asset-management-ar-js","assets":[{"name":"styles.b23dcc984cbc701dbc2c.css","size":53614},{"name":"framework-378481a856149b1b42f2.js","size":141440},{"name":"2fbf9dd2-99790b20efa6907a1c6f.js","size":335208},{"name":"commons-05d8f1c4a28ac486f9c8.js","size":47579},{"name":"a6f2f626e93d4feae3cc5f3a3afa6ca74afad0f8-fc6fe010ea1ff67fc537.js","size":95503},{"name":"7aa11da8b8b43e76aa809d7885adc74b7358a2ff-1c02802b1efac00a85e0.js","size":136018},{"name":"component---src-pages-asset-management-ar-js-554338b676a8382bd17b.js","size":19035}],"filteredAssets":0,"assetsSize":828397,"filteredAuxiliaryAssets":8,"auxiliaryAssetsSize":2528313},"component---src-pages-asset-management-en-js":{"name":"component---src-pages-asset-management-en-js","assets":[{"name":"styles.b23dcc984cbc701dbc2c.css","size":53614},{"name":"framework-378481a856149b1b42f2.js","size":141440},{"name":"2fbf9dd2-99790b20efa6907a1c6f.js","size":335208},{"name":"commons-05d8f1c4a28ac486f9c8.js","size":47579},{"name":"a6f2f626e93d4feae3cc5f3a3afa6ca74afad0f8-fc6fe010ea1ff67fc537.js","size":95503},{"name":"7aa11da8b8b43e76aa809d7885adc74b7358a2ff-1c02802b1efac00a85e0.js","size":136018},{"name":"component---src-pages-asset-management-en-js-675891bd6203dd8a85e1.js","size":19465}],"filteredAssets":0,"assetsSize":828827,"filteredAuxiliaryAssets":8,"auxiliaryAssetsSize":2528551},"component---src-pages-asset-management-js":{"name":"component---src-pages-asset-management-js","assets":[{"name":"styles.b23dcc984cbc701dbc2c.css","size":53614},{"name":"framework-378481a856149b1b42f2.js","size":141440},{"name":"2fbf9dd2-99790b20efa6907a1c6f.js","size":335208},{"name":"commons-05d8f1c4a28ac486f9c8.js","size":47579},{"name":"27242b6a2560df6514ed1d11dac45d81f6f5e7f7-c0389931bf97438603f3.js","size":30420},{"name":"a6f2f626e93d4feae3cc5f3a3afa6ca74afad0f8-fc6fe010ea1ff67fc537.js","size":95503},{"name":"7aa11da8b8b43e76aa809d7885adc74b7358a2ff-1c02802b1efac00a85e0.js","size":136018},{"name":"component---src-pages-asset-management-js-dedc565c670b620aaab8.js","size":10063}],"filteredAssets":0,"assetsSize":849845,"filteredAuxiliaryAssets":9,"auxiliaryAssetsSize":2669104},"component---src-pages-board-ar-js":{"name":"component---src-pages-board-ar-js","assets":[{"name":"styles.b23dcc984cbc701dbc2c.css","size":53614},{"name":"2fbf9dd2-99790b20efa6907a1c6f.js","size":335208},{"name":"commons-05d8f1c4a28ac486f9c8.js","size":47579},{"name":"component---src-pages-board-ar-js-4a12ae285bc316331829.js","size":3605}],"filteredAssets":0,"assetsSize":440006,"filteredAuxiliaryAssets":5,"auxiliaryAssetsSize":1298662},"component---src-pages-board-directors-ar-js":{"name":"component---src-pages-board-directors-ar-js","assets":[{"name":"styles.b23dcc984cbc701dbc2c.css","size":53614},{"name":"2fbf9dd2-99790b20efa6907a1c6f.js","size":335208},{"name":"commons-05d8f1c4a28ac486f9c8.js","size":47579},{"name":"component---src-pages-board-directors-ar-js-7f03b5f80bc6789aa134.js","size":2003}],"filteredAssets":0,"assetsSize":438404,"filteredAuxiliaryAssets":5,"auxiliaryAssetsSize":1294098},"component---src-pages-board-directors-en-js":{"name":"component---src-pages-board-directors-en-js","assets":[{"name":"styles.b23dcc984cbc701dbc2c.css","size":53614},{"name":"2fbf9dd2-99790b20efa6907a1c6f.js","size":335208},{"name":"commons-05d8f1c4a28ac486f9c8.js","size":47579},{"name":"component---src-pages-board-directors-en-js-0a14dd67c547975f9a77.js","size":2002}],"filteredAssets":0,"assetsSize":438403,"filteredAuxiliaryAssets":5,"auxiliaryAssetsSize":1294098},"component---src-pages-board-directors-js":{"name":"component---src-pages-board-directors-js","assets":[{"name":"styles.b23dcc984cbc701dbc2c.css","size":53614},{"name":"2fbf9dd2-99790b20efa6907a1c6f.js","size":335208},{"name":"commons-05d8f1c4a28ac486f9c8.js","size":47579},{"name":"27242b6a2560df6514ed1d11dac45d81f6f5e7f7-c0389931bf97438603f3.js","size":30420},{"name":"component---src-pages-board-directors-js-97f6398ef015a8d3ae04.js","size":1965}],"filteredAssets":0,"assetsSize":468786,"filteredAuxiliaryAssets":6,"auxiliaryAssetsSize":1437965},"component---src-pages-board-en-js":{"name":"component---src-pages-board-en-js","assets":[{"name":"styles.b23dcc984cbc701dbc2c.css","size":53614},{"name":"2fbf9dd2-99790b20efa6907a1c6f.js","size":335208},{"name":"commons-05d8f1c4a28ac486f9c8.js","size":47579},{"name":"component---src-pages-board-en-js-c33ea87071701fba8c4e.js","size":3605}],"filteredAssets":0,"assetsSize":440006,"filteredAuxiliaryAssets":5,"auxiliaryAssetsSize":1298662},"component---src-pages-board-js":{"name":"component---src-pages-board-js","assets":[{"name":"styles.b23dcc984cbc701dbc2c.css","size":53614},{"name":"2fbf9dd2-99790b20efa6907a1c6f.js","size":335208},{"name":"commons-05d8f1c4a28ac486f9c8.js","size":47579},{"name":"component---src-pages-board-js-3d2181a80e2345d634ed.js","size":3435}],"filteredAssets":0,"assetsSize":439836,"filteredAuxiliaryAssets":5,"auxiliaryAssetsSize":1298673},"component---src-pages-client-awareness-ar-js":{"name":"component---src-pages-client-awareness-ar-js","assets":[{"name":"styles.b23dcc984cbc701dbc2c.css","size":53614},{"name":"2fbf9dd2-99790b20efa6907a1c6f.js","size":335208},{"name":"commons-05d8f1c4a28ac486f9c8.js","size":47579},{"name":"component---src-pages-client-awareness-ar-js-80d45dc2dade83a8822d.js","size":3428}],"filteredAssets":0,"assetsSize":439829,"filteredAuxiliaryAssets":7,"auxiliaryAssetsSize":7012063},"component---src-pages-client-awareness-en-js":{"name":"component---src-pages-client-awareness-en-js","assets":[{"name":"styles.b23dcc984cbc701dbc2c.css","size":53614},{"name":"2fbf9dd2-99790b20efa6907a1c6f.js","size":335208},{"name":"commons-05d8f1c4a28ac486f9c8.js","size":47579},{"name":"component---src-pages-client-awareness-en-js-7492ea2e58d2c578202b.js","size":3364}],"filteredAssets":0,"assetsSize":439765,"filteredAuxiliaryAssets":6,"auxiliaryAssetsSize":6584667},"component---src-pages-client-awareness-js":{"name":"component---src-pages-client-awareness-js","assets":[{"name":"styles.b23dcc984cbc701dbc2c.css","size":53614},{"name":"2fbf9dd2-99790b20efa6907a1c6f.js","size":335208},{"name":"commons-05d8f1c4a28ac486f9c8.js","size":47579},{"name":"27242b6a2560df6514ed1d11dac45d81f6f5e7f7-c0389931bf97438603f3.js","size":30420},{"name":"component---src-pages-client-awareness-js-5c024e82ac187c5dddd3.js","size":2844}],"filteredAssets":0,"assetsSize":469665,"filteredAuxiliaryAssets":6,"auxiliaryAssetsSize":1440520},"component---src-pages-companies-login-ar-js":{"name":"component---src-pages-companies-login-ar-js","assets":[{"name":"styles.b23dcc984cbc701dbc2c.css","size":53614},{"name":"framework-378481a856149b1b42f2.js","size":141440},{"name":"2fbf9dd2-99790b20efa6907a1c6f.js","size":335208},{"name":"commons-05d8f1c4a28ac486f9c8.js","size":47579},{"name":"27242b6a2560df6514ed1d11dac45d81f6f5e7f7-c0389931bf97438603f3.js","size":30420},{"name":"f8d05ade44e5af3dd411582230cc5c025e9f44ff-730b3ee05cae49e34f4d.js","size":77513},{"name":"a6f2f626e93d4feae3cc5f3a3afa6ca74afad0f8-fc6fe010ea1ff67fc537.js","size":95503},{"name":"component---src-pages-companies-login-ar-js-675f7bbd61772d59d756.js","size":46165}],"filteredAssets":0,"assetsSize":827442,"filteredAuxiliaryAssets":9,"auxiliaryAssetsSize":2451757},"component---src-pages-companies-login-en-js":{"name":"component---src-pages-companies-login-en-js","assets":[{"name":"styles.b23dcc984cbc701dbc2c.css","size":53614},{"name":"framework-378481a856149b1b42f2.js","size":141440},{"name":"2fbf9dd2-99790b20efa6907a1c6f.js","size":335208},{"name":"commons-05d8f1c4a28ac486f9c8.js","size":47579},{"name":"27242b6a2560df6514ed1d11dac45d81f6f5e7f7-c0389931bf97438603f3.js","size":30420},{"name":"f8d05ade44e5af3dd411582230cc5c025e9f44ff-730b3ee05cae49e34f4d.js","size":77513},{"name":"a6f2f626e93d4feae3cc5f3a3afa6ca74afad0f8-fc6fe010ea1ff67fc537.js","size":95503},{"name":"component---src-pages-companies-login-en-js-61e1025f561615d9e250.js","size":46165}],"filteredAssets":0,"assetsSize":827442,"filteredAuxiliaryAssets":9,"auxiliaryAssetsSize":2451757},"component---src-pages-companies-login-js":{"name":"component---src-pages-companies-login-js","assets":[{"name":"styles.b23dcc984cbc701dbc2c.css","size":53614},{"name":"framework-378481a856149b1b42f2.js","size":141440},{"name":"2fbf9dd2-99790b20efa6907a1c6f.js","size":335208},{"name":"commons-05d8f1c4a28ac486f9c8.js","size":47579},{"name":"27242b6a2560df6514ed1d11dac45d81f6f5e7f7-c0389931bf97438603f3.js","size":30420},{"name":"f8d05ade44e5af3dd411582230cc5c025e9f44ff-730b3ee05cae49e34f4d.js","size":77513},{"name":"a6f2f626e93d4feae3cc5f3a3afa6ca74afad0f8-fc6fe010ea1ff67fc537.js","size":95503},{"name":"component---src-pages-companies-login-js-c53c14ba41282d8423ee.js","size":44515}],"filteredAssets":0,"assetsSize":825792,"filteredAuxiliaryAssets":9,"auxiliaryAssetsSize":2445129},"component---src-pages-conservation-services-ar-js":{"name":"component---src-pages-conservation-services-ar-js","assets":[{"name":"styles.b23dcc984cbc701dbc2c.css","size":53614},{"name":"2fbf9dd2-99790b20efa6907a1c6f.js","size":335208},{"name":"commons-05d8f1c4a28ac486f9c8.js","size":47579},{"name":"component---src-pages-conservation-services-ar-js-c60bf24b714693b88e40.js","size":3060}],"filteredAssets":0,"assetsSize":439461,"filteredAuxiliaryAssets":5,"auxiliaryAssetsSize":1297324},"component---src-pages-conservation-services-en-js":{"name":"component---src-pages-conservation-services-en-js","assets":[{"name":"styles.b23dcc984cbc701dbc2c.css","size":53614},{"name":"2fbf9dd2-99790b20efa6907a1c6f.js","size":335208},{"name":"commons-05d8f1c4a28ac486f9c8.js","size":47579},{"name":"component---src-pages-conservation-services-en-js-8d8fff45fe6074a3c117.js","size":3060}],"filteredAssets":0,"assetsSize":439461,"filteredAuxiliaryAssets":5,"auxiliaryAssetsSize":1297324},"component---src-pages-conservation-services-js":{"name":"component---src-pages-conservation-services-js","assets":[{"name":"styles.b23dcc984cbc701dbc2c.css","size":53614},{"name":"2fbf9dd2-99790b20efa6907a1c6f.js","size":335208},{"name":"commons-05d8f1c4a28ac486f9c8.js","size":47579},{"name":"27242b6a2560df6514ed1d11dac45d81f6f5e7f7-c0389931bf97438603f3.js","size":30420},{"name":"component---src-pages-conservation-services-js-3400e4198c1d7a3edb33.js","size":2330}],"filteredAssets":0,"assetsSize":469151,"filteredAuxiliaryAssets":6,"auxiliaryAssetsSize":1438660},"component---src-pages-contact-us-ar-js":{"name":"component---src-pages-contact-us-ar-js","assets":[{"name":"styles.b23dcc984cbc701dbc2c.css","size":53614},{"name":"2fbf9dd2-99790b20efa6907a1c6f.js","size":335208},{"name":"commons-05d8f1c4a28ac486f9c8.js","size":47579},{"name":"27242b6a2560df6514ed1d11dac45d81f6f5e7f7-c0389931bf97438603f3.js","size":30420},{"name":"f8d05ade44e5af3dd411582230cc5c025e9f44ff-730b3ee05cae49e34f4d.js","size":77513},{"name":"component---src-pages-contact-us-ar-js-ea5deefc41401638d9d9.js","size":7025}],"filteredAssets":0,"assetsSize":551359,"filteredAuxiliaryAssets":8,"auxiliaryAssetsSize":3320138},"component---src-pages-contact-us-en-js":{"name":"component---src-pages-contact-us-en-js","assets":[{"name":"styles.b23dcc984cbc701dbc2c.css","size":53614},{"name":"2fbf9dd2-99790b20efa6907a1c6f.js","size":335208},{"name":"commons-05d8f1c4a28ac486f9c8.js","size":47579},{"name":"27242b6a2560df6514ed1d11dac45d81f6f5e7f7-c0389931bf97438603f3.js","size":30420},{"name":"f8d05ade44e5af3dd411582230cc5c025e9f44ff-730b3ee05cae49e34f4d.js","size":77513},{"name":"component---src-pages-contact-us-en-js-a7adf773e10e102f63f0.js","size":6881}],"filteredAssets":0,"assetsSize":551215,"filteredAuxiliaryAssets":8,"auxiliaryAssetsSize":3319978},"component---src-pages-contact-us-js":{"name":"component---src-pages-contact-us-js","assets":[{"name":"styles.b23dcc984cbc701dbc2c.css","size":53614},{"name":"2fbf9dd2-99790b20efa6907a1c6f.js","size":335208},{"name":"commons-05d8f1c4a28ac486f9c8.js","size":47579},{"name":"27242b6a2560df6514ed1d11dac45d81f6f5e7f7-c0389931bf97438603f3.js","size":30420},{"name":"f8d05ade44e5af3dd411582230cc5c025e9f44ff-730b3ee05cae49e34f4d.js","size":77513},{"name":"component---src-pages-contact-us-js-2b979fd4a8a1b5b4474c.js","size":7368}],"filteredAssets":0,"assetsSize":551702,"filteredAuxiliaryAssets":8,"auxiliaryAssetsSize":3322452},"component---src-pages-index-ar-js":{"name":"component---src-pages-index-ar-js","assets":[{"name":"styles.b23dcc984cbc701dbc2c.css","size":53614},{"name":"2fbf9dd2-99790b20efa6907a1c6f.js","size":335208},{"name":"commons-05d8f1c4a28ac486f9c8.js","size":47579},{"name":"27242b6a2560df6514ed1d11dac45d81f6f5e7f7-c0389931bf97438603f3.js","size":30420},{"name":"f8d05ade44e5af3dd411582230cc5c025e9f44ff-730b3ee05cae49e34f4d.js","size":77513},{"name":"component---src-pages-index-ar-js-6a268e96b5b23388a915.js","size":14913}],"filteredAssets":0,"assetsSize":559247,"filteredAuxiliaryAssets":7,"auxiliaryAssetsSize":1553601},"component---src-pages-index-en-js":{"name":"component---src-pages-index-en-js","assets":[{"name":"styles.b23dcc984cbc701dbc2c.css","size":53614},{"name":"2fbf9dd2-99790b20efa6907a1c6f.js","size":335208},{"name":"commons-05d8f1c4a28ac486f9c8.js","size":47579},{"name":"27242b6a2560df6514ed1d11dac45d81f6f5e7f7-c0389931bf97438603f3.js","size":30420},{"name":"f8d05ade44e5af3dd411582230cc5c025e9f44ff-730b3ee05cae49e34f4d.js","size":77513},{"name":"component---src-pages-index-en-js-ff603df990785827e048.js","size":14918}],"filteredAssets":0,"assetsSize":559252,"filteredAuxiliaryAssets":7,"auxiliaryAssetsSize":1553613},"component---src-pages-index-js":{"name":"component---src-pages-index-js","assets":[{"name":"styles.b23dcc984cbc701dbc2c.css","size":53614},{"name":"2fbf9dd2-99790b20efa6907a1c6f.js","size":335208},{"name":"commons-05d8f1c4a28ac486f9c8.js","size":47579},{"name":"27242b6a2560df6514ed1d11dac45d81f6f5e7f7-c0389931bf97438603f3.js","size":30420},{"name":"f8d05ade44e5af3dd411582230cc5c025e9f44ff-730b3ee05cae49e34f4d.js","size":77513},{"name":"component---src-pages-index-js-cd1071c08be9b36f74ec.js","size":15163}],"filteredAssets":0,"assetsSize":559497,"filteredAuxiliaryAssets":7,"auxiliaryAssetsSize":1555663},"component---src-pages-individuals-login-ar-js":{"name":"component---src-pages-individuals-login-ar-js","assets":[{"name":"styles.b23dcc984cbc701dbc2c.css","size":53614},{"name":"framework-378481a856149b1b42f2.js","size":141440},{"name":"2fbf9dd2-99790b20efa6907a1c6f.js","size":335208},{"name":"commons-05d8f1c4a28ac486f9c8.js","size":47579},{"name":"27242b6a2560df6514ed1d11dac45d81f6f5e7f7-c0389931bf97438603f3.js","size":30420},{"name":"f8d05ade44e5af3dd411582230cc5c025e9f44ff-730b3ee05cae49e34f4d.js","size":77513},{"name":"a6f2f626e93d4feae3cc5f3a3afa6ca74afad0f8-fc6fe010ea1ff67fc537.js","size":95503},{"name":"component---src-pages-individuals-login-ar-js-d14635d43b44d33d3819.js","size":59226}],"filteredAssets":0,"assetsSize":840503,"filteredAuxiliaryAssets":9,"auxiliaryAssetsSize":2478797},"component---src-pages-individuals-login-en-js":{"name":"component---src-pages-individuals-login-en-js","assets":[{"name":"styles.b23dcc984cbc701dbc2c.css","size":53614},{"name":"framework-378481a856149b1b42f2.js","size":141440},{"name":"2fbf9dd2-99790b20efa6907a1c6f.js","size":335208},{"name":"commons-05d8f1c4a28ac486f9c8.js","size":47579},{"name":"27242b6a2560df6514ed1d11dac45d81f6f5e7f7-c0389931bf97438603f3.js","size":30420},{"name":"f8d05ade44e5af3dd411582230cc5c025e9f44ff-730b3ee05cae49e34f4d.js","size":77513},{"name":"a6f2f626e93d4feae3cc5f3a3afa6ca74afad0f8-fc6fe010ea1ff67fc537.js","size":95503},{"name":"component---src-pages-individuals-login-en-js-c229950480547ca2c323.js","size":58715}],"filteredAssets":0,"assetsSize":839992,"filteredAuxiliaryAssets":9,"auxiliaryAssetsSize":2477722},"component---src-pages-individuals-login-js":{"name":"component---src-pages-individuals-login-js","assets":[{"name":"styles.b23dcc984cbc701dbc2c.css","size":53614},{"name":"framework-378481a856149b1b42f2.js","size":141440},{"name":"2fbf9dd2-99790b20efa6907a1c6f.js","size":335208},{"name":"commons-05d8f1c4a28ac486f9c8.js","size":47579},{"name":"27242b6a2560df6514ed1d11dac45d81f6f5e7f7-c0389931bf97438603f3.js","size":30420},{"name":"f8d05ade44e5af3dd411582230cc5c025e9f44ff-730b3ee05cae49e34f4d.js","size":77513},{"name":"a6f2f626e93d4feae3cc5f3a3afa6ca74afad0f8-fc6fe010ea1ff67fc537.js","size":95503},{"name":"component---src-pages-individuals-login-js-aed5f1b0e69784551793.js","size":137802}],"filteredAssets":0,"assetsSize":919079,"filteredAuxiliaryAssets":9,"auxiliaryAssetsSize":2929755},"component---src-pages-investment-banking-ar-js":{"name":"component---src-pages-investment-banking-ar-js","assets":[{"name":"styles.b23dcc984cbc701dbc2c.css","size":53614},{"name":"2fbf9dd2-99790b20efa6907a1c6f.js","size":335208},{"name":"commons-05d8f1c4a28ac486f9c8.js","size":47579},{"name":"component---src-pages-investment-banking-ar-js-b2eb82b99206802d6fb6.js","size":17074}],"filteredAssets":0,"assetsSize":453475,"filteredAuxiliaryAssets":5,"auxiliaryAssetsSize":1330818},"component---src-pages-investment-banking-en-js":{"name":"component---src-pages-investment-banking-en-js","assets":[{"name":"styles.b23dcc984cbc701dbc2c.css","size":53614},{"name":"2fbf9dd2-99790b20efa6907a1c6f.js","size":335208},{"name":"commons-05d8f1c4a28ac486f9c8.js","size":47579},{"name":"component---src-pages-investment-banking-en-js-977ba086127e7caddb7b.js","size":17075}],"filteredAssets":0,"assetsSize":453476,"filteredAuxiliaryAssets":5,"auxiliaryAssetsSize":1330818},"component---src-pages-investment-banking-js":{"name":"component---src-pages-investment-banking-js","assets":[{"name":"styles.b23dcc984cbc701dbc2c.css","size":53614},{"name":"2fbf9dd2-99790b20efa6907a1c6f.js","size":335208},{"name":"commons-05d8f1c4a28ac486f9c8.js","size":47579},{"name":"27242b6a2560df6514ed1d11dac45d81f6f5e7f7-c0389931bf97438603f3.js","size":30420},{"name":"component---src-pages-investment-banking-js-e0fd021c3c7e708e8f91.js","size":11207}],"filteredAssets":0,"assetsSize":478028,"filteredAuxiliaryAssets":6,"auxiliaryAssetsSize":1469418},"component---src-pages-management-team-ar-js":{"name":"component---src-pages-management-team-ar-js","assets":[{"name":"styles.b23dcc984cbc701dbc2c.css","size":53614},{"name":"2fbf9dd2-99790b20efa6907a1c6f.js","size":335208},{"name":"commons-05d8f1c4a28ac486f9c8.js","size":47579},{"name":"component---src-pages-management-team-ar-js-8f422233287bd9a9f830.js","size":3667}],"filteredAssets":0,"assetsSize":440068,"filteredAuxiliaryAssets":5,"auxiliaryAssetsSize":1298372},"component---src-pages-management-team-en-js":{"name":"component---src-pages-management-team-en-js","assets":[{"name":"styles.b23dcc984cbc701dbc2c.css","size":53614},{"name":"2fbf9dd2-99790b20efa6907a1c6f.js","size":335208},{"name":"commons-05d8f1c4a28ac486f9c8.js","size":47579},{"name":"component---src-pages-management-team-en-js-ffd3baf917cc1ee86e09.js","size":3667}],"filteredAssets":0,"assetsSize":440068,"filteredAuxiliaryAssets":5,"auxiliaryAssetsSize":1298372},"component---src-pages-management-team-jsx":{"name":"component---src-pages-management-team-jsx","assets":[{"name":"styles.b23dcc984cbc701dbc2c.css","size":53614},{"name":"2fbf9dd2-99790b20efa6907a1c6f.js","size":335208},{"name":"commons-05d8f1c4a28ac486f9c8.js","size":47579},{"name":"component---src-pages-management-team-jsx-f528e5199565a73e7a89.js","size":3425}],"filteredAssets":0,"assetsSize":439826,"filteredAuxiliaryAssets":5,"auxiliaryAssetsSize":1298265},"component---src-pages-management-team-templet-ar-js":{"name":"component---src-pages-management-team-templet-ar-js","assets":[{"name":"styles.b23dcc984cbc701dbc2c.css","size":53614},{"name":"2fbf9dd2-99790b20efa6907a1c6f.js","size":335208},{"name":"commons-05d8f1c4a28ac486f9c8.js","size":47579},{"name":"component---src-pages-management-team-templet-ar-js-ce6c0081c92596cb5b00.js","size":3272}],"filteredAssets":0,"assetsSize":439673,"filteredAuxiliaryAssets":5,"auxiliaryAssetsSize":1298071},"component---src-pages-management-team-templet-en-js":{"name":"component---src-pages-management-team-templet-en-js","assets":[{"name":"styles.b23dcc984cbc701dbc2c.css","size":53614},{"name":"2fbf9dd2-99790b20efa6907a1c6f.js","size":335208},{"name":"commons-05d8f1c4a28ac486f9c8.js","size":47579},{"name":"component---src-pages-management-team-templet-en-js-8a1b3bd7fbdb96b20c18.js","size":3271}],"filteredAssets":0,"assetsSize":439672,"filteredAuxiliaryAssets":5,"auxiliaryAssetsSize":1298071},"component---src-pages-management-team-templet-js":{"name":"component---src-pages-management-team-templet-js","assets":[{"name":"styles.b23dcc984cbc701dbc2c.css","size":53614},{"name":"2fbf9dd2-99790b20efa6907a1c6f.js","size":335208},{"name":"commons-05d8f1c4a28ac486f9c8.js","size":47579},{"name":"component---src-pages-management-team-templet-js-cb51bb1ec368bfd691ff.js","size":3507}],"filteredAssets":0,"assetsSize":439908,"filteredAuxiliaryAssets":5,"auxiliaryAssetsSize":1298501},"component---src-pages-page-2-js":{"name":"component---src-pages-page-2-js","assets":[{"name":"styles.b23dcc984cbc701dbc2c.css","size":53614},{"name":"2fbf9dd2-99790b20efa6907a1c6f.js","size":335208},{"name":"commons-05d8f1c4a28ac486f9c8.js","size":47579},{"name":"component---src-pages-page-2-js-1f27fe1bad4450d6d1f4.js","size":555}],"filteredAssets":0,"assetsSize":436956,"filteredAuxiliaryAssets":5,"auxiliaryAssetsSize":1290136},"component---src-pages-reports-ar-js":{"name":"component---src-pages-reports-ar-js","assets":[{"name":"styles.b23dcc984cbc701dbc2c.css","size":53614},{"name":"framework-378481a856149b1b42f2.js","size":141440},{"name":"2fbf9dd2-99790b20efa6907a1c6f.js","size":335208},{"name":"commons-05d8f1c4a28ac486f9c8.js","size":47579},{"name":"a6f2f626e93d4feae3cc5f3a3afa6ca74afad0f8-fc6fe010ea1ff67fc537.js","size":95503},{"name":"component---src-pages-reports-ar-js-40c2ec180cc3ab53dc73.js","size":7109}],"filteredAssets":0,"assetsSize":680453,"filteredAuxiliaryAssets":7,"auxiliaryAssetsSize":2129630},"component---src-pages-reports-en-js":{"name":"component---src-pages-reports-en-js","assets":[{"name":"styles.b23dcc984cbc701dbc2c.css","size":53614},{"name":"framework-378481a856149b1b42f2.js","size":141440},{"name":"2fbf9dd2-99790b20efa6907a1c6f.js","size":335208},{"name":"commons-05d8f1c4a28ac486f9c8.js","size":47579},{"name":"a6f2f626e93d4feae3cc5f3a3afa6ca74afad0f8-fc6fe010ea1ff67fc537.js","size":95503},{"name":"component---src-pages-reports-en-js-86b1ecb65ae28612b3a4.js","size":7091}],"filteredAssets":0,"assetsSize":680435,"filteredAuxiliaryAssets":7,"auxiliaryAssetsSize":2129588},"component---src-pages-reports-jsx":{"name":"component---src-pages-reports-jsx","assets":[{"name":"styles.b23dcc984cbc701dbc2c.css","size":53614},{"name":"framework-378481a856149b1b42f2.js","size":141440},{"name":"2fbf9dd2-99790b20efa6907a1c6f.js","size":335208},{"name":"commons-05d8f1c4a28ac486f9c8.js","size":47579},{"name":"a6f2f626e93d4feae3cc5f3a3afa6ca74afad0f8-fc6fe010ea1ff67fc537.js","size":95503},{"name":"component---src-pages-reports-jsx-facfaf1123bf576a6029.js","size":3125}],"filteredAssets":0,"assetsSize":676469,"filteredAuxiliaryAssets":7,"auxiliaryAssetsSize":2131979},"component---src-pages-shariyah-review-ar-js":{"name":"component---src-pages-shariyah-review-ar-js","assets":[{"name":"styles.b23dcc984cbc701dbc2c.css","size":53614},{"name":"2fbf9dd2-99790b20efa6907a1c6f.js","size":335208},{"name":"commons-05d8f1c4a28ac486f9c8.js","size":47579},{"name":"component---src-pages-shariyah-review-ar-js-7ebe3d46519ec4d6972b.js","size":4083}],"filteredAssets":0,"assetsSize":440484,"filteredAuxiliaryAssets":5,"auxiliaryAssetsSize":1298812},"component---src-pages-shariyah-review-en-js":{"name":"component---src-pages-shariyah-review-en-js","assets":[{"name":"styles.b23dcc984cbc701dbc2c.css","size":53614},{"name":"2fbf9dd2-99790b20efa6907a1c6f.js","size":335208},{"name":"commons-05d8f1c4a28ac486f9c8.js","size":47579},{"name":"component---src-pages-shariyah-review-en-js-d91caf16cf3e390530c0.js","size":3997}],"filteredAssets":0,"assetsSize":440398,"filteredAuxiliaryAssets":5,"auxiliaryAssetsSize":1298647},"component---src-pages-shariyah-review-js":{"name":"component---src-pages-shariyah-review-js","assets":[{"name":"styles.b23dcc984cbc701dbc2c.css","size":53614},{"name":"2fbf9dd2-99790b20efa6907a1c6f.js","size":335208},{"name":"commons-05d8f1c4a28ac486f9c8.js","size":47579},{"name":"27242b6a2560df6514ed1d11dac45d81f6f5e7f7-c0389931bf97438603f3.js","size":30420},{"name":"component---src-pages-shariyah-review-js-602bd8863abff14d354e.js","size":3246}],"filteredAssets":0,"assetsSize":470067,"filteredAuxiliaryAssets":6,"auxiliaryAssetsSize":1441507},"component---src-pages-team-js":{"name":"component---src-pages-team-js","assets":[{"name":"styles.b23dcc984cbc701dbc2c.css","size":53614},{"name":"2fbf9dd2-99790b20efa6907a1c6f.js","size":335208},{"name":"commons-05d8f1c4a28ac486f9c8.js","size":47579},{"name":"component---src-pages-team-js-b3aec4aec4f374bc3be8.js","size":3766}],"filteredAssets":0,"assetsSize":440167,"filteredAuxiliaryAssets":5,"auxiliaryAssetsSize":1299555},"component---src-pages-using-ssr-js":{"name":"component---src-pages-using-ssr-js","assets":[{"name":"styles.b23dcc984cbc701dbc2c.css","size":53614},{"name":"2fbf9dd2-99790b20efa6907a1c6f.js","size":335208},{"name":"commons-05d8f1c4a28ac486f9c8.js","size":47579},{"name":"component---src-pages-using-ssr-js-98baa80659336d1fb145.js","size":1137}],"filteredAssets":0,"assetsSize":437538,"filteredAuxiliaryAssets":5,"auxiliaryAssetsSize":1291575},"component---src-pages-using-typescript-tsx":{"name":"component---src-pages-using-typescript-tsx","assets":[{"name":"styles.b23dcc984cbc701dbc2c.css","size":53614},{"name":"2fbf9dd2-99790b20efa6907a1c6f.js","size":335208},{"name":"commons-05d8f1c4a28ac486f9c8.js","size":47579},{"name":"component---src-pages-using-typescript-tsx-1796e9941a43d491ebe5.js","size":1468}],"filteredAssets":0,"assetsSize":437869,"filteredAuxiliaryAssets":5,"auxiliaryAssetsSize":1291852}},"assetsByChunkName":{"app":["webpack-runtime-3cbeadd21b65f447fd2b.js","framework-378481a856149b1b42f2.js","app-a2eb5189d7dfe4d6884e.js"],"component---src-pages-404-js":["styles.b23dcc984cbc701dbc2c.css","2fbf9dd2-99790b20efa6907a1c6f.js","commons-05d8f1c4a28ac486f9c8.js","component---src-pages-404-js-2166161bf7e3a7a35602.js"],"component---src-pages-about-us-ar-js":["styles.b23dcc984cbc701dbc2c.css","2fbf9dd2-99790b20efa6907a1c6f.js","commons-05d8f1c4a28ac486f9c8.js","27242b6a2560df6514ed1d11dac45d81f6f5e7f7-c0389931bf97438603f3.js","f8d05ade44e5af3dd411582230cc5c025e9f44ff-730b3ee05cae49e34f4d.js","component---src-pages-about-us-ar-js-2965a46640db1219c4ab.js"],"component---src-pages-about-us-en-js":["styles.b23dcc984cbc701dbc2c.css","2fbf9dd2-99790b20efa6907a1c6f.js","commons-05d8f1c4a28ac486f9c8.js","27242b6a2560df6514ed1d11dac45d81f6f5e7f7-c0389931bf97438603f3.js","f8d05ade44e5af3dd411582230cc5c025e9f44ff-730b3ee05cae49e34f4d.js","component---src-pages-about-us-en-js-9f22715abdb0fc065a4f.js"],"component---src-pages-about-us-js":["styles.b23dcc984cbc701dbc2c.css","2fbf9dd2-99790b20efa6907a1c6f.js","commons-05d8f1c4a28ac486f9c8.js","27242b6a2560df6514ed1d11dac45d81f6f5e7f7-c0389931bf97438603f3.js","f8d05ade44e5af3dd411582230cc5c025e9f44ff-730b3ee05cae49e34f4d.js","component---src-pages-about-us-js-2ac5ae98f63d4f5b1345.js"],"component---src-pages-advisory-research-ar-js":["styles.b23dcc984cbc701dbc2c.css","2fbf9dd2-99790b20efa6907a1c6f.js","commons-05d8f1c4a28ac486f9c8.js","component---src-pages-advisory-research-ar-js-16567e4a9c632c080949.js"],"component---src-pages-advisory-research-en-js":["styles.b23dcc984cbc701dbc2c.css","2fbf9dd2-99790b20efa6907a1c6f.js","commons-05d8f1c4a28ac486f9c8.js","component---src-pages-advisory-research-en-js-fa101b5f0e09a18d608e.js"],"component---src-pages-advisory-research-js":["styles.b23dcc984cbc701dbc2c.css","2fbf9dd2-99790b20efa6907a1c6f.js","commons-05d8f1c4a28ac486f9c8.js","27242b6a2560df6514ed1d11dac45d81f6f5e7f7-c0389931bf97438603f3.js","component---src-pages-advisory-research-js-4959714aeaad41a5fc63.js"],"component---src-pages-announcements-ar-js":["styles.b23dcc984cbc701dbc2c.css","2fbf9dd2-99790b20efa6907a1c6f.js","commons-05d8f1c4a28ac486f9c8.js","component---src-pages-announcements-ar-js-2144416556ad134c5054.js"],"component---src-pages-announcements-en-js":["styles.b23dcc984cbc701dbc2c.css","2fbf9dd2-99790b20efa6907a1c6f.js","commons-05d8f1c4a28ac486f9c8.js","component---src-pages-announcements-en-js-c710d377fa5944367d2c.js"],"component---src-pages-announcements-jsx":["styles.b23dcc984cbc701dbc2c.css","2fbf9dd2-99790b20efa6907a1c6f.js","commons-05d8f1c4a28ac486f9c8.js","component---src-pages-announcements-jsx-b97c9e9cec14f4efc586.js"],"component---src-pages-asset-management-ar-js":["styles.b23dcc984cbc701dbc2c.css","framework-378481a856149b1b42f2.js","2fbf9dd2-99790b20efa6907a1c6f.js","commons-05d8f1c4a28ac486f9c8.js","a6f2f626e93d4feae3cc5f3a3afa6ca74afad0f8-fc6fe010ea1ff67fc537.js","7aa11da8b8b43e76aa809d7885adc74b7358a2ff-1c02802b1efac00a85e0.js","component---src-pages-asset-management-ar-js-554338b676a8382bd17b.js"],"component---src-pages-asset-management-en-js":["styles.b23dcc984cbc701dbc2c.css","framework-378481a856149b1b42f2.js","2fbf9dd2-99790b20efa6907a1c6f.js","commons-05d8f1c4a28ac486f9c8.js","a6f2f626e93d4feae3cc5f3a3afa6ca74afad0f8-fc6fe010ea1ff67fc537.js","7aa11da8b8b43e76aa809d7885adc74b7358a2ff-1c02802b1efac00a85e0.js","component---src-pages-asset-management-en-js-675891bd6203dd8a85e1.js"],"component---src-pages-asset-management-js":["styles.b23dcc984cbc701dbc2c.css","framework-378481a856149b1b42f2.js","2fbf9dd2-99790b20efa6907a1c6f.js","commons-05d8f1c4a28ac486f9c8.js","27242b6a2560df6514ed1d11dac45d81f6f5e7f7-c0389931bf97438603f3.js","a6f2f626e93d4feae3cc5f3a3afa6ca74afad0f8-fc6fe010ea1ff67fc537.js","7aa11da8b8b43e76aa809d7885adc74b7358a2ff-1c02802b1efac00a85e0.js","component---src-pages-asset-management-js-dedc565c670b620aaab8.js"],"component---src-pages-board-ar-js":["styles.b23dcc984cbc701dbc2c.css","2fbf9dd2-99790b20efa6907a1c6f.js","commons-05d8f1c4a28ac486f9c8.js","component---src-pages-board-ar-js-4a12ae285bc316331829.js"],"component---src-pages-board-directors-ar-js":["styles.b23dcc984cbc701dbc2c.css","2fbf9dd2-99790b20efa6907a1c6f.js","commons-05d8f1c4a28ac486f9c8.js","component---src-pages-board-directors-ar-js-7f03b5f80bc6789aa134.js"],"component---src-pages-board-directors-en-js":["styles.b23dcc984cbc701dbc2c.css","2fbf9dd2-99790b20efa6907a1c6f.js","commons-05d8f1c4a28ac486f9c8.js","component---src-pages-board-directors-en-js-0a14dd67c547975f9a77.js"],"component---src-pages-board-directors-js":["styles.b23dcc984cbc701dbc2c.css","2fbf9dd2-99790b20efa6907a1c6f.js","commons-05d8f1c4a28ac486f9c8.js","27242b6a2560df6514ed1d11dac45d81f6f5e7f7-c0389931bf97438603f3.js","component---src-pages-board-directors-js-97f6398ef015a8d3ae04.js"],"component---src-pages-board-en-js":["styles.b23dcc984cbc701dbc2c.css","2fbf9dd2-99790b20efa6907a1c6f.js","commons-05d8f1c4a28ac486f9c8.js","component---src-pages-board-en-js-c33ea87071701fba8c4e.js"],"component---src-pages-board-js":["styles.b23dcc984cbc701dbc2c.css","2fbf9dd2-99790b20efa6907a1c6f.js","commons-05d8f1c4a28ac486f9c8.js","component---src-pages-board-js-3d2181a80e2345d634ed.js"],"component---src-pages-client-awareness-ar-js":["styles.b23dcc984cbc701dbc2c.css","2fbf9dd2-99790b20efa6907a1c6f.js","commons-05d8f1c4a28ac486f9c8.js","component---src-pages-client-awareness-ar-js-80d45dc2dade83a8822d.js"],"component---src-pages-client-awareness-en-js":["styles.b23dcc984cbc701dbc2c.css","2fbf9dd2-99790b20efa6907a1c6f.js","commons-05d8f1c4a28ac486f9c8.js","component---src-pages-client-awareness-en-js-7492ea2e58d2c578202b.js"],"component---src-pages-client-awareness-js":["styles.b23dcc984cbc701dbc2c.css","2fbf9dd2-99790b20efa6907a1c6f.js","commons-05d8f1c4a28ac486f9c8.js","27242b6a2560df6514ed1d11dac45d81f6f5e7f7-c0389931bf97438603f3.js","component---src-pages-client-awareness-js-5c024e82ac187c5dddd3.js"],"component---src-pages-companies-login-ar-js":["styles.b23dcc984cbc701dbc2c.css","framework-378481a856149b1b42f2.js","2fbf9dd2-99790b20efa6907a1c6f.js","commons-05d8f1c4a28ac486f9c8.js","27242b6a2560df6514ed1d11dac45d81f6f5e7f7-c0389931bf97438603f3.js","f8d05ade44e5af3dd411582230cc5c025e9f44ff-730b3ee05cae49e34f4d.js","a6f2f626e93d4feae3cc5f3a3afa6ca74afad0f8-fc6fe010ea1ff67fc537.js","component---src-pages-companies-login-ar-js-675f7bbd61772d59d756.js"],"component---src-pages-companies-login-en-js":["styles.b23dcc984cbc701dbc2c.css","framework-378481a856149b1b42f2.js","2fbf9dd2-99790b20efa6907a1c6f.js","commons-05d8f1c4a28ac486f9c8.js","27242b6a2560df6514ed1d11dac45d81f6f5e7f7-c0389931bf97438603f3.js","f8d05ade44e5af3dd411582230cc5c025e9f44ff-730b3ee05cae49e34f4d.js","a6f2f626e93d4feae3cc5f3a3afa6ca74afad0f8-fc6fe010ea1ff67fc537.js","component---src-pages-companies-login-en-js-61e1025f561615d9e250.js"],"component---src-pages-companies-login-js":["styles.b23dcc984cbc701dbc2c.css","framework-378481a856149b1b42f2.js","2fbf9dd2-99790b20efa6907a1c6f.js","commons-05d8f1c4a28ac486f9c8.js","27242b6a2560df6514ed1d11dac45d81f6f5e7f7-c0389931bf97438603f3.js","f8d05ade44e5af3dd411582230cc5c025e9f44ff-730b3ee05cae49e34f4d.js","a6f2f626e93d4feae3cc5f3a3afa6ca74afad0f8-fc6fe010ea1ff67fc537.js","component---src-pages-companies-login-js-c53c14ba41282d8423ee.js"],"component---src-pages-conservation-services-ar-js":["styles.b23dcc984cbc701dbc2c.css","2fbf9dd2-99790b20efa6907a1c6f.js","commons-05d8f1c4a28ac486f9c8.js","component---src-pages-conservation-services-ar-js-c60bf24b714693b88e40.js"],"component---src-pages-conservation-services-en-js":["styles.b23dcc984cbc701dbc2c.css","2fbf9dd2-99790b20efa6907a1c6f.js","commons-05d8f1c4a28ac486f9c8.js","component---src-pages-conservation-services-en-js-8d8fff45fe6074a3c117.js"],"component---src-pages-conservation-services-js":["styles.b23dcc984cbc701dbc2c.css","2fbf9dd2-99790b20efa6907a1c6f.js","commons-05d8f1c4a28ac486f9c8.js","27242b6a2560df6514ed1d11dac45d81f6f5e7f7-c0389931bf97438603f3.js","component---src-pages-conservation-services-js-3400e4198c1d7a3edb33.js"],"component---src-pages-contact-us-ar-js":["styles.b23dcc984cbc701dbc2c.css","2fbf9dd2-99790b20efa6907a1c6f.js","commons-05d8f1c4a28ac486f9c8.js","27242b6a2560df6514ed1d11dac45d81f6f5e7f7-c0389931bf97438603f3.js","f8d05ade44e5af3dd411582230cc5c025e9f44ff-730b3ee05cae49e34f4d.js","component---src-pages-contact-us-ar-js-ea5deefc41401638d9d9.js"],"component---src-pages-contact-us-en-js":["styles.b23dcc984cbc701dbc2c.css","2fbf9dd2-99790b20efa6907a1c6f.js","commons-05d8f1c4a28ac486f9c8.js","27242b6a2560df6514ed1d11dac45d81f6f5e7f7-c0389931bf97438603f3.js","f8d05ade44e5af3dd411582230cc5c025e9f44ff-730b3ee05cae49e34f4d.js","component---src-pages-contact-us-en-js-a7adf773e10e102f63f0.js"],"component---src-pages-contact-us-js":["styles.b23dcc984cbc701dbc2c.css","2fbf9dd2-99790b20efa6907a1c6f.js","commons-05d8f1c4a28ac486f9c8.js","27242b6a2560df6514ed1d11dac45d81f6f5e7f7-c0389931bf97438603f3.js","f8d05ade44e5af3dd411582230cc5c025e9f44ff-730b3ee05cae49e34f4d.js","component---src-pages-contact-us-js-2b979fd4a8a1b5b4474c.js"],"component---src-pages-index-ar-js":["styles.b23dcc984cbc701dbc2c.css","2fbf9dd2-99790b20efa6907a1c6f.js","commons-05d8f1c4a28ac486f9c8.js","27242b6a2560df6514ed1d11dac45d81f6f5e7f7-c0389931bf97438603f3.js","f8d05ade44e5af3dd411582230cc5c025e9f44ff-730b3ee05cae49e34f4d.js","component---src-pages-index-ar-js-6a268e96b5b23388a915.js"],"component---src-pages-index-en-js":["styles.b23dcc984cbc701dbc2c.css","2fbf9dd2-99790b20efa6907a1c6f.js","commons-05d8f1c4a28ac486f9c8.js","27242b6a2560df6514ed1d11dac45d81f6f5e7f7-c0389931bf97438603f3.js","f8d05ade44e5af3dd411582230cc5c025e9f44ff-730b3ee05cae49e34f4d.js","component---src-pages-index-en-js-ff603df990785827e048.js"],"component---src-pages-index-js":["styles.b23dcc984cbc701dbc2c.css","2fbf9dd2-99790b20efa6907a1c6f.js","commons-05d8f1c4a28ac486f9c8.js","27242b6a2560df6514ed1d11dac45d81f6f5e7f7-c0389931bf97438603f3.js","f8d05ade44e5af3dd411582230cc5c025e9f44ff-730b3ee05cae49e34f4d.js","component---src-pages-index-js-cd1071c08be9b36f74ec.js"],"component---src-pages-individuals-login-ar-js":["styles.b23dcc984cbc701dbc2c.css","framework-378481a856149b1b42f2.js","2fbf9dd2-99790b20efa6907a1c6f.js","commons-05d8f1c4a28ac486f9c8.js","27242b6a2560df6514ed1d11dac45d81f6f5e7f7-c0389931bf97438603f3.js","f8d05ade44e5af3dd411582230cc5c025e9f44ff-730b3ee05cae49e34f4d.js","a6f2f626e93d4feae3cc5f3a3afa6ca74afad0f8-fc6fe010ea1ff67fc537.js","component---src-pages-individuals-login-ar-js-d14635d43b44d33d3819.js"],"component---src-pages-individuals-login-en-js":["styles.b23dcc984cbc701dbc2c.css","framework-378481a856149b1b42f2.js","2fbf9dd2-99790b20efa6907a1c6f.js","commons-05d8f1c4a28ac486f9c8.js","27242b6a2560df6514ed1d11dac45d81f6f5e7f7-c0389931bf97438603f3.js","f8d05ade44e5af3dd411582230cc5c025e9f44ff-730b3ee05cae49e34f4d.js","a6f2f626e93d4feae3cc5f3a3afa6ca74afad0f8-fc6fe010ea1ff67fc537.js","component---src-pages-individuals-login-en-js-c229950480547ca2c323.js"],"component---src-pages-individuals-login-js":["styles.b23dcc984cbc701dbc2c.css","framework-378481a856149b1b42f2.js","2fbf9dd2-99790b20efa6907a1c6f.js","commons-05d8f1c4a28ac486f9c8.js","27242b6a2560df6514ed1d11dac45d81f6f5e7f7-c0389931bf97438603f3.js","f8d05ade44e5af3dd411582230cc5c025e9f44ff-730b3ee05cae49e34f4d.js","a6f2f626e93d4feae3cc5f3a3afa6ca74afad0f8-fc6fe010ea1ff67fc537.js","component---src-pages-individuals-login-js-aed5f1b0e69784551793.js"],"component---src-pages-investment-banking-ar-js":["styles.b23dcc984cbc701dbc2c.css","2fbf9dd2-99790b20efa6907a1c6f.js","commons-05d8f1c4a28ac486f9c8.js","component---src-pages-investment-banking-ar-js-b2eb82b99206802d6fb6.js"],"component---src-pages-investment-banking-en-js":["styles.b23dcc984cbc701dbc2c.css","2fbf9dd2-99790b20efa6907a1c6f.js","commons-05d8f1c4a28ac486f9c8.js","component---src-pages-investment-banking-en-js-977ba086127e7caddb7b.js"],"component---src-pages-investment-banking-js":["styles.b23dcc984cbc701dbc2c.css","2fbf9dd2-99790b20efa6907a1c6f.js","commons-05d8f1c4a28ac486f9c8.js","27242b6a2560df6514ed1d11dac45d81f6f5e7f7-c0389931bf97438603f3.js","component---src-pages-investment-banking-js-e0fd021c3c7e708e8f91.js"],"component---src-pages-management-team-ar-js":["styles.b23dcc984cbc701dbc2c.css","2fbf9dd2-99790b20efa6907a1c6f.js","commons-05d8f1c4a28ac486f9c8.js","component---src-pages-management-team-ar-js-8f422233287bd9a9f830.js"],"component---src-pages-management-team-en-js":["styles.b23dcc984cbc701dbc2c.css","2fbf9dd2-99790b20efa6907a1c6f.js","commons-05d8f1c4a28ac486f9c8.js","component---src-pages-management-team-en-js-ffd3baf917cc1ee86e09.js"],"component---src-pages-management-team-jsx":["styles.b23dcc984cbc701dbc2c.css","2fbf9dd2-99790b20efa6907a1c6f.js","commons-05d8f1c4a28ac486f9c8.js","component---src-pages-management-team-jsx-f528e5199565a73e7a89.js"],"component---src-pages-management-team-templet-ar-js":["styles.b23dcc984cbc701dbc2c.css","2fbf9dd2-99790b20efa6907a1c6f.js","commons-05d8f1c4a28ac486f9c8.js","component---src-pages-management-team-templet-ar-js-ce6c0081c92596cb5b00.js"],"component---src-pages-management-team-templet-en-js":["styles.b23dcc984cbc701dbc2c.css","2fbf9dd2-99790b20efa6907a1c6f.js","commons-05d8f1c4a28ac486f9c8.js","component---src-pages-management-team-templet-en-js-8a1b3bd7fbdb96b20c18.js"],"component---src-pages-management-team-templet-js":["styles.b23dcc984cbc701dbc2c.css","2fbf9dd2-99790b20efa6907a1c6f.js","commons-05d8f1c4a28ac486f9c8.js","component---src-pages-management-team-templet-js-cb51bb1ec368bfd691ff.js"],"component---src-pages-page-2-js":["styles.b23dcc984cbc701dbc2c.css","2fbf9dd2-99790b20efa6907a1c6f.js","commons-05d8f1c4a28ac486f9c8.js","component---src-pages-page-2-js-1f27fe1bad4450d6d1f4.js"],"component---src-pages-reports-ar-js":["styles.b23dcc984cbc701dbc2c.css","framework-378481a856149b1b42f2.js","2fbf9dd2-99790b20efa6907a1c6f.js","commons-05d8f1c4a28ac486f9c8.js","a6f2f626e93d4feae3cc5f3a3afa6ca74afad0f8-fc6fe010ea1ff67fc537.js","component---src-pages-reports-ar-js-40c2ec180cc3ab53dc73.js"],"component---src-pages-reports-en-js":["styles.b23dcc984cbc701dbc2c.css","framework-378481a856149b1b42f2.js","2fbf9dd2-99790b20efa6907a1c6f.js","commons-05d8f1c4a28ac486f9c8.js","a6f2f626e93d4feae3cc5f3a3afa6ca74afad0f8-fc6fe010ea1ff67fc537.js","component---src-pages-reports-en-js-86b1ecb65ae28612b3a4.js"],"component---src-pages-reports-jsx":["styles.b23dcc984cbc701dbc2c.css","framework-378481a856149b1b42f2.js","2fbf9dd2-99790b20efa6907a1c6f.js","commons-05d8f1c4a28ac486f9c8.js","a6f2f626e93d4feae3cc5f3a3afa6ca74afad0f8-fc6fe010ea1ff67fc537.js","component---src-pages-reports-jsx-facfaf1123bf576a6029.js"],"component---src-pages-shariyah-review-ar-js":["styles.b23dcc984cbc701dbc2c.css","2fbf9dd2-99790b20efa6907a1c6f.js","commons-05d8f1c4a28ac486f9c8.js","component---src-pages-shariyah-review-ar-js-7ebe3d46519ec4d6972b.js"],"component---src-pages-shariyah-review-en-js":["styles.b23dcc984cbc701dbc2c.css","2fbf9dd2-99790b20efa6907a1c6f.js","commons-05d8f1c4a28ac486f9c8.js","component---src-pages-shariyah-review-en-js-d91caf16cf3e390530c0.js"],"component---src-pages-shariyah-review-js":["styles.b23dcc984cbc701dbc2c.css","2fbf9dd2-99790b20efa6907a1c6f.js","commons-05d8f1c4a28ac486f9c8.js","27242b6a2560df6514ed1d11dac45d81f6f5e7f7-c0389931bf97438603f3.js","component---src-pages-shariyah-review-js-602bd8863abff14d354e.js"],"component---src-pages-team-js":["styles.b23dcc984cbc701dbc2c.css","2fbf9dd2-99790b20efa6907a1c6f.js","commons-05d8f1c4a28ac486f9c8.js","component---src-pages-team-js-b3aec4aec4f374bc3be8.js"],"component---src-pages-using-ssr-js":["styles.b23dcc984cbc701dbc2c.css","2fbf9dd2-99790b20efa6907a1c6f.js","commons-05d8f1c4a28ac486f9c8.js","component---src-pages-using-ssr-js-98baa80659336d1fb145.js"],"component---src-pages-using-typescript-tsx":["styles.b23dcc984cbc701dbc2c.css","2fbf9dd2-99790b20efa6907a1c6f.js","commons-05d8f1c4a28ac486f9c8.js","component---src-pages-using-typescript-tsx-1796e9941a43d491ebe5.js"]},"childAssetsByChunkName":{}}