{"name":"build-javascript","namedChunkGroups":{"app":{"name":"app","assets":[{"name":"webpack-runtime-8c4abde8f228fc865fb5.js","size":9387},{"name":"framework-378481a856149b1b42f2.js","size":141440},{"name":"app-a2418ba473a83e239de6.js","size":261122}],"filteredAssets":0,"assetsSize":411949,"filteredAuxiliaryAssets":3,"auxiliaryAssetsSize":905762},"component---src-pages-404-js":{"name":"component---src-pages-404-js","assets":[{"name":"styles.0c1e9a0c0a82b9ebbf5a.css","size":53152},{"name":"2fbf9dd2-99790b20efa6907a1c6f.js","size":335208},{"name":"commons-cac56d3e9a31456c4dc7.js","size":47605},{"name":"component---src-pages-404-js-2166161bf7e3a7a35602.js","size":756}],"filteredAssets":0,"assetsSize":436721,"filteredAuxiliaryAssets":5,"auxiliaryAssetsSize":1290588},"component---src-pages-about-us-ar-js":{"name":"component---src-pages-about-us-ar-js","assets":[{"name":"styles.0c1e9a0c0a82b9ebbf5a.css","size":53152},{"name":"2fbf9dd2-99790b20efa6907a1c6f.js","size":335208},{"name":"commons-cac56d3e9a31456c4dc7.js","size":47605},{"name":"27242b6a2560df6514ed1d11dac45d81f6f5e7f7-c0389931bf97438603f3.js","size":30420},{"name":"f8d05ade44e5af3dd411582230cc5c025e9f44ff-730b3ee05cae49e34f4d.js","size":77513},{"name":"component---src-pages-about-us-ar-js-2965a46640db1219c4ab.js","size":11521}],"filteredAssets":0,"assetsSize":555419,"filteredAuxiliaryAssets":7,"auxiliaryAssetsSize":1546080},"component---src-pages-about-us-en-js":{"name":"component---src-pages-about-us-en-js","assets":[{"name":"styles.0c1e9a0c0a82b9ebbf5a.css","size":53152},{"name":"2fbf9dd2-99790b20efa6907a1c6f.js","size":335208},{"name":"commons-cac56d3e9a31456c4dc7.js","size":47605},{"name":"27242b6a2560df6514ed1d11dac45d81f6f5e7f7-c0389931bf97438603f3.js","size":30420},{"name":"f8d05ade44e5af3dd411582230cc5c025e9f44ff-730b3ee05cae49e34f4d.js","size":77513},{"name":"component---src-pages-about-us-en-js-9f22715abdb0fc065a4f.js","size":11522}],"filteredAssets":0,"assetsSize":555420,"filteredAuxiliaryAssets":7,"auxiliaryAssetsSize":1546080},"component---src-pages-about-us-js":{"name":"component---src-pages-about-us-js","assets":[{"name":"styles.0c1e9a0c0a82b9ebbf5a.css","size":53152},{"name":"2fbf9dd2-99790b20efa6907a1c6f.js","size":335208},{"name":"commons-cac56d3e9a31456c4dc7.js","size":47605},{"name":"27242b6a2560df6514ed1d11dac45d81f6f5e7f7-c0389931bf97438603f3.js","size":30420},{"name":"f8d05ade44e5af3dd411582230cc5c025e9f44ff-730b3ee05cae49e34f4d.js","size":77513},{"name":"component---src-pages-about-us-js-2ac5ae98f63d4f5b1345.js","size":11808}],"filteredAssets":0,"assetsSize":555706,"filteredAuxiliaryAssets":7,"auxiliaryAssetsSize":1547407},"component---src-pages-advisory-research-ar-js":{"name":"component---src-pages-advisory-research-ar-js","assets":[{"name":"styles.0c1e9a0c0a82b9ebbf5a.css","size":53152},{"name":"2fbf9dd2-99790b20efa6907a1c6f.js","size":335208},{"name":"commons-cac56d3e9a31456c4dc7.js","size":47605},{"name":"component---src-pages-advisory-research-ar-js-16567e4a9c632c080949.js","size":3417}],"filteredAssets":0,"assetsSize":439382,"filteredAuxiliaryAssets":5,"auxiliaryAssetsSize":1297416},"component---src-pages-advisory-research-en-js":{"name":"component---src-pages-advisory-research-en-js","assets":[{"name":"styles.0c1e9a0c0a82b9ebbf5a.css","size":53152},{"name":"2fbf9dd2-99790b20efa6907a1c6f.js","size":335208},{"name":"commons-cac56d3e9a31456c4dc7.js","size":47605},{"name":"component---src-pages-advisory-research-en-js-fa101b5f0e09a18d608e.js","size":3417}],"filteredAssets":0,"assetsSize":439382,"filteredAuxiliaryAssets":5,"auxiliaryAssetsSize":1297416},"component---src-pages-advisory-research-js":{"name":"component---src-pages-advisory-research-js","assets":[{"name":"styles.0c1e9a0c0a82b9ebbf5a.css","size":53152},{"name":"2fbf9dd2-99790b20efa6907a1c6f.js","size":335208},{"name":"commons-cac56d3e9a31456c4dc7.js","size":47605},{"name":"27242b6a2560df6514ed1d11dac45d81f6f5e7f7-c0389931bf97438603f3.js","size":30420},{"name":"component---src-pages-advisory-research-js-4959714aeaad41a5fc63.js","size":2361}],"filteredAssets":0,"assetsSize":468746,"filteredAuxiliaryAssets":6,"auxiliaryAssetsSize":1439004},"component---src-pages-announcements-ar-js":{"name":"component---src-pages-announcements-ar-js","assets":[{"name":"styles.0c1e9a0c0a82b9ebbf5a.css","size":53152},{"name":"2fbf9dd2-99790b20efa6907a1c6f.js","size":335208},{"name":"commons-cac56d3e9a31456c4dc7.js","size":47605},{"name":"component---src-pages-announcements-ar-js-2144416556ad134c5054.js","size":9818}],"filteredAssets":0,"assetsSize":445783,"filteredAuxiliaryAssets":5,"auxiliaryAssetsSize":1300123},"component---src-pages-announcements-en-js":{"name":"component---src-pages-announcements-en-js","assets":[{"name":"styles.0c1e9a0c0a82b9ebbf5a.css","size":53152},{"name":"2fbf9dd2-99790b20efa6907a1c6f.js","size":335208},{"name":"commons-cac56d3e9a31456c4dc7.js","size":47605},{"name":"component---src-pages-announcements-en-js-c710d377fa5944367d2c.js","size":9818}],"filteredAssets":0,"assetsSize":445783,"filteredAuxiliaryAssets":5,"auxiliaryAssetsSize":1300123},"component---src-pages-announcements-jsx":{"name":"component---src-pages-announcements-jsx","assets":[{"name":"styles.0c1e9a0c0a82b9ebbf5a.css","size":53152},{"name":"2fbf9dd2-99790b20efa6907a1c6f.js","size":335208},{"name":"commons-cac56d3e9a31456c4dc7.js","size":47605},{"name":"component---src-pages-announcements-jsx-0e2768ecdcd90f137d55.js","size":9558}],"filteredAssets":0,"assetsSize":445523,"filteredAuxiliaryAssets":5,"auxiliaryAssetsSize":1299912},"component---src-pages-asset-management-ar-js":{"name":"component---src-pages-asset-management-ar-js","assets":[{"name":"styles.0c1e9a0c0a82b9ebbf5a.css","size":53152},{"name":"framework-378481a856149b1b42f2.js","size":141440},{"name":"2fbf9dd2-99790b20efa6907a1c6f.js","size":335208},{"name":"commons-cac56d3e9a31456c4dc7.js","size":47605},{"name":"a6f2f626e93d4feae3cc5f3a3afa6ca74afad0f8-2cdbb31dd35814bcbb4e.js","size":93320},{"name":"7aa11da8b8b43e76aa809d7885adc74b7358a2ff-1c02802b1efac00a85e0.js","size":136018},{"name":"component---src-pages-asset-management-ar-js-210aa948d004cf2a4d42.js","size":19035}],"filteredAssets":0,"assetsSize":825778,"filteredAuxiliaryAssets":8,"auxiliaryAssetsSize":2528064},"component---src-pages-asset-management-en-js":{"name":"component---src-pages-asset-management-en-js","assets":[{"name":"styles.0c1e9a0c0a82b9ebbf5a.css","size":53152},{"name":"framework-378481a856149b1b42f2.js","size":141440},{"name":"2fbf9dd2-99790b20efa6907a1c6f.js","size":335208},{"name":"commons-cac56d3e9a31456c4dc7.js","size":47605},{"name":"a6f2f626e93d4feae3cc5f3a3afa6ca74afad0f8-2cdbb31dd35814bcbb4e.js","size":93320},{"name":"7aa11da8b8b43e76aa809d7885adc74b7358a2ff-1c02802b1efac00a85e0.js","size":136018},{"name":"component---src-pages-asset-management-en-js-bbe33f8752257186f5b4.js","size":19465}],"filteredAssets":0,"assetsSize":826208,"filteredAuxiliaryAssets":8,"auxiliaryAssetsSize":2528302},"component---src-pages-asset-management-js":{"name":"component---src-pages-asset-management-js","assets":[{"name":"styles.0c1e9a0c0a82b9ebbf5a.css","size":53152},{"name":"framework-378481a856149b1b42f2.js","size":141440},{"name":"2fbf9dd2-99790b20efa6907a1c6f.js","size":335208},{"name":"commons-cac56d3e9a31456c4dc7.js","size":47605},{"name":"27242b6a2560df6514ed1d11dac45d81f6f5e7f7-c0389931bf97438603f3.js","size":30420},{"name":"a6f2f626e93d4feae3cc5f3a3afa6ca74afad0f8-2cdbb31dd35814bcbb4e.js","size":93320},{"name":"7aa11da8b8b43e76aa809d7885adc74b7358a2ff-1c02802b1efac00a85e0.js","size":136018},{"name":"component---src-pages-asset-management-js-144bb4420057e1b8b8bc.js","size":10063}],"filteredAssets":0,"assetsSize":847226,"filteredAuxiliaryAssets":9,"auxiliaryAssetsSize":2668855},"component---src-pages-board-ar-js":{"name":"component---src-pages-board-ar-js","assets":[{"name":"styles.0c1e9a0c0a82b9ebbf5a.css","size":53152},{"name":"2fbf9dd2-99790b20efa6907a1c6f.js","size":335208},{"name":"commons-cac56d3e9a31456c4dc7.js","size":47605},{"name":"component---src-pages-board-ar-js-4a12ae285bc316331829.js","size":3605}],"filteredAssets":0,"assetsSize":439570,"filteredAuxiliaryAssets":5,"auxiliaryAssetsSize":1298764},"component---src-pages-board-directors-ar-js":{"name":"component---src-pages-board-directors-ar-js","assets":[{"name":"styles.0c1e9a0c0a82b9ebbf5a.css","size":53152},{"name":"2fbf9dd2-99790b20efa6907a1c6f.js","size":335208},{"name":"commons-cac56d3e9a31456c4dc7.js","size":47605},{"name":"component---src-pages-board-directors-ar-js-7f03b5f80bc6789aa134.js","size":2003}],"filteredAssets":0,"assetsSize":437968,"filteredAuxiliaryAssets":5,"auxiliaryAssetsSize":1294200},"component---src-pages-board-directors-en-js":{"name":"component---src-pages-board-directors-en-js","assets":[{"name":"styles.0c1e9a0c0a82b9ebbf5a.css","size":53152},{"name":"2fbf9dd2-99790b20efa6907a1c6f.js","size":335208},{"name":"commons-cac56d3e9a31456c4dc7.js","size":47605},{"name":"component---src-pages-board-directors-en-js-0a14dd67c547975f9a77.js","size":2002}],"filteredAssets":0,"assetsSize":437967,"filteredAuxiliaryAssets":5,"auxiliaryAssetsSize":1294200},"component---src-pages-board-directors-js":{"name":"component---src-pages-board-directors-js","assets":[{"name":"styles.0c1e9a0c0a82b9ebbf5a.css","size":53152},{"name":"2fbf9dd2-99790b20efa6907a1c6f.js","size":335208},{"name":"commons-cac56d3e9a31456c4dc7.js","size":47605},{"name":"27242b6a2560df6514ed1d11dac45d81f6f5e7f7-c0389931bf97438603f3.js","size":30420},{"name":"component---src-pages-board-directors-js-97f6398ef015a8d3ae04.js","size":1965}],"filteredAssets":0,"assetsSize":468350,"filteredAuxiliaryAssets":6,"auxiliaryAssetsSize":1438067},"component---src-pages-board-en-js":{"name":"component---src-pages-board-en-js","assets":[{"name":"styles.0c1e9a0c0a82b9ebbf5a.css","size":53152},{"name":"2fbf9dd2-99790b20efa6907a1c6f.js","size":335208},{"name":"commons-cac56d3e9a31456c4dc7.js","size":47605},{"name":"component---src-pages-board-en-js-c33ea87071701fba8c4e.js","size":3605}],"filteredAssets":0,"assetsSize":439570,"filteredAuxiliaryAssets":5,"auxiliaryAssetsSize":1298764},"component---src-pages-board-js":{"name":"component---src-pages-board-js","assets":[{"name":"styles.0c1e9a0c0a82b9ebbf5a.css","size":53152},{"name":"2fbf9dd2-99790b20efa6907a1c6f.js","size":335208},{"name":"commons-cac56d3e9a31456c4dc7.js","size":47605},{"name":"component---src-pages-board-js-3d2181a80e2345d634ed.js","size":3435}],"filteredAssets":0,"assetsSize":439400,"filteredAuxiliaryAssets":5,"auxiliaryAssetsSize":1298775},"component---src-pages-client-awareness-ar-js":{"name":"component---src-pages-client-awareness-ar-js","assets":[{"name":"styles.0c1e9a0c0a82b9ebbf5a.css","size":53152},{"name":"2fbf9dd2-99790b20efa6907a1c6f.js","size":335208},{"name":"commons-cac56d3e9a31456c4dc7.js","size":47605},{"name":"component---src-pages-client-awareness-ar-js-80d45dc2dade83a8822d.js","size":3428}],"filteredAssets":0,"assetsSize":439393,"filteredAuxiliaryAssets":7,"auxiliaryAssetsSize":7012165},"component---src-pages-client-awareness-en-js":{"name":"component---src-pages-client-awareness-en-js","assets":[{"name":"styles.0c1e9a0c0a82b9ebbf5a.css","size":53152},{"name":"2fbf9dd2-99790b20efa6907a1c6f.js","size":335208},{"name":"commons-cac56d3e9a31456c4dc7.js","size":47605},{"name":"component---src-pages-client-awareness-en-js-7492ea2e58d2c578202b.js","size":3364}],"filteredAssets":0,"assetsSize":439329,"filteredAuxiliaryAssets":6,"auxiliaryAssetsSize":6584769},"component---src-pages-client-awareness-js":{"name":"component---src-pages-client-awareness-js","assets":[{"name":"styles.0c1e9a0c0a82b9ebbf5a.css","size":53152},{"name":"2fbf9dd2-99790b20efa6907a1c6f.js","size":335208},{"name":"commons-cac56d3e9a31456c4dc7.js","size":47605},{"name":"27242b6a2560df6514ed1d11dac45d81f6f5e7f7-c0389931bf97438603f3.js","size":30420},{"name":"component---src-pages-client-awareness-js-5c024e82ac187c5dddd3.js","size":2844}],"filteredAssets":0,"assetsSize":469229,"filteredAuxiliaryAssets":6,"auxiliaryAssetsSize":1440622},"component---src-pages-companies-login-ar-js":{"name":"component---src-pages-companies-login-ar-js","assets":[{"name":"styles.0c1e9a0c0a82b9ebbf5a.css","size":53152},{"name":"framework-378481a856149b1b42f2.js","size":141440},{"name":"2fbf9dd2-99790b20efa6907a1c6f.js","size":335208},{"name":"commons-cac56d3e9a31456c4dc7.js","size":47605},{"name":"27242b6a2560df6514ed1d11dac45d81f6f5e7f7-c0389931bf97438603f3.js","size":30420},{"name":"f8d05ade44e5af3dd411582230cc5c025e9f44ff-730b3ee05cae49e34f4d.js","size":77513},{"name":"a6f2f626e93d4feae3cc5f3a3afa6ca74afad0f8-2cdbb31dd35814bcbb4e.js","size":93320},{"name":"component---src-pages-companies-login-ar-js-8b47b9b607e114fa3c76.js","size":46165}],"filteredAssets":0,"assetsSize":824823,"filteredAuxiliaryAssets":9,"auxiliaryAssetsSize":2451508},"component---src-pages-companies-login-en-js":{"name":"component---src-pages-companies-login-en-js","assets":[{"name":"styles.0c1e9a0c0a82b9ebbf5a.css","size":53152},{"name":"framework-378481a856149b1b42f2.js","size":141440},{"name":"2fbf9dd2-99790b20efa6907a1c6f.js","size":335208},{"name":"commons-cac56d3e9a31456c4dc7.js","size":47605},{"name":"27242b6a2560df6514ed1d11dac45d81f6f5e7f7-c0389931bf97438603f3.js","size":30420},{"name":"f8d05ade44e5af3dd411582230cc5c025e9f44ff-730b3ee05cae49e34f4d.js","size":77513},{"name":"a6f2f626e93d4feae3cc5f3a3afa6ca74afad0f8-2cdbb31dd35814bcbb4e.js","size":93320},{"name":"component---src-pages-companies-login-en-js-97aeb64c4b29b79734d6.js","size":46165}],"filteredAssets":0,"assetsSize":824823,"filteredAuxiliaryAssets":9,"auxiliaryAssetsSize":2451508},"component---src-pages-companies-login-js":{"name":"component---src-pages-companies-login-js","assets":[{"name":"styles.0c1e9a0c0a82b9ebbf5a.css","size":53152},{"name":"framework-378481a856149b1b42f2.js","size":141440},{"name":"2fbf9dd2-99790b20efa6907a1c6f.js","size":335208},{"name":"commons-cac56d3e9a31456c4dc7.js","size":47605},{"name":"27242b6a2560df6514ed1d11dac45d81f6f5e7f7-c0389931bf97438603f3.js","size":30420},{"name":"f8d05ade44e5af3dd411582230cc5c025e9f44ff-730b3ee05cae49e34f4d.js","size":77513},{"name":"a6f2f626e93d4feae3cc5f3a3afa6ca74afad0f8-2cdbb31dd35814bcbb4e.js","size":93320},{"name":"component---src-pages-companies-login-js-cf34c689d1359866567b.js","size":46377}],"filteredAssets":0,"assetsSize":825035,"filteredAuxiliaryAssets":9,"auxiliaryAssetsSize":2452012},"component---src-pages-conservation-services-ar-js":{"name":"component---src-pages-conservation-services-ar-js","assets":[{"name":"styles.0c1e9a0c0a82b9ebbf5a.css","size":53152},{"name":"2fbf9dd2-99790b20efa6907a1c6f.js","size":335208},{"name":"commons-cac56d3e9a31456c4dc7.js","size":47605},{"name":"component---src-pages-conservation-services-ar-js-c60bf24b714693b88e40.js","size":3060}],"filteredAssets":0,"assetsSize":439025,"filteredAuxiliaryAssets":5,"auxiliaryAssetsSize":1297426},"component---src-pages-conservation-services-en-js":{"name":"component---src-pages-conservation-services-en-js","assets":[{"name":"styles.0c1e9a0c0a82b9ebbf5a.css","size":53152},{"name":"2fbf9dd2-99790b20efa6907a1c6f.js","size":335208},{"name":"commons-cac56d3e9a31456c4dc7.js","size":47605},{"name":"component---src-pages-conservation-services-en-js-8d8fff45fe6074a3c117.js","size":3060}],"filteredAssets":0,"assetsSize":439025,"filteredAuxiliaryAssets":5,"auxiliaryAssetsSize":1297426},"component---src-pages-conservation-services-js":{"name":"component---src-pages-conservation-services-js","assets":[{"name":"styles.0c1e9a0c0a82b9ebbf5a.css","size":53152},{"name":"2fbf9dd2-99790b20efa6907a1c6f.js","size":335208},{"name":"commons-cac56d3e9a31456c4dc7.js","size":47605},{"name":"27242b6a2560df6514ed1d11dac45d81f6f5e7f7-c0389931bf97438603f3.js","size":30420},{"name":"component---src-pages-conservation-services-js-3400e4198c1d7a3edb33.js","size":2330}],"filteredAssets":0,"assetsSize":468715,"filteredAuxiliaryAssets":6,"auxiliaryAssetsSize":1438762},"component---src-pages-contact-us-ar-js":{"name":"component---src-pages-contact-us-ar-js","assets":[{"name":"styles.0c1e9a0c0a82b9ebbf5a.css","size":53152},{"name":"2fbf9dd2-99790b20efa6907a1c6f.js","size":335208},{"name":"commons-cac56d3e9a31456c4dc7.js","size":47605},{"name":"27242b6a2560df6514ed1d11dac45d81f6f5e7f7-c0389931bf97438603f3.js","size":30420},{"name":"f8d05ade44e5af3dd411582230cc5c025e9f44ff-730b3ee05cae49e34f4d.js","size":77513},{"name":"component---src-pages-contact-us-ar-js-ea5deefc41401638d9d9.js","size":7025}],"filteredAssets":0,"assetsSize":550923,"filteredAuxiliaryAssets":8,"auxiliaryAssetsSize":3320240},"component---src-pages-contact-us-en-js":{"name":"component---src-pages-contact-us-en-js","assets":[{"name":"styles.0c1e9a0c0a82b9ebbf5a.css","size":53152},{"name":"2fbf9dd2-99790b20efa6907a1c6f.js","size":335208},{"name":"commons-cac56d3e9a31456c4dc7.js","size":47605},{"name":"27242b6a2560df6514ed1d11dac45d81f6f5e7f7-c0389931bf97438603f3.js","size":30420},{"name":"f8d05ade44e5af3dd411582230cc5c025e9f44ff-730b3ee05cae49e34f4d.js","size":77513},{"name":"component---src-pages-contact-us-en-js-a7adf773e10e102f63f0.js","size":6881}],"filteredAssets":0,"assetsSize":550779,"filteredAuxiliaryAssets":8,"auxiliaryAssetsSize":3320080},"component---src-pages-contact-us-js":{"name":"component---src-pages-contact-us-js","assets":[{"name":"styles.0c1e9a0c0a82b9ebbf5a.css","size":53152},{"name":"2fbf9dd2-99790b20efa6907a1c6f.js","size":335208},{"name":"commons-cac56d3e9a31456c4dc7.js","size":47605},{"name":"27242b6a2560df6514ed1d11dac45d81f6f5e7f7-c0389931bf97438603f3.js","size":30420},{"name":"f8d05ade44e5af3dd411582230cc5c025e9f44ff-730b3ee05cae49e34f4d.js","size":77513},{"name":"component---src-pages-contact-us-js-2b979fd4a8a1b5b4474c.js","size":7368}],"filteredAssets":0,"assetsSize":551266,"filteredAuxiliaryAssets":8,"auxiliaryAssetsSize":3322554},"component---src-pages-index-ar-js":{"name":"component---src-pages-index-ar-js","assets":[{"name":"styles.0c1e9a0c0a82b9ebbf5a.css","size":53152},{"name":"2fbf9dd2-99790b20efa6907a1c6f.js","size":335208},{"name":"commons-cac56d3e9a31456c4dc7.js","size":47605},{"name":"27242b6a2560df6514ed1d11dac45d81f6f5e7f7-c0389931bf97438603f3.js","size":30420},{"name":"f8d05ade44e5af3dd411582230cc5c025e9f44ff-730b3ee05cae49e34f4d.js","size":77513},{"name":"component---src-pages-index-ar-js-6a268e96b5b23388a915.js","size":14913}],"filteredAssets":0,"assetsSize":558811,"filteredAuxiliaryAssets":7,"auxiliaryAssetsSize":1553703},"component---src-pages-index-en-js":{"name":"component---src-pages-index-en-js","assets":[{"name":"styles.0c1e9a0c0a82b9ebbf5a.css","size":53152},{"name":"2fbf9dd2-99790b20efa6907a1c6f.js","size":335208},{"name":"commons-cac56d3e9a31456c4dc7.js","size":47605},{"name":"27242b6a2560df6514ed1d11dac45d81f6f5e7f7-c0389931bf97438603f3.js","size":30420},{"name":"f8d05ade44e5af3dd411582230cc5c025e9f44ff-730b3ee05cae49e34f4d.js","size":77513},{"name":"component---src-pages-index-en-js-ff603df990785827e048.js","size":14918}],"filteredAssets":0,"assetsSize":558816,"filteredAuxiliaryAssets":7,"auxiliaryAssetsSize":1553715},"component---src-pages-index-js":{"name":"component---src-pages-index-js","assets":[{"name":"styles.0c1e9a0c0a82b9ebbf5a.css","size":53152},{"name":"2fbf9dd2-99790b20efa6907a1c6f.js","size":335208},{"name":"commons-cac56d3e9a31456c4dc7.js","size":47605},{"name":"27242b6a2560df6514ed1d11dac45d81f6f5e7f7-c0389931bf97438603f3.js","size":30420},{"name":"f8d05ade44e5af3dd411582230cc5c025e9f44ff-730b3ee05cae49e34f4d.js","size":77513},{"name":"component---src-pages-index-js-cd1071c08be9b36f74ec.js","size":15163}],"filteredAssets":0,"assetsSize":559061,"filteredAuxiliaryAssets":7,"auxiliaryAssetsSize":1555765},"component---src-pages-individuals-login-ar-js":{"name":"component---src-pages-individuals-login-ar-js","assets":[{"name":"styles.0c1e9a0c0a82b9ebbf5a.css","size":53152},{"name":"framework-378481a856149b1b42f2.js","size":141440},{"name":"2fbf9dd2-99790b20efa6907a1c6f.js","size":335208},{"name":"commons-cac56d3e9a31456c4dc7.js","size":47605},{"name":"27242b6a2560df6514ed1d11dac45d81f6f5e7f7-c0389931bf97438603f3.js","size":30420},{"name":"f8d05ade44e5af3dd411582230cc5c025e9f44ff-730b3ee05cae49e34f4d.js","size":77513},{"name":"a6f2f626e93d4feae3cc5f3a3afa6ca74afad0f8-2cdbb31dd35814bcbb4e.js","size":93320},{"name":"component---src-pages-individuals-login-ar-js-fdf879e8b6b516539245.js","size":59226}],"filteredAssets":0,"assetsSize":837884,"filteredAuxiliaryAssets":9,"auxiliaryAssetsSize":2478548},"component---src-pages-individuals-login-en-js":{"name":"component---src-pages-individuals-login-en-js","assets":[{"name":"styles.0c1e9a0c0a82b9ebbf5a.css","size":53152},{"name":"framework-378481a856149b1b42f2.js","size":141440},{"name":"2fbf9dd2-99790b20efa6907a1c6f.js","size":335208},{"name":"commons-cac56d3e9a31456c4dc7.js","size":47605},{"name":"27242b6a2560df6514ed1d11dac45d81f6f5e7f7-c0389931bf97438603f3.js","size":30420},{"name":"f8d05ade44e5af3dd411582230cc5c025e9f44ff-730b3ee05cae49e34f4d.js","size":77513},{"name":"a6f2f626e93d4feae3cc5f3a3afa6ca74afad0f8-2cdbb31dd35814bcbb4e.js","size":93320},{"name":"component---src-pages-individuals-login-en-js-8273dc1c34858d768b13.js","size":58715}],"filteredAssets":0,"assetsSize":837373,"filteredAuxiliaryAssets":9,"auxiliaryAssetsSize":2477473},"component---src-pages-individuals-login-js":{"name":"component---src-pages-individuals-login-js","assets":[{"name":"styles.0c1e9a0c0a82b9ebbf5a.css","size":53152},{"name":"framework-378481a856149b1b42f2.js","size":141440},{"name":"2fbf9dd2-99790b20efa6907a1c6f.js","size":335208},{"name":"commons-cac56d3e9a31456c4dc7.js","size":47605},{"name":"27242b6a2560df6514ed1d11dac45d81f6f5e7f7-c0389931bf97438603f3.js","size":30420},{"name":"f8d05ade44e5af3dd411582230cc5c025e9f44ff-730b3ee05cae49e34f4d.js","size":77513},{"name":"a6f2f626e93d4feae3cc5f3a3afa6ca74afad0f8-2cdbb31dd35814bcbb4e.js","size":93320},{"name":"component---src-pages-individuals-login-js-3aed7b03b839a3a34949.js","size":59304}],"filteredAssets":0,"assetsSize":837962,"filteredAuxiliaryAssets":9,"auxiliaryAssetsSize":2479054},"component---src-pages-investment-banking-ar-js":{"name":"component---src-pages-investment-banking-ar-js","assets":[{"name":"styles.0c1e9a0c0a82b9ebbf5a.css","size":53152},{"name":"2fbf9dd2-99790b20efa6907a1c6f.js","size":335208},{"name":"commons-cac56d3e9a31456c4dc7.js","size":47605},{"name":"component---src-pages-investment-banking-ar-js-b2eb82b99206802d6fb6.js","size":17074}],"filteredAssets":0,"assetsSize":453039,"filteredAuxiliaryAssets":5,"auxiliaryAssetsSize":1330920},"component---src-pages-investment-banking-en-js":{"name":"component---src-pages-investment-banking-en-js","assets":[{"name":"styles.0c1e9a0c0a82b9ebbf5a.css","size":53152},{"name":"2fbf9dd2-99790b20efa6907a1c6f.js","size":335208},{"name":"commons-cac56d3e9a31456c4dc7.js","size":47605},{"name":"component---src-pages-investment-banking-en-js-977ba086127e7caddb7b.js","size":17075}],"filteredAssets":0,"assetsSize":453040,"filteredAuxiliaryAssets":5,"auxiliaryAssetsSize":1330920},"component---src-pages-investment-banking-js":{"name":"component---src-pages-investment-banking-js","assets":[{"name":"styles.0c1e9a0c0a82b9ebbf5a.css","size":53152},{"name":"2fbf9dd2-99790b20efa6907a1c6f.js","size":335208},{"name":"commons-cac56d3e9a31456c4dc7.js","size":47605},{"name":"27242b6a2560df6514ed1d11dac45d81f6f5e7f7-c0389931bf97438603f3.js","size":30420},{"name":"component---src-pages-investment-banking-js-e0fd021c3c7e708e8f91.js","size":11207}],"filteredAssets":0,"assetsSize":477592,"filteredAuxiliaryAssets":6,"auxiliaryAssetsSize":1469520},"component---src-pages-management-team-ar-js":{"name":"component---src-pages-management-team-ar-js","assets":[{"name":"styles.0c1e9a0c0a82b9ebbf5a.css","size":53152},{"name":"2fbf9dd2-99790b20efa6907a1c6f.js","size":335208},{"name":"commons-cac56d3e9a31456c4dc7.js","size":47605},{"name":"component---src-pages-management-team-ar-js-8f422233287bd9a9f830.js","size":3667}],"filteredAssets":0,"assetsSize":439632,"filteredAuxiliaryAssets":5,"auxiliaryAssetsSize":1298474},"component---src-pages-management-team-en-js":{"name":"component---src-pages-management-team-en-js","assets":[{"name":"styles.0c1e9a0c0a82b9ebbf5a.css","size":53152},{"name":"2fbf9dd2-99790b20efa6907a1c6f.js","size":335208},{"name":"commons-cac56d3e9a31456c4dc7.js","size":47605},{"name":"component---src-pages-management-team-en-js-ffd3baf917cc1ee86e09.js","size":3667}],"filteredAssets":0,"assetsSize":439632,"filteredAuxiliaryAssets":5,"auxiliaryAssetsSize":1298474},"component---src-pages-management-team-jsx":{"name":"component---src-pages-management-team-jsx","assets":[{"name":"styles.0c1e9a0c0a82b9ebbf5a.css","size":53152},{"name":"2fbf9dd2-99790b20efa6907a1c6f.js","size":335208},{"name":"commons-cac56d3e9a31456c4dc7.js","size":47605},{"name":"component---src-pages-management-team-jsx-e5fc7671a83bb657d6d9.js","size":3425}],"filteredAssets":0,"assetsSize":439390,"filteredAuxiliaryAssets":5,"auxiliaryAssetsSize":1298367},"component---src-pages-management-team-templet-ar-js":{"name":"component---src-pages-management-team-templet-ar-js","assets":[{"name":"styles.0c1e9a0c0a82b9ebbf5a.css","size":53152},{"name":"2fbf9dd2-99790b20efa6907a1c6f.js","size":335208},{"name":"commons-cac56d3e9a31456c4dc7.js","size":47605},{"name":"component---src-pages-management-team-templet-ar-js-ce6c0081c92596cb5b00.js","size":3272}],"filteredAssets":0,"assetsSize":439237,"filteredAuxiliaryAssets":5,"auxiliaryAssetsSize":1298173},"component---src-pages-management-team-templet-en-js":{"name":"component---src-pages-management-team-templet-en-js","assets":[{"name":"styles.0c1e9a0c0a82b9ebbf5a.css","size":53152},{"name":"2fbf9dd2-99790b20efa6907a1c6f.js","size":335208},{"name":"commons-cac56d3e9a31456c4dc7.js","size":47605},{"name":"component---src-pages-management-team-templet-en-js-8a1b3bd7fbdb96b20c18.js","size":3271}],"filteredAssets":0,"assetsSize":439236,"filteredAuxiliaryAssets":5,"auxiliaryAssetsSize":1298173},"component---src-pages-management-team-templet-js":{"name":"component---src-pages-management-team-templet-js","assets":[{"name":"styles.0c1e9a0c0a82b9ebbf5a.css","size":53152},{"name":"2fbf9dd2-99790b20efa6907a1c6f.js","size":335208},{"name":"commons-cac56d3e9a31456c4dc7.js","size":47605},{"name":"component---src-pages-management-team-templet-js-cb51bb1ec368bfd691ff.js","size":3507}],"filteredAssets":0,"assetsSize":439472,"filteredAuxiliaryAssets":5,"auxiliaryAssetsSize":1298603},"component---src-pages-page-2-js":{"name":"component---src-pages-page-2-js","assets":[{"name":"styles.0c1e9a0c0a82b9ebbf5a.css","size":53152},{"name":"2fbf9dd2-99790b20efa6907a1c6f.js","size":335208},{"name":"commons-cac56d3e9a31456c4dc7.js","size":47605},{"name":"component---src-pages-page-2-js-1f27fe1bad4450d6d1f4.js","size":555}],"filteredAssets":0,"assetsSize":436520,"filteredAuxiliaryAssets":5,"auxiliaryAssetsSize":1290238},"component---src-pages-reports-ar-js":{"name":"component---src-pages-reports-ar-js","assets":[{"name":"styles.0c1e9a0c0a82b9ebbf5a.css","size":53152},{"name":"framework-378481a856149b1b42f2.js","size":141440},{"name":"2fbf9dd2-99790b20efa6907a1c6f.js","size":335208},{"name":"commons-cac56d3e9a31456c4dc7.js","size":47605},{"name":"a6f2f626e93d4feae3cc5f3a3afa6ca74afad0f8-2cdbb31dd35814bcbb4e.js","size":93320},{"name":"component---src-pages-reports-ar-js-d75cc958c3cc2ce5155e.js","size":7109}],"filteredAssets":0,"assetsSize":677834,"filteredAuxiliaryAssets":7,"auxiliaryAssetsSize":2129381},"component---src-pages-reports-en-js":{"name":"component---src-pages-reports-en-js","assets":[{"name":"styles.0c1e9a0c0a82b9ebbf5a.css","size":53152},{"name":"framework-378481a856149b1b42f2.js","size":141440},{"name":"2fbf9dd2-99790b20efa6907a1c6f.js","size":335208},{"name":"commons-cac56d3e9a31456c4dc7.js","size":47605},{"name":"a6f2f626e93d4feae3cc5f3a3afa6ca74afad0f8-2cdbb31dd35814bcbb4e.js","size":93320},{"name":"component---src-pages-reports-en-js-77fa8a07d314792a3419.js","size":7091}],"filteredAssets":0,"assetsSize":677816,"filteredAuxiliaryAssets":7,"auxiliaryAssetsSize":2129339},"component---src-pages-reports-jsx":{"name":"component---src-pages-reports-jsx","assets":[{"name":"styles.0c1e9a0c0a82b9ebbf5a.css","size":53152},{"name":"framework-378481a856149b1b42f2.js","size":141440},{"name":"2fbf9dd2-99790b20efa6907a1c6f.js","size":335208},{"name":"commons-cac56d3e9a31456c4dc7.js","size":47605},{"name":"a6f2f626e93d4feae3cc5f3a3afa6ca74afad0f8-2cdbb31dd35814bcbb4e.js","size":93320},{"name":"component---src-pages-reports-jsx-f140fe19bbebbad57e20.js","size":3125}],"filteredAssets":0,"assetsSize":673850,"filteredAuxiliaryAssets":7,"auxiliaryAssetsSize":2131730},"component---src-pages-shariyah-review-ar-js":{"name":"component---src-pages-shariyah-review-ar-js","assets":[{"name":"styles.0c1e9a0c0a82b9ebbf5a.css","size":53152},{"name":"2fbf9dd2-99790b20efa6907a1c6f.js","size":335208},{"name":"commons-cac56d3e9a31456c4dc7.js","size":47605},{"name":"component---src-pages-shariyah-review-ar-js-7ebe3d46519ec4d6972b.js","size":4083}],"filteredAssets":0,"assetsSize":440048,"filteredAuxiliaryAssets":5,"auxiliaryAssetsSize":1298914},"component---src-pages-shariyah-review-en-js":{"name":"component---src-pages-shariyah-review-en-js","assets":[{"name":"styles.0c1e9a0c0a82b9ebbf5a.css","size":53152},{"name":"2fbf9dd2-99790b20efa6907a1c6f.js","size":335208},{"name":"commons-cac56d3e9a31456c4dc7.js","size":47605},{"name":"component---src-pages-shariyah-review-en-js-d91caf16cf3e390530c0.js","size":3997}],"filteredAssets":0,"assetsSize":439962,"filteredAuxiliaryAssets":5,"auxiliaryAssetsSize":1298749},"component---src-pages-shariyah-review-js":{"name":"component---src-pages-shariyah-review-js","assets":[{"name":"styles.0c1e9a0c0a82b9ebbf5a.css","size":53152},{"name":"2fbf9dd2-99790b20efa6907a1c6f.js","size":335208},{"name":"commons-cac56d3e9a31456c4dc7.js","size":47605},{"name":"27242b6a2560df6514ed1d11dac45d81f6f5e7f7-c0389931bf97438603f3.js","size":30420},{"name":"component---src-pages-shariyah-review-js-602bd8863abff14d354e.js","size":3246}],"filteredAssets":0,"assetsSize":469631,"filteredAuxiliaryAssets":6,"auxiliaryAssetsSize":1441609},"component---src-pages-team-js":{"name":"component---src-pages-team-js","assets":[{"name":"styles.0c1e9a0c0a82b9ebbf5a.css","size":53152},{"name":"2fbf9dd2-99790b20efa6907a1c6f.js","size":335208},{"name":"commons-cac56d3e9a31456c4dc7.js","size":47605},{"name":"component---src-pages-team-js-b3aec4aec4f374bc3be8.js","size":3766}],"filteredAssets":0,"assetsSize":439731,"filteredAuxiliaryAssets":5,"auxiliaryAssetsSize":1299657},"component---src-pages-using-ssr-js":{"name":"component---src-pages-using-ssr-js","assets":[{"name":"styles.0c1e9a0c0a82b9ebbf5a.css","size":53152},{"name":"2fbf9dd2-99790b20efa6907a1c6f.js","size":335208},{"name":"commons-cac56d3e9a31456c4dc7.js","size":47605},{"name":"component---src-pages-using-ssr-js-98baa80659336d1fb145.js","size":1137}],"filteredAssets":0,"assetsSize":437102,"filteredAuxiliaryAssets":5,"auxiliaryAssetsSize":1291677},"component---src-pages-using-typescript-tsx":{"name":"component---src-pages-using-typescript-tsx","assets":[{"name":"styles.0c1e9a0c0a82b9ebbf5a.css","size":53152},{"name":"2fbf9dd2-99790b20efa6907a1c6f.js","size":335208},{"name":"commons-cac56d3e9a31456c4dc7.js","size":47605},{"name":"component---src-pages-using-typescript-tsx-1796e9941a43d491ebe5.js","size":1468}],"filteredAssets":0,"assetsSize":437433,"filteredAuxiliaryAssets":5,"auxiliaryAssetsSize":1291954}},"assetsByChunkName":{"app":["webpack-runtime-8c4abde8f228fc865fb5.js","framework-378481a856149b1b42f2.js","app-a2418ba473a83e239de6.js"],"component---src-pages-404-js":["styles.0c1e9a0c0a82b9ebbf5a.css","2fbf9dd2-99790b20efa6907a1c6f.js","commons-cac56d3e9a31456c4dc7.js","component---src-pages-404-js-2166161bf7e3a7a35602.js"],"component---src-pages-about-us-ar-js":["styles.0c1e9a0c0a82b9ebbf5a.css","2fbf9dd2-99790b20efa6907a1c6f.js","commons-cac56d3e9a31456c4dc7.js","27242b6a2560df6514ed1d11dac45d81f6f5e7f7-c0389931bf97438603f3.js","f8d05ade44e5af3dd411582230cc5c025e9f44ff-730b3ee05cae49e34f4d.js","component---src-pages-about-us-ar-js-2965a46640db1219c4ab.js"],"component---src-pages-about-us-en-js":["styles.0c1e9a0c0a82b9ebbf5a.css","2fbf9dd2-99790b20efa6907a1c6f.js","commons-cac56d3e9a31456c4dc7.js","27242b6a2560df6514ed1d11dac45d81f6f5e7f7-c0389931bf97438603f3.js","f8d05ade44e5af3dd411582230cc5c025e9f44ff-730b3ee05cae49e34f4d.js","component---src-pages-about-us-en-js-9f22715abdb0fc065a4f.js"],"component---src-pages-about-us-js":["styles.0c1e9a0c0a82b9ebbf5a.css","2fbf9dd2-99790b20efa6907a1c6f.js","commons-cac56d3e9a31456c4dc7.js","27242b6a2560df6514ed1d11dac45d81f6f5e7f7-c0389931bf97438603f3.js","f8d05ade44e5af3dd411582230cc5c025e9f44ff-730b3ee05cae49e34f4d.js","component---src-pages-about-us-js-2ac5ae98f63d4f5b1345.js"],"component---src-pages-advisory-research-ar-js":["styles.0c1e9a0c0a82b9ebbf5a.css","2fbf9dd2-99790b20efa6907a1c6f.js","commons-cac56d3e9a31456c4dc7.js","component---src-pages-advisory-research-ar-js-16567e4a9c632c080949.js"],"component---src-pages-advisory-research-en-js":["styles.0c1e9a0c0a82b9ebbf5a.css","2fbf9dd2-99790b20efa6907a1c6f.js","commons-cac56d3e9a31456c4dc7.js","component---src-pages-advisory-research-en-js-fa101b5f0e09a18d608e.js"],"component---src-pages-advisory-research-js":["styles.0c1e9a0c0a82b9ebbf5a.css","2fbf9dd2-99790b20efa6907a1c6f.js","commons-cac56d3e9a31456c4dc7.js","27242b6a2560df6514ed1d11dac45d81f6f5e7f7-c0389931bf97438603f3.js","component---src-pages-advisory-research-js-4959714aeaad41a5fc63.js"],"component---src-pages-announcements-ar-js":["styles.0c1e9a0c0a82b9ebbf5a.css","2fbf9dd2-99790b20efa6907a1c6f.js","commons-cac56d3e9a31456c4dc7.js","component---src-pages-announcements-ar-js-2144416556ad134c5054.js"],"component---src-pages-announcements-en-js":["styles.0c1e9a0c0a82b9ebbf5a.css","2fbf9dd2-99790b20efa6907a1c6f.js","commons-cac56d3e9a31456c4dc7.js","component---src-pages-announcements-en-js-c710d377fa5944367d2c.js"],"component---src-pages-announcements-jsx":["styles.0c1e9a0c0a82b9ebbf5a.css","2fbf9dd2-99790b20efa6907a1c6f.js","commons-cac56d3e9a31456c4dc7.js","component---src-pages-announcements-jsx-0e2768ecdcd90f137d55.js"],"component---src-pages-asset-management-ar-js":["styles.0c1e9a0c0a82b9ebbf5a.css","framework-378481a856149b1b42f2.js","2fbf9dd2-99790b20efa6907a1c6f.js","commons-cac56d3e9a31456c4dc7.js","a6f2f626e93d4feae3cc5f3a3afa6ca74afad0f8-2cdbb31dd35814bcbb4e.js","7aa11da8b8b43e76aa809d7885adc74b7358a2ff-1c02802b1efac00a85e0.js","component---src-pages-asset-management-ar-js-210aa948d004cf2a4d42.js"],"component---src-pages-asset-management-en-js":["styles.0c1e9a0c0a82b9ebbf5a.css","framework-378481a856149b1b42f2.js","2fbf9dd2-99790b20efa6907a1c6f.js","commons-cac56d3e9a31456c4dc7.js","a6f2f626e93d4feae3cc5f3a3afa6ca74afad0f8-2cdbb31dd35814bcbb4e.js","7aa11da8b8b43e76aa809d7885adc74b7358a2ff-1c02802b1efac00a85e0.js","component---src-pages-asset-management-en-js-bbe33f8752257186f5b4.js"],"component---src-pages-asset-management-js":["styles.0c1e9a0c0a82b9ebbf5a.css","framework-378481a856149b1b42f2.js","2fbf9dd2-99790b20efa6907a1c6f.js","commons-cac56d3e9a31456c4dc7.js","27242b6a2560df6514ed1d11dac45d81f6f5e7f7-c0389931bf97438603f3.js","a6f2f626e93d4feae3cc5f3a3afa6ca74afad0f8-2cdbb31dd35814bcbb4e.js","7aa11da8b8b43e76aa809d7885adc74b7358a2ff-1c02802b1efac00a85e0.js","component---src-pages-asset-management-js-144bb4420057e1b8b8bc.js"],"component---src-pages-board-ar-js":["styles.0c1e9a0c0a82b9ebbf5a.css","2fbf9dd2-99790b20efa6907a1c6f.js","commons-cac56d3e9a31456c4dc7.js","component---src-pages-board-ar-js-4a12ae285bc316331829.js"],"component---src-pages-board-directors-ar-js":["styles.0c1e9a0c0a82b9ebbf5a.css","2fbf9dd2-99790b20efa6907a1c6f.js","commons-cac56d3e9a31456c4dc7.js","component---src-pages-board-directors-ar-js-7f03b5f80bc6789aa134.js"],"component---src-pages-board-directors-en-js":["styles.0c1e9a0c0a82b9ebbf5a.css","2fbf9dd2-99790b20efa6907a1c6f.js","commons-cac56d3e9a31456c4dc7.js","component---src-pages-board-directors-en-js-0a14dd67c547975f9a77.js"],"component---src-pages-board-directors-js":["styles.0c1e9a0c0a82b9ebbf5a.css","2fbf9dd2-99790b20efa6907a1c6f.js","commons-cac56d3e9a31456c4dc7.js","27242b6a2560df6514ed1d11dac45d81f6f5e7f7-c0389931bf97438603f3.js","component---src-pages-board-directors-js-97f6398ef015a8d3ae04.js"],"component---src-pages-board-en-js":["styles.0c1e9a0c0a82b9ebbf5a.css","2fbf9dd2-99790b20efa6907a1c6f.js","commons-cac56d3e9a31456c4dc7.js","component---src-pages-board-en-js-c33ea87071701fba8c4e.js"],"component---src-pages-board-js":["styles.0c1e9a0c0a82b9ebbf5a.css","2fbf9dd2-99790b20efa6907a1c6f.js","commons-cac56d3e9a31456c4dc7.js","component---src-pages-board-js-3d2181a80e2345d634ed.js"],"component---src-pages-client-awareness-ar-js":["styles.0c1e9a0c0a82b9ebbf5a.css","2fbf9dd2-99790b20efa6907a1c6f.js","commons-cac56d3e9a31456c4dc7.js","component---src-pages-client-awareness-ar-js-80d45dc2dade83a8822d.js"],"component---src-pages-client-awareness-en-js":["styles.0c1e9a0c0a82b9ebbf5a.css","2fbf9dd2-99790b20efa6907a1c6f.js","commons-cac56d3e9a31456c4dc7.js","component---src-pages-client-awareness-en-js-7492ea2e58d2c578202b.js"],"component---src-pages-client-awareness-js":["styles.0c1e9a0c0a82b9ebbf5a.css","2fbf9dd2-99790b20efa6907a1c6f.js","commons-cac56d3e9a31456c4dc7.js","27242b6a2560df6514ed1d11dac45d81f6f5e7f7-c0389931bf97438603f3.js","component---src-pages-client-awareness-js-5c024e82ac187c5dddd3.js"],"component---src-pages-companies-login-ar-js":["styles.0c1e9a0c0a82b9ebbf5a.css","framework-378481a856149b1b42f2.js","2fbf9dd2-99790b20efa6907a1c6f.js","commons-cac56d3e9a31456c4dc7.js","27242b6a2560df6514ed1d11dac45d81f6f5e7f7-c0389931bf97438603f3.js","f8d05ade44e5af3dd411582230cc5c025e9f44ff-730b3ee05cae49e34f4d.js","a6f2f626e93d4feae3cc5f3a3afa6ca74afad0f8-2cdbb31dd35814bcbb4e.js","component---src-pages-companies-login-ar-js-8b47b9b607e114fa3c76.js"],"component---src-pages-companies-login-en-js":["styles.0c1e9a0c0a82b9ebbf5a.css","framework-378481a856149b1b42f2.js","2fbf9dd2-99790b20efa6907a1c6f.js","commons-cac56d3e9a31456c4dc7.js","27242b6a2560df6514ed1d11dac45d81f6f5e7f7-c0389931bf97438603f3.js","f8d05ade44e5af3dd411582230cc5c025e9f44ff-730b3ee05cae49e34f4d.js","a6f2f626e93d4feae3cc5f3a3afa6ca74afad0f8-2cdbb31dd35814bcbb4e.js","component---src-pages-companies-login-en-js-97aeb64c4b29b79734d6.js"],"component---src-pages-companies-login-js":["styles.0c1e9a0c0a82b9ebbf5a.css","framework-378481a856149b1b42f2.js","2fbf9dd2-99790b20efa6907a1c6f.js","commons-cac56d3e9a31456c4dc7.js","27242b6a2560df6514ed1d11dac45d81f6f5e7f7-c0389931bf97438603f3.js","f8d05ade44e5af3dd411582230cc5c025e9f44ff-730b3ee05cae49e34f4d.js","a6f2f626e93d4feae3cc5f3a3afa6ca74afad0f8-2cdbb31dd35814bcbb4e.js","component---src-pages-companies-login-js-cf34c689d1359866567b.js"],"component---src-pages-conservation-services-ar-js":["styles.0c1e9a0c0a82b9ebbf5a.css","2fbf9dd2-99790b20efa6907a1c6f.js","commons-cac56d3e9a31456c4dc7.js","component---src-pages-conservation-services-ar-js-c60bf24b714693b88e40.js"],"component---src-pages-conservation-services-en-js":["styles.0c1e9a0c0a82b9ebbf5a.css","2fbf9dd2-99790b20efa6907a1c6f.js","commons-cac56d3e9a31456c4dc7.js","component---src-pages-conservation-services-en-js-8d8fff45fe6074a3c117.js"],"component---src-pages-conservation-services-js":["styles.0c1e9a0c0a82b9ebbf5a.css","2fbf9dd2-99790b20efa6907a1c6f.js","commons-cac56d3e9a31456c4dc7.js","27242b6a2560df6514ed1d11dac45d81f6f5e7f7-c0389931bf97438603f3.js","component---src-pages-conservation-services-js-3400e4198c1d7a3edb33.js"],"component---src-pages-contact-us-ar-js":["styles.0c1e9a0c0a82b9ebbf5a.css","2fbf9dd2-99790b20efa6907a1c6f.js","commons-cac56d3e9a31456c4dc7.js","27242b6a2560df6514ed1d11dac45d81f6f5e7f7-c0389931bf97438603f3.js","f8d05ade44e5af3dd411582230cc5c025e9f44ff-730b3ee05cae49e34f4d.js","component---src-pages-contact-us-ar-js-ea5deefc41401638d9d9.js"],"component---src-pages-contact-us-en-js":["styles.0c1e9a0c0a82b9ebbf5a.css","2fbf9dd2-99790b20efa6907a1c6f.js","commons-cac56d3e9a31456c4dc7.js","27242b6a2560df6514ed1d11dac45d81f6f5e7f7-c0389931bf97438603f3.js","f8d05ade44e5af3dd411582230cc5c025e9f44ff-730b3ee05cae49e34f4d.js","component---src-pages-contact-us-en-js-a7adf773e10e102f63f0.js"],"component---src-pages-contact-us-js":["styles.0c1e9a0c0a82b9ebbf5a.css","2fbf9dd2-99790b20efa6907a1c6f.js","commons-cac56d3e9a31456c4dc7.js","27242b6a2560df6514ed1d11dac45d81f6f5e7f7-c0389931bf97438603f3.js","f8d05ade44e5af3dd411582230cc5c025e9f44ff-730b3ee05cae49e34f4d.js","component---src-pages-contact-us-js-2b979fd4a8a1b5b4474c.js"],"component---src-pages-index-ar-js":["styles.0c1e9a0c0a82b9ebbf5a.css","2fbf9dd2-99790b20efa6907a1c6f.js","commons-cac56d3e9a31456c4dc7.js","27242b6a2560df6514ed1d11dac45d81f6f5e7f7-c0389931bf97438603f3.js","f8d05ade44e5af3dd411582230cc5c025e9f44ff-730b3ee05cae49e34f4d.js","component---src-pages-index-ar-js-6a268e96b5b23388a915.js"],"component---src-pages-index-en-js":["styles.0c1e9a0c0a82b9ebbf5a.css","2fbf9dd2-99790b20efa6907a1c6f.js","commons-cac56d3e9a31456c4dc7.js","27242b6a2560df6514ed1d11dac45d81f6f5e7f7-c0389931bf97438603f3.js","f8d05ade44e5af3dd411582230cc5c025e9f44ff-730b3ee05cae49e34f4d.js","component---src-pages-index-en-js-ff603df990785827e048.js"],"component---src-pages-index-js":["styles.0c1e9a0c0a82b9ebbf5a.css","2fbf9dd2-99790b20efa6907a1c6f.js","commons-cac56d3e9a31456c4dc7.js","27242b6a2560df6514ed1d11dac45d81f6f5e7f7-c0389931bf97438603f3.js","f8d05ade44e5af3dd411582230cc5c025e9f44ff-730b3ee05cae49e34f4d.js","component---src-pages-index-js-cd1071c08be9b36f74ec.js"],"component---src-pages-individuals-login-ar-js":["styles.0c1e9a0c0a82b9ebbf5a.css","framework-378481a856149b1b42f2.js","2fbf9dd2-99790b20efa6907a1c6f.js","commons-cac56d3e9a31456c4dc7.js","27242b6a2560df6514ed1d11dac45d81f6f5e7f7-c0389931bf97438603f3.js","f8d05ade44e5af3dd411582230cc5c025e9f44ff-730b3ee05cae49e34f4d.js","a6f2f626e93d4feae3cc5f3a3afa6ca74afad0f8-2cdbb31dd35814bcbb4e.js","component---src-pages-individuals-login-ar-js-fdf879e8b6b516539245.js"],"component---src-pages-individuals-login-en-js":["styles.0c1e9a0c0a82b9ebbf5a.css","framework-378481a856149b1b42f2.js","2fbf9dd2-99790b20efa6907a1c6f.js","commons-cac56d3e9a31456c4dc7.js","27242b6a2560df6514ed1d11dac45d81f6f5e7f7-c0389931bf97438603f3.js","f8d05ade44e5af3dd411582230cc5c025e9f44ff-730b3ee05cae49e34f4d.js","a6f2f626e93d4feae3cc5f3a3afa6ca74afad0f8-2cdbb31dd35814bcbb4e.js","component---src-pages-individuals-login-en-js-8273dc1c34858d768b13.js"],"component---src-pages-individuals-login-js":["styles.0c1e9a0c0a82b9ebbf5a.css","framework-378481a856149b1b42f2.js","2fbf9dd2-99790b20efa6907a1c6f.js","commons-cac56d3e9a31456c4dc7.js","27242b6a2560df6514ed1d11dac45d81f6f5e7f7-c0389931bf97438603f3.js","f8d05ade44e5af3dd411582230cc5c025e9f44ff-730b3ee05cae49e34f4d.js","a6f2f626e93d4feae3cc5f3a3afa6ca74afad0f8-2cdbb31dd35814bcbb4e.js","component---src-pages-individuals-login-js-3aed7b03b839a3a34949.js"],"component---src-pages-investment-banking-ar-js":["styles.0c1e9a0c0a82b9ebbf5a.css","2fbf9dd2-99790b20efa6907a1c6f.js","commons-cac56d3e9a31456c4dc7.js","component---src-pages-investment-banking-ar-js-b2eb82b99206802d6fb6.js"],"component---src-pages-investment-banking-en-js":["styles.0c1e9a0c0a82b9ebbf5a.css","2fbf9dd2-99790b20efa6907a1c6f.js","commons-cac56d3e9a31456c4dc7.js","component---src-pages-investment-banking-en-js-977ba086127e7caddb7b.js"],"component---src-pages-investment-banking-js":["styles.0c1e9a0c0a82b9ebbf5a.css","2fbf9dd2-99790b20efa6907a1c6f.js","commons-cac56d3e9a31456c4dc7.js","27242b6a2560df6514ed1d11dac45d81f6f5e7f7-c0389931bf97438603f3.js","component---src-pages-investment-banking-js-e0fd021c3c7e708e8f91.js"],"component---src-pages-management-team-ar-js":["styles.0c1e9a0c0a82b9ebbf5a.css","2fbf9dd2-99790b20efa6907a1c6f.js","commons-cac56d3e9a31456c4dc7.js","component---src-pages-management-team-ar-js-8f422233287bd9a9f830.js"],"component---src-pages-management-team-en-js":["styles.0c1e9a0c0a82b9ebbf5a.css","2fbf9dd2-99790b20efa6907a1c6f.js","commons-cac56d3e9a31456c4dc7.js","component---src-pages-management-team-en-js-ffd3baf917cc1ee86e09.js"],"component---src-pages-management-team-jsx":["styles.0c1e9a0c0a82b9ebbf5a.css","2fbf9dd2-99790b20efa6907a1c6f.js","commons-cac56d3e9a31456c4dc7.js","component---src-pages-management-team-jsx-e5fc7671a83bb657d6d9.js"],"component---src-pages-management-team-templet-ar-js":["styles.0c1e9a0c0a82b9ebbf5a.css","2fbf9dd2-99790b20efa6907a1c6f.js","commons-cac56d3e9a31456c4dc7.js","component---src-pages-management-team-templet-ar-js-ce6c0081c92596cb5b00.js"],"component---src-pages-management-team-templet-en-js":["styles.0c1e9a0c0a82b9ebbf5a.css","2fbf9dd2-99790b20efa6907a1c6f.js","commons-cac56d3e9a31456c4dc7.js","component---src-pages-management-team-templet-en-js-8a1b3bd7fbdb96b20c18.js"],"component---src-pages-management-team-templet-js":["styles.0c1e9a0c0a82b9ebbf5a.css","2fbf9dd2-99790b20efa6907a1c6f.js","commons-cac56d3e9a31456c4dc7.js","component---src-pages-management-team-templet-js-cb51bb1ec368bfd691ff.js"],"component---src-pages-page-2-js":["styles.0c1e9a0c0a82b9ebbf5a.css","2fbf9dd2-99790b20efa6907a1c6f.js","commons-cac56d3e9a31456c4dc7.js","component---src-pages-page-2-js-1f27fe1bad4450d6d1f4.js"],"component---src-pages-reports-ar-js":["styles.0c1e9a0c0a82b9ebbf5a.css","framework-378481a856149b1b42f2.js","2fbf9dd2-99790b20efa6907a1c6f.js","commons-cac56d3e9a31456c4dc7.js","a6f2f626e93d4feae3cc5f3a3afa6ca74afad0f8-2cdbb31dd35814bcbb4e.js","component---src-pages-reports-ar-js-d75cc958c3cc2ce5155e.js"],"component---src-pages-reports-en-js":["styles.0c1e9a0c0a82b9ebbf5a.css","framework-378481a856149b1b42f2.js","2fbf9dd2-99790b20efa6907a1c6f.js","commons-cac56d3e9a31456c4dc7.js","a6f2f626e93d4feae3cc5f3a3afa6ca74afad0f8-2cdbb31dd35814bcbb4e.js","component---src-pages-reports-en-js-77fa8a07d314792a3419.js"],"component---src-pages-reports-jsx":["styles.0c1e9a0c0a82b9ebbf5a.css","framework-378481a856149b1b42f2.js","2fbf9dd2-99790b20efa6907a1c6f.js","commons-cac56d3e9a31456c4dc7.js","a6f2f626e93d4feae3cc5f3a3afa6ca74afad0f8-2cdbb31dd35814bcbb4e.js","component---src-pages-reports-jsx-f140fe19bbebbad57e20.js"],"component---src-pages-shariyah-review-ar-js":["styles.0c1e9a0c0a82b9ebbf5a.css","2fbf9dd2-99790b20efa6907a1c6f.js","commons-cac56d3e9a31456c4dc7.js","component---src-pages-shariyah-review-ar-js-7ebe3d46519ec4d6972b.js"],"component---src-pages-shariyah-review-en-js":["styles.0c1e9a0c0a82b9ebbf5a.css","2fbf9dd2-99790b20efa6907a1c6f.js","commons-cac56d3e9a31456c4dc7.js","component---src-pages-shariyah-review-en-js-d91caf16cf3e390530c0.js"],"component---src-pages-shariyah-review-js":["styles.0c1e9a0c0a82b9ebbf5a.css","2fbf9dd2-99790b20efa6907a1c6f.js","commons-cac56d3e9a31456c4dc7.js","27242b6a2560df6514ed1d11dac45d81f6f5e7f7-c0389931bf97438603f3.js","component---src-pages-shariyah-review-js-602bd8863abff14d354e.js"],"component---src-pages-team-js":["styles.0c1e9a0c0a82b9ebbf5a.css","2fbf9dd2-99790b20efa6907a1c6f.js","commons-cac56d3e9a31456c4dc7.js","component---src-pages-team-js-b3aec4aec4f374bc3be8.js"],"component---src-pages-using-ssr-js":["styles.0c1e9a0c0a82b9ebbf5a.css","2fbf9dd2-99790b20efa6907a1c6f.js","commons-cac56d3e9a31456c4dc7.js","component---src-pages-using-ssr-js-98baa80659336d1fb145.js"],"component---src-pages-using-typescript-tsx":["styles.0c1e9a0c0a82b9ebbf5a.css","2fbf9dd2-99790b20efa6907a1c6f.js","commons-cac56d3e9a31456c4dc7.js","component---src-pages-using-typescript-tsx-1796e9941a43d491ebe5.js"]},"childAssetsByChunkName":{}}