{"name":"build-javascript","namedChunkGroups":{"app":{"name":"app","assets":[{"name":"webpack-runtime-36c1185506496359b931.js","size":9387},{"name":"framework-378481a856149b1b42f2.js","size":141440},{"name":"app-9a5d7d49a86d4213dc69.js","size":260700}],"filteredAssets":0,"assetsSize":411527,"filteredAuxiliaryAssets":3,"auxiliaryAssetsSize":905656},"component---src-pages-404-js":{"name":"component---src-pages-404-js","assets":[{"name":"framework-378481a856149b1b42f2.js","size":141440},{"name":"styles.71f592e071c1eb3cde92.css","size":52746},{"name":"2fbf9dd2-99790b20efa6907a1c6f.js","size":335208},{"name":"commons-0aba138ec5465cd07706.js","size":70573},{"name":"component---src-pages-404-js-967f67ac027206f3c7a2.js","size":756}],"filteredAssets":0,"assetsSize":600723,"filteredAuxiliaryAssets":6,"auxiliaryAssetsSize":1749950},"component---src-pages-about-us-ar-js":{"name":"component---src-pages-about-us-ar-js","assets":[{"name":"framework-378481a856149b1b42f2.js","size":141440},{"name":"styles.71f592e071c1eb3cde92.css","size":52746},{"name":"2fbf9dd2-99790b20efa6907a1c6f.js","size":335208},{"name":"commons-0aba138ec5465cd07706.js","size":70573},{"name":"27242b6a2560df6514ed1d11dac45d81f6f5e7f7-c0389931bf97438603f3.js","size":30420},{"name":"f8d05ade44e5af3dd411582230cc5c025e9f44ff-730b3ee05cae49e34f4d.js","size":77513},{"name":"component---src-pages-about-us-ar-js-e435e35d71d4a036f330.js","size":11392}],"filteredAssets":0,"assetsSize":719292,"filteredAuxiliaryAssets":9,"auxiliaryAssetsSize":3791445},"component---src-pages-about-us-en-js":{"name":"component---src-pages-about-us-en-js","assets":[{"name":"framework-378481a856149b1b42f2.js","size":141440},{"name":"styles.71f592e071c1eb3cde92.css","size":52746},{"name":"2fbf9dd2-99790b20efa6907a1c6f.js","size":335208},{"name":"commons-0aba138ec5465cd07706.js","size":70573},{"name":"27242b6a2560df6514ed1d11dac45d81f6f5e7f7-c0389931bf97438603f3.js","size":30420},{"name":"f8d05ade44e5af3dd411582230cc5c025e9f44ff-730b3ee05cae49e34f4d.js","size":77513},{"name":"component---src-pages-about-us-en-js-8eb76c711284f2daa792.js","size":11393}],"filteredAssets":0,"assetsSize":719293,"filteredAuxiliaryAssets":9,"auxiliaryAssetsSize":3791445},"component---src-pages-about-us-js":{"name":"component---src-pages-about-us-js","assets":[{"name":"framework-378481a856149b1b42f2.js","size":141440},{"name":"styles.71f592e071c1eb3cde92.css","size":52746},{"name":"2fbf9dd2-99790b20efa6907a1c6f.js","size":335208},{"name":"commons-0aba138ec5465cd07706.js","size":70573},{"name":"27242b6a2560df6514ed1d11dac45d81f6f5e7f7-c0389931bf97438603f3.js","size":30420},{"name":"f8d05ade44e5af3dd411582230cc5c025e9f44ff-730b3ee05cae49e34f4d.js","size":77513},{"name":"component---src-pages-about-us-js-3b00c64a8a81bde5975c.js","size":11679}],"filteredAssets":0,"assetsSize":719579,"filteredAuxiliaryAssets":9,"auxiliaryAssetsSize":3792772},"component---src-pages-advisory-research-ar-js":{"name":"component---src-pages-advisory-research-ar-js","assets":[{"name":"framework-378481a856149b1b42f2.js","size":141440},{"name":"styles.71f592e071c1eb3cde92.css","size":52746},{"name":"2fbf9dd2-99790b20efa6907a1c6f.js","size":335208},{"name":"commons-0aba138ec5465cd07706.js","size":70573},{"name":"component---src-pages-advisory-research-ar-js-78c89d4b483adba70170.js","size":3417}],"filteredAssets":0,"assetsSize":603384,"filteredAuxiliaryAssets":6,"auxiliaryAssetsSize":1756778},"component---src-pages-advisory-research-en-js":{"name":"component---src-pages-advisory-research-en-js","assets":[{"name":"framework-378481a856149b1b42f2.js","size":141440},{"name":"styles.71f592e071c1eb3cde92.css","size":52746},{"name":"2fbf9dd2-99790b20efa6907a1c6f.js","size":335208},{"name":"commons-0aba138ec5465cd07706.js","size":70573},{"name":"component---src-pages-advisory-research-en-js-7a05c012f0bab022f2f5.js","size":3417}],"filteredAssets":0,"assetsSize":603384,"filteredAuxiliaryAssets":6,"auxiliaryAssetsSize":1756778},"component---src-pages-advisory-research-js":{"name":"component---src-pages-advisory-research-js","assets":[{"name":"framework-378481a856149b1b42f2.js","size":141440},{"name":"styles.71f592e071c1eb3cde92.css","size":52746},{"name":"2fbf9dd2-99790b20efa6907a1c6f.js","size":335208},{"name":"commons-0aba138ec5465cd07706.js","size":70573},{"name":"27242b6a2560df6514ed1d11dac45d81f6f5e7f7-c0389931bf97438603f3.js","size":30420},{"name":"component---src-pages-advisory-research-js-b201971539f7c1e8befa.js","size":2361}],"filteredAssets":0,"assetsSize":632748,"filteredAuxiliaryAssets":7,"auxiliaryAssetsSize":1898366},"component---src-pages-announcements-ar-js":{"name":"component---src-pages-announcements-ar-js","assets":[{"name":"framework-378481a856149b1b42f2.js","size":141440},{"name":"styles.71f592e071c1eb3cde92.css","size":52746},{"name":"2fbf9dd2-99790b20efa6907a1c6f.js","size":335208},{"name":"commons-0aba138ec5465cd07706.js","size":70573},{"name":"component---src-pages-announcements-ar-js-ea52c79a56fed9dae7b7.js","size":9818}],"filteredAssets":0,"assetsSize":609785,"filteredAuxiliaryAssets":6,"auxiliaryAssetsSize":1759485},"component---src-pages-announcements-en-js":{"name":"component---src-pages-announcements-en-js","assets":[{"name":"framework-378481a856149b1b42f2.js","size":141440},{"name":"styles.71f592e071c1eb3cde92.css","size":52746},{"name":"2fbf9dd2-99790b20efa6907a1c6f.js","size":335208},{"name":"commons-0aba138ec5465cd07706.js","size":70573},{"name":"component---src-pages-announcements-en-js-9f3f82c71c1aad2aad6a.js","size":9818}],"filteredAssets":0,"assetsSize":609785,"filteredAuxiliaryAssets":6,"auxiliaryAssetsSize":1759485},"component---src-pages-announcements-jsx":{"name":"component---src-pages-announcements-jsx","assets":[{"name":"framework-378481a856149b1b42f2.js","size":141440},{"name":"styles.71f592e071c1eb3cde92.css","size":52746},{"name":"2fbf9dd2-99790b20efa6907a1c6f.js","size":335208},{"name":"commons-0aba138ec5465cd07706.js","size":70573},{"name":"component---src-pages-announcements-jsx-e322e16921c1956d093e.js","size":9558}],"filteredAssets":0,"assetsSize":609525,"filteredAuxiliaryAssets":6,"auxiliaryAssetsSize":1759274},"component---src-pages-asset-management-ar-js":{"name":"component---src-pages-asset-management-ar-js","assets":[{"name":"framework-378481a856149b1b42f2.js","size":141440},{"name":"styles.71f592e071c1eb3cde92.css","size":52746},{"name":"2fbf9dd2-99790b20efa6907a1c6f.js","size":335208},{"name":"commons-0aba138ec5465cd07706.js","size":70573},{"name":"a6f2f626e93d4feae3cc5f3a3afa6ca74afad0f8-2cdbb31dd35814bcbb4e.js","size":93320},{"name":"7aa11da8b8b43e76aa809d7885adc74b7358a2ff-1c02802b1efac00a85e0.js","size":136018},{"name":"component---src-pages-asset-management-ar-js-d28f43948e0a97f5e942.js","size":19035}],"filteredAssets":0,"assetsSize":848340,"filteredAuxiliaryAssets":8,"auxiliaryAssetsSize":2629486},"component---src-pages-asset-management-en-js":{"name":"component---src-pages-asset-management-en-js","assets":[{"name":"framework-378481a856149b1b42f2.js","size":141440},{"name":"styles.71f592e071c1eb3cde92.css","size":52746},{"name":"2fbf9dd2-99790b20efa6907a1c6f.js","size":335208},{"name":"commons-0aba138ec5465cd07706.js","size":70573},{"name":"a6f2f626e93d4feae3cc5f3a3afa6ca74afad0f8-2cdbb31dd35814bcbb4e.js","size":93320},{"name":"7aa11da8b8b43e76aa809d7885adc74b7358a2ff-1c02802b1efac00a85e0.js","size":136018},{"name":"component---src-pages-asset-management-en-js-d26745a0efb15495256f.js","size":19465}],"filteredAssets":0,"assetsSize":848770,"filteredAuxiliaryAssets":8,"auxiliaryAssetsSize":2629724},"component---src-pages-asset-management-js":{"name":"component---src-pages-asset-management-js","assets":[{"name":"framework-378481a856149b1b42f2.js","size":141440},{"name":"styles.71f592e071c1eb3cde92.css","size":52746},{"name":"2fbf9dd2-99790b20efa6907a1c6f.js","size":335208},{"name":"commons-0aba138ec5465cd07706.js","size":70573},{"name":"27242b6a2560df6514ed1d11dac45d81f6f5e7f7-c0389931bf97438603f3.js","size":30420},{"name":"a6f2f626e93d4feae3cc5f3a3afa6ca74afad0f8-2cdbb31dd35814bcbb4e.js","size":93320},{"name":"7aa11da8b8b43e76aa809d7885adc74b7358a2ff-1c02802b1efac00a85e0.js","size":136018},{"name":"component---src-pages-asset-management-js-dd5f956fb4d854e20c5e.js","size":10092}],"filteredAssets":0,"assetsSize":869817,"filteredAuxiliaryAssets":9,"auxiliaryAssetsSize":2770225},"component---src-pages-board-ar-js":{"name":"component---src-pages-board-ar-js","assets":[{"name":"framework-378481a856149b1b42f2.js","size":141440},{"name":"styles.71f592e071c1eb3cde92.css","size":52746},{"name":"2fbf9dd2-99790b20efa6907a1c6f.js","size":335208},{"name":"commons-0aba138ec5465cd07706.js","size":70573},{"name":"component---src-pages-board-ar-js-61441ab5dfed116072a9.js","size":3605}],"filteredAssets":0,"assetsSize":603572,"filteredAuxiliaryAssets":6,"auxiliaryAssetsSize":1758126},"component---src-pages-board-directors-ar-js":{"name":"component---src-pages-board-directors-ar-js","assets":[{"name":"framework-378481a856149b1b42f2.js","size":141440},{"name":"styles.71f592e071c1eb3cde92.css","size":52746},{"name":"2fbf9dd2-99790b20efa6907a1c6f.js","size":335208},{"name":"commons-0aba138ec5465cd07706.js","size":70573},{"name":"component---src-pages-board-directors-ar-js-9e86c60e6ddfb3c244a0.js","size":2003}],"filteredAssets":0,"assetsSize":601970,"filteredAuxiliaryAssets":6,"auxiliaryAssetsSize":1753562},"component---src-pages-board-directors-en-js":{"name":"component---src-pages-board-directors-en-js","assets":[{"name":"framework-378481a856149b1b42f2.js","size":141440},{"name":"styles.71f592e071c1eb3cde92.css","size":52746},{"name":"2fbf9dd2-99790b20efa6907a1c6f.js","size":335208},{"name":"commons-0aba138ec5465cd07706.js","size":70573},{"name":"component---src-pages-board-directors-en-js-a14e6f38f179c56b20a5.js","size":2002}],"filteredAssets":0,"assetsSize":601969,"filteredAuxiliaryAssets":6,"auxiliaryAssetsSize":1753562},"component---src-pages-board-directors-js":{"name":"component---src-pages-board-directors-js","assets":[{"name":"framework-378481a856149b1b42f2.js","size":141440},{"name":"styles.71f592e071c1eb3cde92.css","size":52746},{"name":"2fbf9dd2-99790b20efa6907a1c6f.js","size":335208},{"name":"commons-0aba138ec5465cd07706.js","size":70573},{"name":"27242b6a2560df6514ed1d11dac45d81f6f5e7f7-c0389931bf97438603f3.js","size":30420},{"name":"component---src-pages-board-directors-js-ec54edd83143030fb9a1.js","size":1965}],"filteredAssets":0,"assetsSize":632352,"filteredAuxiliaryAssets":7,"auxiliaryAssetsSize":1897429},"component---src-pages-board-en-js":{"name":"component---src-pages-board-en-js","assets":[{"name":"framework-378481a856149b1b42f2.js","size":141440},{"name":"styles.71f592e071c1eb3cde92.css","size":52746},{"name":"2fbf9dd2-99790b20efa6907a1c6f.js","size":335208},{"name":"commons-0aba138ec5465cd07706.js","size":70573},{"name":"component---src-pages-board-en-js-73b23a85aadb784aa3da.js","size":3605}],"filteredAssets":0,"assetsSize":603572,"filteredAuxiliaryAssets":6,"auxiliaryAssetsSize":1758126},"component---src-pages-board-js":{"name":"component---src-pages-board-js","assets":[{"name":"framework-378481a856149b1b42f2.js","size":141440},{"name":"styles.71f592e071c1eb3cde92.css","size":52746},{"name":"2fbf9dd2-99790b20efa6907a1c6f.js","size":335208},{"name":"commons-0aba138ec5465cd07706.js","size":70573},{"name":"component---src-pages-board-js-7cac94d25226f8b448ca.js","size":3431}],"filteredAssets":0,"assetsSize":603398,"filteredAuxiliaryAssets":6,"auxiliaryAssetsSize":1758132},"component---src-pages-client-awareness-ar-js":{"name":"component---src-pages-client-awareness-ar-js","assets":[{"name":"framework-378481a856149b1b42f2.js","size":141440},{"name":"styles.71f592e071c1eb3cde92.css","size":52746},{"name":"2fbf9dd2-99790b20efa6907a1c6f.js","size":335208},{"name":"commons-0aba138ec5465cd07706.js","size":70573},{"name":"component---src-pages-client-awareness-ar-js-ed0b834157268e7a3f84.js","size":3428}],"filteredAssets":0,"assetsSize":603395,"filteredAuxiliaryAssets":8,"auxiliaryAssetsSize":7471527},"component---src-pages-client-awareness-en-js":{"name":"component---src-pages-client-awareness-en-js","assets":[{"name":"framework-378481a856149b1b42f2.js","size":141440},{"name":"styles.71f592e071c1eb3cde92.css","size":52746},{"name":"2fbf9dd2-99790b20efa6907a1c6f.js","size":335208},{"name":"commons-0aba138ec5465cd07706.js","size":70573},{"name":"component---src-pages-client-awareness-en-js-bc031a35c89b87027aec.js","size":3364}],"filteredAssets":0,"assetsSize":603331,"filteredAuxiliaryAssets":7,"auxiliaryAssetsSize":7044131},"component---src-pages-client-awareness-js":{"name":"component---src-pages-client-awareness-js","assets":[{"name":"framework-378481a856149b1b42f2.js","size":141440},{"name":"styles.71f592e071c1eb3cde92.css","size":52746},{"name":"2fbf9dd2-99790b20efa6907a1c6f.js","size":335208},{"name":"commons-0aba138ec5465cd07706.js","size":70573},{"name":"27242b6a2560df6514ed1d11dac45d81f6f5e7f7-c0389931bf97438603f3.js","size":30420},{"name":"component---src-pages-client-awareness-js-4c940b480b64dd1de58b.js","size":2844}],"filteredAssets":0,"assetsSize":633231,"filteredAuxiliaryAssets":7,"auxiliaryAssetsSize":1899984},"component---src-pages-companies-login-ar-js":{"name":"component---src-pages-companies-login-ar-js","assets":[{"name":"framework-378481a856149b1b42f2.js","size":141440},{"name":"styles.71f592e071c1eb3cde92.css","size":52746},{"name":"2fbf9dd2-99790b20efa6907a1c6f.js","size":335208},{"name":"commons-0aba138ec5465cd07706.js","size":70573},{"name":"27242b6a2560df6514ed1d11dac45d81f6f5e7f7-c0389931bf97438603f3.js","size":30420},{"name":"f8d05ade44e5af3dd411582230cc5c025e9f44ff-730b3ee05cae49e34f4d.js","size":77513},{"name":"a6f2f626e93d4feae3cc5f3a3afa6ca74afad0f8-2cdbb31dd35814bcbb4e.js","size":93320},{"name":"component---src-pages-companies-login-ar-js-2ce4dedaa26c4c0fe103.js","size":46165}],"filteredAssets":0,"assetsSize":847385,"filteredAuxiliaryAssets":9,"auxiliaryAssetsSize":2552930},"component---src-pages-companies-login-en-js":{"name":"component---src-pages-companies-login-en-js","assets":[{"name":"framework-378481a856149b1b42f2.js","size":141440},{"name":"styles.71f592e071c1eb3cde92.css","size":52746},{"name":"2fbf9dd2-99790b20efa6907a1c6f.js","size":335208},{"name":"commons-0aba138ec5465cd07706.js","size":70573},{"name":"27242b6a2560df6514ed1d11dac45d81f6f5e7f7-c0389931bf97438603f3.js","size":30420},{"name":"f8d05ade44e5af3dd411582230cc5c025e9f44ff-730b3ee05cae49e34f4d.js","size":77513},{"name":"a6f2f626e93d4feae3cc5f3a3afa6ca74afad0f8-2cdbb31dd35814bcbb4e.js","size":93320},{"name":"component---src-pages-companies-login-en-js-d6835b46642b3f32ed56.js","size":46165}],"filteredAssets":0,"assetsSize":847385,"filteredAuxiliaryAssets":9,"auxiliaryAssetsSize":2552930},"component---src-pages-companies-login-js":{"name":"component---src-pages-companies-login-js","assets":[{"name":"framework-378481a856149b1b42f2.js","size":141440},{"name":"styles.71f592e071c1eb3cde92.css","size":52746},{"name":"2fbf9dd2-99790b20efa6907a1c6f.js","size":335208},{"name":"commons-0aba138ec5465cd07706.js","size":70573},{"name":"27242b6a2560df6514ed1d11dac45d81f6f5e7f7-c0389931bf97438603f3.js","size":30420},{"name":"f8d05ade44e5af3dd411582230cc5c025e9f44ff-730b3ee05cae49e34f4d.js","size":77513},{"name":"a6f2f626e93d4feae3cc5f3a3afa6ca74afad0f8-2cdbb31dd35814bcbb4e.js","size":93320},{"name":"component---src-pages-companies-login-js-75489b619e691741d7d8.js","size":46377}],"filteredAssets":0,"assetsSize":847597,"filteredAuxiliaryAssets":9,"auxiliaryAssetsSize":2553434},"component---src-pages-conservation-services-ar-js":{"name":"component---src-pages-conservation-services-ar-js","assets":[{"name":"framework-378481a856149b1b42f2.js","size":141440},{"name":"styles.71f592e071c1eb3cde92.css","size":52746},{"name":"2fbf9dd2-99790b20efa6907a1c6f.js","size":335208},{"name":"commons-0aba138ec5465cd07706.js","size":70573},{"name":"component---src-pages-conservation-services-ar-js-9d29ed86eed5aaa249ea.js","size":3060}],"filteredAssets":0,"assetsSize":603027,"filteredAuxiliaryAssets":6,"auxiliaryAssetsSize":1756788},"component---src-pages-conservation-services-en-js":{"name":"component---src-pages-conservation-services-en-js","assets":[{"name":"framework-378481a856149b1b42f2.js","size":141440},{"name":"styles.71f592e071c1eb3cde92.css","size":52746},{"name":"2fbf9dd2-99790b20efa6907a1c6f.js","size":335208},{"name":"commons-0aba138ec5465cd07706.js","size":70573},{"name":"component---src-pages-conservation-services-en-js-307f7f3320dae4d69b84.js","size":3060}],"filteredAssets":0,"assetsSize":603027,"filteredAuxiliaryAssets":6,"auxiliaryAssetsSize":1756788},"component---src-pages-conservation-services-js":{"name":"component---src-pages-conservation-services-js","assets":[{"name":"framework-378481a856149b1b42f2.js","size":141440},{"name":"styles.71f592e071c1eb3cde92.css","size":52746},{"name":"2fbf9dd2-99790b20efa6907a1c6f.js","size":335208},{"name":"commons-0aba138ec5465cd07706.js","size":70573},{"name":"27242b6a2560df6514ed1d11dac45d81f6f5e7f7-c0389931bf97438603f3.js","size":30420},{"name":"component---src-pages-conservation-services-js-457b73b2ba4bb6007dd8.js","size":2330}],"filteredAssets":0,"assetsSize":632717,"filteredAuxiliaryAssets":7,"auxiliaryAssetsSize":1898124},"component---src-pages-contact-us-ar-js":{"name":"component---src-pages-contact-us-ar-js","assets":[{"name":"framework-378481a856149b1b42f2.js","size":141440},{"name":"styles.71f592e071c1eb3cde92.css","size":52746},{"name":"2fbf9dd2-99790b20efa6907a1c6f.js","size":335208},{"name":"commons-0aba138ec5465cd07706.js","size":70573},{"name":"27242b6a2560df6514ed1d11dac45d81f6f5e7f7-c0389931bf97438603f3.js","size":30420},{"name":"f8d05ade44e5af3dd411582230cc5c025e9f44ff-730b3ee05cae49e34f4d.js","size":77513},{"name":"component---src-pages-contact-us-ar-js-2b6bde541e50763fada5.js","size":7025}],"filteredAssets":0,"assetsSize":714925,"filteredAuxiliaryAssets":9,"auxiliaryAssetsSize":3779602},"component---src-pages-contact-us-en-js":{"name":"component---src-pages-contact-us-en-js","assets":[{"name":"framework-378481a856149b1b42f2.js","size":141440},{"name":"styles.71f592e071c1eb3cde92.css","size":52746},{"name":"2fbf9dd2-99790b20efa6907a1c6f.js","size":335208},{"name":"commons-0aba138ec5465cd07706.js","size":70573},{"name":"27242b6a2560df6514ed1d11dac45d81f6f5e7f7-c0389931bf97438603f3.js","size":30420},{"name":"f8d05ade44e5af3dd411582230cc5c025e9f44ff-730b3ee05cae49e34f4d.js","size":77513},{"name":"component---src-pages-contact-us-en-js-7a235c018ad225325cbf.js","size":6881}],"filteredAssets":0,"assetsSize":714781,"filteredAuxiliaryAssets":9,"auxiliaryAssetsSize":3779442},"component---src-pages-contact-us-js":{"name":"component---src-pages-contact-us-js","assets":[{"name":"framework-378481a856149b1b42f2.js","size":141440},{"name":"styles.71f592e071c1eb3cde92.css","size":52746},{"name":"2fbf9dd2-99790b20efa6907a1c6f.js","size":335208},{"name":"commons-0aba138ec5465cd07706.js","size":70573},{"name":"27242b6a2560df6514ed1d11dac45d81f6f5e7f7-c0389931bf97438603f3.js","size":30420},{"name":"f8d05ade44e5af3dd411582230cc5c025e9f44ff-730b3ee05cae49e34f4d.js","size":77513},{"name":"component---src-pages-contact-us-js-db8f6e5d08ab69092fa0.js","size":6945}],"filteredAssets":0,"assetsSize":714845,"filteredAuxiliaryAssets":9,"auxiliaryAssetsSize":3780599},"component---src-pages-index-ar-js":{"name":"component---src-pages-index-ar-js","assets":[{"name":"framework-378481a856149b1b42f2.js","size":141440},{"name":"styles.71f592e071c1eb3cde92.css","size":52746},{"name":"2fbf9dd2-99790b20efa6907a1c6f.js","size":335208},{"name":"commons-0aba138ec5465cd07706.js","size":70573},{"name":"27242b6a2560df6514ed1d11dac45d81f6f5e7f7-c0389931bf97438603f3.js","size":30420},{"name":"f8d05ade44e5af3dd411582230cc5c025e9f44ff-730b3ee05cae49e34f4d.js","size":77513},{"name":"component---src-pages-index-ar-js-5c84dacbc6a18cc42ff1.js","size":14784}],"filteredAssets":0,"assetsSize":722684,"filteredAuxiliaryAssets":9,"auxiliaryAssetsSize":3799068},"component---src-pages-index-en-js":{"name":"component---src-pages-index-en-js","assets":[{"name":"framework-378481a856149b1b42f2.js","size":141440},{"name":"styles.71f592e071c1eb3cde92.css","size":52746},{"name":"2fbf9dd2-99790b20efa6907a1c6f.js","size":335208},{"name":"commons-0aba138ec5465cd07706.js","size":70573},{"name":"27242b6a2560df6514ed1d11dac45d81f6f5e7f7-c0389931bf97438603f3.js","size":30420},{"name":"f8d05ade44e5af3dd411582230cc5c025e9f44ff-730b3ee05cae49e34f4d.js","size":77513},{"name":"component---src-pages-index-en-js-914dccad13bc056a7046.js","size":14789}],"filteredAssets":0,"assetsSize":722689,"filteredAuxiliaryAssets":9,"auxiliaryAssetsSize":3799080},"component---src-pages-index-js":{"name":"component---src-pages-index-js","assets":[{"name":"framework-378481a856149b1b42f2.js","size":141440},{"name":"styles.71f592e071c1eb3cde92.css","size":52746},{"name":"2fbf9dd2-99790b20efa6907a1c6f.js","size":335208},{"name":"commons-0aba138ec5465cd07706.js","size":70573},{"name":"27242b6a2560df6514ed1d11dac45d81f6f5e7f7-c0389931bf97438603f3.js","size":30420},{"name":"f8d05ade44e5af3dd411582230cc5c025e9f44ff-730b3ee05cae49e34f4d.js","size":77513},{"name":"component---src-pages-index-js-6a56242a5283253aa9aa.js","size":15034}],"filteredAssets":0,"assetsSize":722934,"filteredAuxiliaryAssets":9,"auxiliaryAssetsSize":3801130},"component---src-pages-individuals-login-ar-js":{"name":"component---src-pages-individuals-login-ar-js","assets":[{"name":"framework-378481a856149b1b42f2.js","size":141440},{"name":"styles.71f592e071c1eb3cde92.css","size":52746},{"name":"2fbf9dd2-99790b20efa6907a1c6f.js","size":335208},{"name":"commons-0aba138ec5465cd07706.js","size":70573},{"name":"27242b6a2560df6514ed1d11dac45d81f6f5e7f7-c0389931bf97438603f3.js","size":30420},{"name":"f8d05ade44e5af3dd411582230cc5c025e9f44ff-730b3ee05cae49e34f4d.js","size":77513},{"name":"a6f2f626e93d4feae3cc5f3a3afa6ca74afad0f8-2cdbb31dd35814bcbb4e.js","size":93320},{"name":"component---src-pages-individuals-login-ar-js-c6f22b7ee9afe63f1115.js","size":58889}],"filteredAssets":0,"assetsSize":860109,"filteredAuxiliaryAssets":9,"auxiliaryAssetsSize":2579227},"component---src-pages-individuals-login-en-js":{"name":"component---src-pages-individuals-login-en-js","assets":[{"name":"framework-378481a856149b1b42f2.js","size":141440},{"name":"styles.71f592e071c1eb3cde92.css","size":52746},{"name":"2fbf9dd2-99790b20efa6907a1c6f.js","size":335208},{"name":"commons-0aba138ec5465cd07706.js","size":70573},{"name":"27242b6a2560df6514ed1d11dac45d81f6f5e7f7-c0389931bf97438603f3.js","size":30420},{"name":"f8d05ade44e5af3dd411582230cc5c025e9f44ff-730b3ee05cae49e34f4d.js","size":77513},{"name":"a6f2f626e93d4feae3cc5f3a3afa6ca74afad0f8-2cdbb31dd35814bcbb4e.js","size":93320},{"name":"component---src-pages-individuals-login-en-js-2fd826e76c6212b6b864.js","size":58715}],"filteredAssets":0,"assetsSize":859935,"filteredAuxiliaryAssets":9,"auxiliaryAssetsSize":2578895},"component---src-pages-individuals-login-js":{"name":"component---src-pages-individuals-login-js","assets":[{"name":"framework-378481a856149b1b42f2.js","size":141440},{"name":"styles.71f592e071c1eb3cde92.css","size":52746},{"name":"2fbf9dd2-99790b20efa6907a1c6f.js","size":335208},{"name":"commons-0aba138ec5465cd07706.js","size":70573},{"name":"27242b6a2560df6514ed1d11dac45d81f6f5e7f7-c0389931bf97438603f3.js","size":30420},{"name":"f8d05ade44e5af3dd411582230cc5c025e9f44ff-730b3ee05cae49e34f4d.js","size":77513},{"name":"a6f2f626e93d4feae3cc5f3a3afa6ca74afad0f8-2cdbb31dd35814bcbb4e.js","size":93320},{"name":"component---src-pages-individuals-login-js-cdb27bcc63c59d6731f7.js","size":59006}],"filteredAssets":0,"assetsSize":860226,"filteredAuxiliaryAssets":9,"auxiliaryAssetsSize":2579690},"component---src-pages-investment-banking-ar-js":{"name":"component---src-pages-investment-banking-ar-js","assets":[{"name":"framework-378481a856149b1b42f2.js","size":141440},{"name":"styles.71f592e071c1eb3cde92.css","size":52746},{"name":"2fbf9dd2-99790b20efa6907a1c6f.js","size":335208},{"name":"commons-0aba138ec5465cd07706.js","size":70573},{"name":"component---src-pages-investment-banking-ar-js-02b0de08e71f18b3d47b.js","size":17074}],"filteredAssets":0,"assetsSize":617041,"filteredAuxiliaryAssets":6,"auxiliaryAssetsSize":1790282},"component---src-pages-investment-banking-en-js":{"name":"component---src-pages-investment-banking-en-js","assets":[{"name":"framework-378481a856149b1b42f2.js","size":141440},{"name":"styles.71f592e071c1eb3cde92.css","size":52746},{"name":"2fbf9dd2-99790b20efa6907a1c6f.js","size":335208},{"name":"commons-0aba138ec5465cd07706.js","size":70573},{"name":"component---src-pages-investment-banking-en-js-a12b2498a25891519f37.js","size":17075}],"filteredAssets":0,"assetsSize":617042,"filteredAuxiliaryAssets":6,"auxiliaryAssetsSize":1790282},"component---src-pages-investment-banking-js":{"name":"component---src-pages-investment-banking-js","assets":[{"name":"framework-378481a856149b1b42f2.js","size":141440},{"name":"styles.71f592e071c1eb3cde92.css","size":52746},{"name":"2fbf9dd2-99790b20efa6907a1c6f.js","size":335208},{"name":"commons-0aba138ec5465cd07706.js","size":70573},{"name":"27242b6a2560df6514ed1d11dac45d81f6f5e7f7-c0389931bf97438603f3.js","size":30420},{"name":"component---src-pages-investment-banking-js-14a9a4ce08df359b0c55.js","size":11207}],"filteredAssets":0,"assetsSize":641594,"filteredAuxiliaryAssets":7,"auxiliaryAssetsSize":1928882},"component---src-pages-management-team-ar-js":{"name":"component---src-pages-management-team-ar-js","assets":[{"name":"framework-378481a856149b1b42f2.js","size":141440},{"name":"styles.71f592e071c1eb3cde92.css","size":52746},{"name":"2fbf9dd2-99790b20efa6907a1c6f.js","size":335208},{"name":"commons-0aba138ec5465cd07706.js","size":70573},{"name":"component---src-pages-management-team-ar-js-7f6483e23e7897fc777e.js","size":3667}],"filteredAssets":0,"assetsSize":603634,"filteredAuxiliaryAssets":6,"auxiliaryAssetsSize":1757836},"component---src-pages-management-team-en-js":{"name":"component---src-pages-management-team-en-js","assets":[{"name":"framework-378481a856149b1b42f2.js","size":141440},{"name":"styles.71f592e071c1eb3cde92.css","size":52746},{"name":"2fbf9dd2-99790b20efa6907a1c6f.js","size":335208},{"name":"commons-0aba138ec5465cd07706.js","size":70573},{"name":"component---src-pages-management-team-en-js-1e36fa3d3368d29e2180.js","size":3667}],"filteredAssets":0,"assetsSize":603634,"filteredAuxiliaryAssets":6,"auxiliaryAssetsSize":1757836},"component---src-pages-management-team-jsx":{"name":"component---src-pages-management-team-jsx","assets":[{"name":"framework-378481a856149b1b42f2.js","size":141440},{"name":"styles.71f592e071c1eb3cde92.css","size":52746},{"name":"2fbf9dd2-99790b20efa6907a1c6f.js","size":335208},{"name":"commons-0aba138ec5465cd07706.js","size":70573},{"name":"component---src-pages-management-team-jsx-793a68ea10d4ebc3410c.js","size":3421}],"filteredAssets":0,"assetsSize":603388,"filteredAuxiliaryAssets":6,"auxiliaryAssetsSize":1757717},"component---src-pages-management-team-templet-ar-js":{"name":"component---src-pages-management-team-templet-ar-js","assets":[{"name":"framework-378481a856149b1b42f2.js","size":141440},{"name":"styles.71f592e071c1eb3cde92.css","size":52746},{"name":"2fbf9dd2-99790b20efa6907a1c6f.js","size":335208},{"name":"commons-0aba138ec5465cd07706.js","size":70573},{"name":"component---src-pages-management-team-templet-ar-js-5a14f09272fcca6686a2.js","size":3272}],"filteredAssets":0,"assetsSize":603239,"filteredAuxiliaryAssets":6,"auxiliaryAssetsSize":1757535},"component---src-pages-management-team-templet-en-js":{"name":"component---src-pages-management-team-templet-en-js","assets":[{"name":"framework-378481a856149b1b42f2.js","size":141440},{"name":"styles.71f592e071c1eb3cde92.css","size":52746},{"name":"2fbf9dd2-99790b20efa6907a1c6f.js","size":335208},{"name":"commons-0aba138ec5465cd07706.js","size":70573},{"name":"component---src-pages-management-team-templet-en-js-6b66443f11930b2ea376.js","size":3271}],"filteredAssets":0,"assetsSize":603238,"filteredAuxiliaryAssets":6,"auxiliaryAssetsSize":1757535},"component---src-pages-management-team-templet-js":{"name":"component---src-pages-management-team-templet-js","assets":[{"name":"framework-378481a856149b1b42f2.js","size":141440},{"name":"styles.71f592e071c1eb3cde92.css","size":52746},{"name":"2fbf9dd2-99790b20efa6907a1c6f.js","size":335208},{"name":"commons-0aba138ec5465cd07706.js","size":70573},{"name":"component---src-pages-management-team-templet-js-f741c28cb6a35aade121.js","size":3514}],"filteredAssets":0,"assetsSize":603481,"filteredAuxiliaryAssets":6,"auxiliaryAssetsSize":1757984},"component---src-pages-page-2-js":{"name":"component---src-pages-page-2-js","assets":[{"name":"framework-378481a856149b1b42f2.js","size":141440},{"name":"styles.71f592e071c1eb3cde92.css","size":52746},{"name":"2fbf9dd2-99790b20efa6907a1c6f.js","size":335208},{"name":"commons-0aba138ec5465cd07706.js","size":70573},{"name":"component---src-pages-page-2-js-ee068121447879c79f17.js","size":555}],"filteredAssets":0,"assetsSize":600522,"filteredAuxiliaryAssets":6,"auxiliaryAssetsSize":1749600},"component---src-pages-reports-ar-js":{"name":"component---src-pages-reports-ar-js","assets":[{"name":"framework-378481a856149b1b42f2.js","size":141440},{"name":"styles.71f592e071c1eb3cde92.css","size":52746},{"name":"2fbf9dd2-99790b20efa6907a1c6f.js","size":335208},{"name":"commons-0aba138ec5465cd07706.js","size":70573},{"name":"a6f2f626e93d4feae3cc5f3a3afa6ca74afad0f8-2cdbb31dd35814bcbb4e.js","size":93320},{"name":"component---src-pages-reports-ar-js-cb410e0223978e75ed30.js","size":7109}],"filteredAssets":0,"assetsSize":700396,"filteredAuxiliaryAssets":7,"auxiliaryAssetsSize":2230803},"component---src-pages-reports-en-js":{"name":"component---src-pages-reports-en-js","assets":[{"name":"framework-378481a856149b1b42f2.js","size":141440},{"name":"styles.71f592e071c1eb3cde92.css","size":52746},{"name":"2fbf9dd2-99790b20efa6907a1c6f.js","size":335208},{"name":"commons-0aba138ec5465cd07706.js","size":70573},{"name":"a6f2f626e93d4feae3cc5f3a3afa6ca74afad0f8-2cdbb31dd35814bcbb4e.js","size":93320},{"name":"component---src-pages-reports-en-js-80b4015f54ebe0e1321a.js","size":7091}],"filteredAssets":0,"assetsSize":700378,"filteredAuxiliaryAssets":7,"auxiliaryAssetsSize":2230761},"component---src-pages-reports-jsx":{"name":"component---src-pages-reports-jsx","assets":[{"name":"framework-378481a856149b1b42f2.js","size":141440},{"name":"styles.71f592e071c1eb3cde92.css","size":52746},{"name":"2fbf9dd2-99790b20efa6907a1c6f.js","size":335208},{"name":"commons-0aba138ec5465cd07706.js","size":70573},{"name":"a6f2f626e93d4feae3cc5f3a3afa6ca74afad0f8-2cdbb31dd35814bcbb4e.js","size":93320},{"name":"component---src-pages-reports-jsx-e968621e7f608b0b4e05.js","size":3125}],"filteredAssets":0,"assetsSize":696412,"filteredAuxiliaryAssets":7,"auxiliaryAssetsSize":2233152},"component---src-pages-shariyah-review-ar-js":{"name":"component---src-pages-shariyah-review-ar-js","assets":[{"name":"framework-378481a856149b1b42f2.js","size":141440},{"name":"styles.71f592e071c1eb3cde92.css","size":52746},{"name":"2fbf9dd2-99790b20efa6907a1c6f.js","size":335208},{"name":"commons-0aba138ec5465cd07706.js","size":70573},{"name":"component---src-pages-shariyah-review-ar-js-0a7f6653738d5264a378.js","size":4083}],"filteredAssets":0,"assetsSize":604050,"filteredAuxiliaryAssets":6,"auxiliaryAssetsSize":1758276},"component---src-pages-shariyah-review-en-js":{"name":"component---src-pages-shariyah-review-en-js","assets":[{"name":"framework-378481a856149b1b42f2.js","size":141440},{"name":"styles.71f592e071c1eb3cde92.css","size":52746},{"name":"2fbf9dd2-99790b20efa6907a1c6f.js","size":335208},{"name":"commons-0aba138ec5465cd07706.js","size":70573},{"name":"component---src-pages-shariyah-review-en-js-65f8f833d43e3357327a.js","size":3997}],"filteredAssets":0,"assetsSize":603964,"filteredAuxiliaryAssets":6,"auxiliaryAssetsSize":1758111},"component---src-pages-shariyah-review-js":{"name":"component---src-pages-shariyah-review-js","assets":[{"name":"framework-378481a856149b1b42f2.js","size":141440},{"name":"styles.71f592e071c1eb3cde92.css","size":52746},{"name":"2fbf9dd2-99790b20efa6907a1c6f.js","size":335208},{"name":"commons-0aba138ec5465cd07706.js","size":70573},{"name":"27242b6a2560df6514ed1d11dac45d81f6f5e7f7-c0389931bf97438603f3.js","size":30420},{"name":"component---src-pages-shariyah-review-js-db93df251a0109346517.js","size":3246}],"filteredAssets":0,"assetsSize":633633,"filteredAuxiliaryAssets":7,"auxiliaryAssetsSize":1900971},"component---src-pages-team-js":{"name":"component---src-pages-team-js","assets":[{"name":"framework-378481a856149b1b42f2.js","size":141440},{"name":"styles.71f592e071c1eb3cde92.css","size":52746},{"name":"2fbf9dd2-99790b20efa6907a1c6f.js","size":335208},{"name":"commons-0aba138ec5465cd07706.js","size":70573},{"name":"component---src-pages-team-js-1e512738c6d6525f4ced.js","size":3773}],"filteredAssets":0,"assetsSize":603740,"filteredAuxiliaryAssets":6,"auxiliaryAssetsSize":1759038},"component---src-pages-using-ssr-js":{"name":"component---src-pages-using-ssr-js","assets":[{"name":"framework-378481a856149b1b42f2.js","size":141440},{"name":"styles.71f592e071c1eb3cde92.css","size":52746},{"name":"2fbf9dd2-99790b20efa6907a1c6f.js","size":335208},{"name":"commons-0aba138ec5465cd07706.js","size":70573},{"name":"component---src-pages-using-ssr-js-f76f697c02734dcb9823.js","size":1137}],"filteredAssets":0,"assetsSize":601104,"filteredAuxiliaryAssets":6,"auxiliaryAssetsSize":1751039},"component---src-pages-using-typescript-tsx":{"name":"component---src-pages-using-typescript-tsx","assets":[{"name":"framework-378481a856149b1b42f2.js","size":141440},{"name":"styles.71f592e071c1eb3cde92.css","size":52746},{"name":"2fbf9dd2-99790b20efa6907a1c6f.js","size":335208},{"name":"commons-0aba138ec5465cd07706.js","size":70573},{"name":"component---src-pages-using-typescript-tsx-f022a706926a9b5c5002.js","size":1468}],"filteredAssets":0,"assetsSize":601435,"filteredAuxiliaryAssets":6,"auxiliaryAssetsSize":1751316}},"assetsByChunkName":{"app":["webpack-runtime-36c1185506496359b931.js","framework-378481a856149b1b42f2.js","app-9a5d7d49a86d4213dc69.js"],"component---src-pages-404-js":["framework-378481a856149b1b42f2.js","styles.71f592e071c1eb3cde92.css","2fbf9dd2-99790b20efa6907a1c6f.js","commons-0aba138ec5465cd07706.js","component---src-pages-404-js-967f67ac027206f3c7a2.js"],"component---src-pages-about-us-ar-js":["framework-378481a856149b1b42f2.js","styles.71f592e071c1eb3cde92.css","2fbf9dd2-99790b20efa6907a1c6f.js","commons-0aba138ec5465cd07706.js","27242b6a2560df6514ed1d11dac45d81f6f5e7f7-c0389931bf97438603f3.js","f8d05ade44e5af3dd411582230cc5c025e9f44ff-730b3ee05cae49e34f4d.js","component---src-pages-about-us-ar-js-e435e35d71d4a036f330.js"],"component---src-pages-about-us-en-js":["framework-378481a856149b1b42f2.js","styles.71f592e071c1eb3cde92.css","2fbf9dd2-99790b20efa6907a1c6f.js","commons-0aba138ec5465cd07706.js","27242b6a2560df6514ed1d11dac45d81f6f5e7f7-c0389931bf97438603f3.js","f8d05ade44e5af3dd411582230cc5c025e9f44ff-730b3ee05cae49e34f4d.js","component---src-pages-about-us-en-js-8eb76c711284f2daa792.js"],"component---src-pages-about-us-js":["framework-378481a856149b1b42f2.js","styles.71f592e071c1eb3cde92.css","2fbf9dd2-99790b20efa6907a1c6f.js","commons-0aba138ec5465cd07706.js","27242b6a2560df6514ed1d11dac45d81f6f5e7f7-c0389931bf97438603f3.js","f8d05ade44e5af3dd411582230cc5c025e9f44ff-730b3ee05cae49e34f4d.js","component---src-pages-about-us-js-3b00c64a8a81bde5975c.js"],"component---src-pages-advisory-research-ar-js":["framework-378481a856149b1b42f2.js","styles.71f592e071c1eb3cde92.css","2fbf9dd2-99790b20efa6907a1c6f.js","commons-0aba138ec5465cd07706.js","component---src-pages-advisory-research-ar-js-78c89d4b483adba70170.js"],"component---src-pages-advisory-research-en-js":["framework-378481a856149b1b42f2.js","styles.71f592e071c1eb3cde92.css","2fbf9dd2-99790b20efa6907a1c6f.js","commons-0aba138ec5465cd07706.js","component---src-pages-advisory-research-en-js-7a05c012f0bab022f2f5.js"],"component---src-pages-advisory-research-js":["framework-378481a856149b1b42f2.js","styles.71f592e071c1eb3cde92.css","2fbf9dd2-99790b20efa6907a1c6f.js","commons-0aba138ec5465cd07706.js","27242b6a2560df6514ed1d11dac45d81f6f5e7f7-c0389931bf97438603f3.js","component---src-pages-advisory-research-js-b201971539f7c1e8befa.js"],"component---src-pages-announcements-ar-js":["framework-378481a856149b1b42f2.js","styles.71f592e071c1eb3cde92.css","2fbf9dd2-99790b20efa6907a1c6f.js","commons-0aba138ec5465cd07706.js","component---src-pages-announcements-ar-js-ea52c79a56fed9dae7b7.js"],"component---src-pages-announcements-en-js":["framework-378481a856149b1b42f2.js","styles.71f592e071c1eb3cde92.css","2fbf9dd2-99790b20efa6907a1c6f.js","commons-0aba138ec5465cd07706.js","component---src-pages-announcements-en-js-9f3f82c71c1aad2aad6a.js"],"component---src-pages-announcements-jsx":["framework-378481a856149b1b42f2.js","styles.71f592e071c1eb3cde92.css","2fbf9dd2-99790b20efa6907a1c6f.js","commons-0aba138ec5465cd07706.js","component---src-pages-announcements-jsx-e322e16921c1956d093e.js"],"component---src-pages-asset-management-ar-js":["framework-378481a856149b1b42f2.js","styles.71f592e071c1eb3cde92.css","2fbf9dd2-99790b20efa6907a1c6f.js","commons-0aba138ec5465cd07706.js","a6f2f626e93d4feae3cc5f3a3afa6ca74afad0f8-2cdbb31dd35814bcbb4e.js","7aa11da8b8b43e76aa809d7885adc74b7358a2ff-1c02802b1efac00a85e0.js","component---src-pages-asset-management-ar-js-d28f43948e0a97f5e942.js"],"component---src-pages-asset-management-en-js":["framework-378481a856149b1b42f2.js","styles.71f592e071c1eb3cde92.css","2fbf9dd2-99790b20efa6907a1c6f.js","commons-0aba138ec5465cd07706.js","a6f2f626e93d4feae3cc5f3a3afa6ca74afad0f8-2cdbb31dd35814bcbb4e.js","7aa11da8b8b43e76aa809d7885adc74b7358a2ff-1c02802b1efac00a85e0.js","component---src-pages-asset-management-en-js-d26745a0efb15495256f.js"],"component---src-pages-asset-management-js":["framework-378481a856149b1b42f2.js","styles.71f592e071c1eb3cde92.css","2fbf9dd2-99790b20efa6907a1c6f.js","commons-0aba138ec5465cd07706.js","27242b6a2560df6514ed1d11dac45d81f6f5e7f7-c0389931bf97438603f3.js","a6f2f626e93d4feae3cc5f3a3afa6ca74afad0f8-2cdbb31dd35814bcbb4e.js","7aa11da8b8b43e76aa809d7885adc74b7358a2ff-1c02802b1efac00a85e0.js","component---src-pages-asset-management-js-dd5f956fb4d854e20c5e.js"],"component---src-pages-board-ar-js":["framework-378481a856149b1b42f2.js","styles.71f592e071c1eb3cde92.css","2fbf9dd2-99790b20efa6907a1c6f.js","commons-0aba138ec5465cd07706.js","component---src-pages-board-ar-js-61441ab5dfed116072a9.js"],"component---src-pages-board-directors-ar-js":["framework-378481a856149b1b42f2.js","styles.71f592e071c1eb3cde92.css","2fbf9dd2-99790b20efa6907a1c6f.js","commons-0aba138ec5465cd07706.js","component---src-pages-board-directors-ar-js-9e86c60e6ddfb3c244a0.js"],"component---src-pages-board-directors-en-js":["framework-378481a856149b1b42f2.js","styles.71f592e071c1eb3cde92.css","2fbf9dd2-99790b20efa6907a1c6f.js","commons-0aba138ec5465cd07706.js","component---src-pages-board-directors-en-js-a14e6f38f179c56b20a5.js"],"component---src-pages-board-directors-js":["framework-378481a856149b1b42f2.js","styles.71f592e071c1eb3cde92.css","2fbf9dd2-99790b20efa6907a1c6f.js","commons-0aba138ec5465cd07706.js","27242b6a2560df6514ed1d11dac45d81f6f5e7f7-c0389931bf97438603f3.js","component---src-pages-board-directors-js-ec54edd83143030fb9a1.js"],"component---src-pages-board-en-js":["framework-378481a856149b1b42f2.js","styles.71f592e071c1eb3cde92.css","2fbf9dd2-99790b20efa6907a1c6f.js","commons-0aba138ec5465cd07706.js","component---src-pages-board-en-js-73b23a85aadb784aa3da.js"],"component---src-pages-board-js":["framework-378481a856149b1b42f2.js","styles.71f592e071c1eb3cde92.css","2fbf9dd2-99790b20efa6907a1c6f.js","commons-0aba138ec5465cd07706.js","component---src-pages-board-js-7cac94d25226f8b448ca.js"],"component---src-pages-client-awareness-ar-js":["framework-378481a856149b1b42f2.js","styles.71f592e071c1eb3cde92.css","2fbf9dd2-99790b20efa6907a1c6f.js","commons-0aba138ec5465cd07706.js","component---src-pages-client-awareness-ar-js-ed0b834157268e7a3f84.js"],"component---src-pages-client-awareness-en-js":["framework-378481a856149b1b42f2.js","styles.71f592e071c1eb3cde92.css","2fbf9dd2-99790b20efa6907a1c6f.js","commons-0aba138ec5465cd07706.js","component---src-pages-client-awareness-en-js-bc031a35c89b87027aec.js"],"component---src-pages-client-awareness-js":["framework-378481a856149b1b42f2.js","styles.71f592e071c1eb3cde92.css","2fbf9dd2-99790b20efa6907a1c6f.js","commons-0aba138ec5465cd07706.js","27242b6a2560df6514ed1d11dac45d81f6f5e7f7-c0389931bf97438603f3.js","component---src-pages-client-awareness-js-4c940b480b64dd1de58b.js"],"component---src-pages-companies-login-ar-js":["framework-378481a856149b1b42f2.js","styles.71f592e071c1eb3cde92.css","2fbf9dd2-99790b20efa6907a1c6f.js","commons-0aba138ec5465cd07706.js","27242b6a2560df6514ed1d11dac45d81f6f5e7f7-c0389931bf97438603f3.js","f8d05ade44e5af3dd411582230cc5c025e9f44ff-730b3ee05cae49e34f4d.js","a6f2f626e93d4feae3cc5f3a3afa6ca74afad0f8-2cdbb31dd35814bcbb4e.js","component---src-pages-companies-login-ar-js-2ce4dedaa26c4c0fe103.js"],"component---src-pages-companies-login-en-js":["framework-378481a856149b1b42f2.js","styles.71f592e071c1eb3cde92.css","2fbf9dd2-99790b20efa6907a1c6f.js","commons-0aba138ec5465cd07706.js","27242b6a2560df6514ed1d11dac45d81f6f5e7f7-c0389931bf97438603f3.js","f8d05ade44e5af3dd411582230cc5c025e9f44ff-730b3ee05cae49e34f4d.js","a6f2f626e93d4feae3cc5f3a3afa6ca74afad0f8-2cdbb31dd35814bcbb4e.js","component---src-pages-companies-login-en-js-d6835b46642b3f32ed56.js"],"component---src-pages-companies-login-js":["framework-378481a856149b1b42f2.js","styles.71f592e071c1eb3cde92.css","2fbf9dd2-99790b20efa6907a1c6f.js","commons-0aba138ec5465cd07706.js","27242b6a2560df6514ed1d11dac45d81f6f5e7f7-c0389931bf97438603f3.js","f8d05ade44e5af3dd411582230cc5c025e9f44ff-730b3ee05cae49e34f4d.js","a6f2f626e93d4feae3cc5f3a3afa6ca74afad0f8-2cdbb31dd35814bcbb4e.js","component---src-pages-companies-login-js-75489b619e691741d7d8.js"],"component---src-pages-conservation-services-ar-js":["framework-378481a856149b1b42f2.js","styles.71f592e071c1eb3cde92.css","2fbf9dd2-99790b20efa6907a1c6f.js","commons-0aba138ec5465cd07706.js","component---src-pages-conservation-services-ar-js-9d29ed86eed5aaa249ea.js"],"component---src-pages-conservation-services-en-js":["framework-378481a856149b1b42f2.js","styles.71f592e071c1eb3cde92.css","2fbf9dd2-99790b20efa6907a1c6f.js","commons-0aba138ec5465cd07706.js","component---src-pages-conservation-services-en-js-307f7f3320dae4d69b84.js"],"component---src-pages-conservation-services-js":["framework-378481a856149b1b42f2.js","styles.71f592e071c1eb3cde92.css","2fbf9dd2-99790b20efa6907a1c6f.js","commons-0aba138ec5465cd07706.js","27242b6a2560df6514ed1d11dac45d81f6f5e7f7-c0389931bf97438603f3.js","component---src-pages-conservation-services-js-457b73b2ba4bb6007dd8.js"],"component---src-pages-contact-us-ar-js":["framework-378481a856149b1b42f2.js","styles.71f592e071c1eb3cde92.css","2fbf9dd2-99790b20efa6907a1c6f.js","commons-0aba138ec5465cd07706.js","27242b6a2560df6514ed1d11dac45d81f6f5e7f7-c0389931bf97438603f3.js","f8d05ade44e5af3dd411582230cc5c025e9f44ff-730b3ee05cae49e34f4d.js","component---src-pages-contact-us-ar-js-2b6bde541e50763fada5.js"],"component---src-pages-contact-us-en-js":["framework-378481a856149b1b42f2.js","styles.71f592e071c1eb3cde92.css","2fbf9dd2-99790b20efa6907a1c6f.js","commons-0aba138ec5465cd07706.js","27242b6a2560df6514ed1d11dac45d81f6f5e7f7-c0389931bf97438603f3.js","f8d05ade44e5af3dd411582230cc5c025e9f44ff-730b3ee05cae49e34f4d.js","component---src-pages-contact-us-en-js-7a235c018ad225325cbf.js"],"component---src-pages-contact-us-js":["framework-378481a856149b1b42f2.js","styles.71f592e071c1eb3cde92.css","2fbf9dd2-99790b20efa6907a1c6f.js","commons-0aba138ec5465cd07706.js","27242b6a2560df6514ed1d11dac45d81f6f5e7f7-c0389931bf97438603f3.js","f8d05ade44e5af3dd411582230cc5c025e9f44ff-730b3ee05cae49e34f4d.js","component---src-pages-contact-us-js-db8f6e5d08ab69092fa0.js"],"component---src-pages-index-ar-js":["framework-378481a856149b1b42f2.js","styles.71f592e071c1eb3cde92.css","2fbf9dd2-99790b20efa6907a1c6f.js","commons-0aba138ec5465cd07706.js","27242b6a2560df6514ed1d11dac45d81f6f5e7f7-c0389931bf97438603f3.js","f8d05ade44e5af3dd411582230cc5c025e9f44ff-730b3ee05cae49e34f4d.js","component---src-pages-index-ar-js-5c84dacbc6a18cc42ff1.js"],"component---src-pages-index-en-js":["framework-378481a856149b1b42f2.js","styles.71f592e071c1eb3cde92.css","2fbf9dd2-99790b20efa6907a1c6f.js","commons-0aba138ec5465cd07706.js","27242b6a2560df6514ed1d11dac45d81f6f5e7f7-c0389931bf97438603f3.js","f8d05ade44e5af3dd411582230cc5c025e9f44ff-730b3ee05cae49e34f4d.js","component---src-pages-index-en-js-914dccad13bc056a7046.js"],"component---src-pages-index-js":["framework-378481a856149b1b42f2.js","styles.71f592e071c1eb3cde92.css","2fbf9dd2-99790b20efa6907a1c6f.js","commons-0aba138ec5465cd07706.js","27242b6a2560df6514ed1d11dac45d81f6f5e7f7-c0389931bf97438603f3.js","f8d05ade44e5af3dd411582230cc5c025e9f44ff-730b3ee05cae49e34f4d.js","component---src-pages-index-js-6a56242a5283253aa9aa.js"],"component---src-pages-individuals-login-ar-js":["framework-378481a856149b1b42f2.js","styles.71f592e071c1eb3cde92.css","2fbf9dd2-99790b20efa6907a1c6f.js","commons-0aba138ec5465cd07706.js","27242b6a2560df6514ed1d11dac45d81f6f5e7f7-c0389931bf97438603f3.js","f8d05ade44e5af3dd411582230cc5c025e9f44ff-730b3ee05cae49e34f4d.js","a6f2f626e93d4feae3cc5f3a3afa6ca74afad0f8-2cdbb31dd35814bcbb4e.js","component---src-pages-individuals-login-ar-js-c6f22b7ee9afe63f1115.js"],"component---src-pages-individuals-login-en-js":["framework-378481a856149b1b42f2.js","styles.71f592e071c1eb3cde92.css","2fbf9dd2-99790b20efa6907a1c6f.js","commons-0aba138ec5465cd07706.js","27242b6a2560df6514ed1d11dac45d81f6f5e7f7-c0389931bf97438603f3.js","f8d05ade44e5af3dd411582230cc5c025e9f44ff-730b3ee05cae49e34f4d.js","a6f2f626e93d4feae3cc5f3a3afa6ca74afad0f8-2cdbb31dd35814bcbb4e.js","component---src-pages-individuals-login-en-js-2fd826e76c6212b6b864.js"],"component---src-pages-individuals-login-js":["framework-378481a856149b1b42f2.js","styles.71f592e071c1eb3cde92.css","2fbf9dd2-99790b20efa6907a1c6f.js","commons-0aba138ec5465cd07706.js","27242b6a2560df6514ed1d11dac45d81f6f5e7f7-c0389931bf97438603f3.js","f8d05ade44e5af3dd411582230cc5c025e9f44ff-730b3ee05cae49e34f4d.js","a6f2f626e93d4feae3cc5f3a3afa6ca74afad0f8-2cdbb31dd35814bcbb4e.js","component---src-pages-individuals-login-js-cdb27bcc63c59d6731f7.js"],"component---src-pages-investment-banking-ar-js":["framework-378481a856149b1b42f2.js","styles.71f592e071c1eb3cde92.css","2fbf9dd2-99790b20efa6907a1c6f.js","commons-0aba138ec5465cd07706.js","component---src-pages-investment-banking-ar-js-02b0de08e71f18b3d47b.js"],"component---src-pages-investment-banking-en-js":["framework-378481a856149b1b42f2.js","styles.71f592e071c1eb3cde92.css","2fbf9dd2-99790b20efa6907a1c6f.js","commons-0aba138ec5465cd07706.js","component---src-pages-investment-banking-en-js-a12b2498a25891519f37.js"],"component---src-pages-investment-banking-js":["framework-378481a856149b1b42f2.js","styles.71f592e071c1eb3cde92.css","2fbf9dd2-99790b20efa6907a1c6f.js","commons-0aba138ec5465cd07706.js","27242b6a2560df6514ed1d11dac45d81f6f5e7f7-c0389931bf97438603f3.js","component---src-pages-investment-banking-js-14a9a4ce08df359b0c55.js"],"component---src-pages-management-team-ar-js":["framework-378481a856149b1b42f2.js","styles.71f592e071c1eb3cde92.css","2fbf9dd2-99790b20efa6907a1c6f.js","commons-0aba138ec5465cd07706.js","component---src-pages-management-team-ar-js-7f6483e23e7897fc777e.js"],"component---src-pages-management-team-en-js":["framework-378481a856149b1b42f2.js","styles.71f592e071c1eb3cde92.css","2fbf9dd2-99790b20efa6907a1c6f.js","commons-0aba138ec5465cd07706.js","component---src-pages-management-team-en-js-1e36fa3d3368d29e2180.js"],"component---src-pages-management-team-jsx":["framework-378481a856149b1b42f2.js","styles.71f592e071c1eb3cde92.css","2fbf9dd2-99790b20efa6907a1c6f.js","commons-0aba138ec5465cd07706.js","component---src-pages-management-team-jsx-793a68ea10d4ebc3410c.js"],"component---src-pages-management-team-templet-ar-js":["framework-378481a856149b1b42f2.js","styles.71f592e071c1eb3cde92.css","2fbf9dd2-99790b20efa6907a1c6f.js","commons-0aba138ec5465cd07706.js","component---src-pages-management-team-templet-ar-js-5a14f09272fcca6686a2.js"],"component---src-pages-management-team-templet-en-js":["framework-378481a856149b1b42f2.js","styles.71f592e071c1eb3cde92.css","2fbf9dd2-99790b20efa6907a1c6f.js","commons-0aba138ec5465cd07706.js","component---src-pages-management-team-templet-en-js-6b66443f11930b2ea376.js"],"component---src-pages-management-team-templet-js":["framework-378481a856149b1b42f2.js","styles.71f592e071c1eb3cde92.css","2fbf9dd2-99790b20efa6907a1c6f.js","commons-0aba138ec5465cd07706.js","component---src-pages-management-team-templet-js-f741c28cb6a35aade121.js"],"component---src-pages-page-2-js":["framework-378481a856149b1b42f2.js","styles.71f592e071c1eb3cde92.css","2fbf9dd2-99790b20efa6907a1c6f.js","commons-0aba138ec5465cd07706.js","component---src-pages-page-2-js-ee068121447879c79f17.js"],"component---src-pages-reports-ar-js":["framework-378481a856149b1b42f2.js","styles.71f592e071c1eb3cde92.css","2fbf9dd2-99790b20efa6907a1c6f.js","commons-0aba138ec5465cd07706.js","a6f2f626e93d4feae3cc5f3a3afa6ca74afad0f8-2cdbb31dd35814bcbb4e.js","component---src-pages-reports-ar-js-cb410e0223978e75ed30.js"],"component---src-pages-reports-en-js":["framework-378481a856149b1b42f2.js","styles.71f592e071c1eb3cde92.css","2fbf9dd2-99790b20efa6907a1c6f.js","commons-0aba138ec5465cd07706.js","a6f2f626e93d4feae3cc5f3a3afa6ca74afad0f8-2cdbb31dd35814bcbb4e.js","component---src-pages-reports-en-js-80b4015f54ebe0e1321a.js"],"component---src-pages-reports-jsx":["framework-378481a856149b1b42f2.js","styles.71f592e071c1eb3cde92.css","2fbf9dd2-99790b20efa6907a1c6f.js","commons-0aba138ec5465cd07706.js","a6f2f626e93d4feae3cc5f3a3afa6ca74afad0f8-2cdbb31dd35814bcbb4e.js","component---src-pages-reports-jsx-e968621e7f608b0b4e05.js"],"component---src-pages-shariyah-review-ar-js":["framework-378481a856149b1b42f2.js","styles.71f592e071c1eb3cde92.css","2fbf9dd2-99790b20efa6907a1c6f.js","commons-0aba138ec5465cd07706.js","component---src-pages-shariyah-review-ar-js-0a7f6653738d5264a378.js"],"component---src-pages-shariyah-review-en-js":["framework-378481a856149b1b42f2.js","styles.71f592e071c1eb3cde92.css","2fbf9dd2-99790b20efa6907a1c6f.js","commons-0aba138ec5465cd07706.js","component---src-pages-shariyah-review-en-js-65f8f833d43e3357327a.js"],"component---src-pages-shariyah-review-js":["framework-378481a856149b1b42f2.js","styles.71f592e071c1eb3cde92.css","2fbf9dd2-99790b20efa6907a1c6f.js","commons-0aba138ec5465cd07706.js","27242b6a2560df6514ed1d11dac45d81f6f5e7f7-c0389931bf97438603f3.js","component---src-pages-shariyah-review-js-db93df251a0109346517.js"],"component---src-pages-team-js":["framework-378481a856149b1b42f2.js","styles.71f592e071c1eb3cde92.css","2fbf9dd2-99790b20efa6907a1c6f.js","commons-0aba138ec5465cd07706.js","component---src-pages-team-js-1e512738c6d6525f4ced.js"],"component---src-pages-using-ssr-js":["framework-378481a856149b1b42f2.js","styles.71f592e071c1eb3cde92.css","2fbf9dd2-99790b20efa6907a1c6f.js","commons-0aba138ec5465cd07706.js","component---src-pages-using-ssr-js-f76f697c02734dcb9823.js"],"component---src-pages-using-typescript-tsx":["framework-378481a856149b1b42f2.js","styles.71f592e071c1eb3cde92.css","2fbf9dd2-99790b20efa6907a1c6f.js","commons-0aba138ec5465cd07706.js","component---src-pages-using-typescript-tsx-f022a706926a9b5c5002.js"]},"childAssetsByChunkName":{}}