{"name":"build-javascript","namedChunkGroups":{"app":{"name":"app","assets":[{"name":"webpack-runtime-9c069f2273969f9f8715.js","size":9387},{"name":"framework-378481a856149b1b42f2.js","size":141440},{"name":"app-ceaf5838a10b1a15e57d.js","size":260510}],"filteredAssets":0,"assetsSize":411337,"filteredAuxiliaryAssets":3,"auxiliaryAssetsSize":905656},"component---src-pages-404-js":{"name":"component---src-pages-404-js","assets":[{"name":"framework-378481a856149b1b42f2.js","size":141440},{"name":"styles.c8a89e2d131be80c02d5.css","size":52382},{"name":"2fbf9dd2-99790b20efa6907a1c6f.js","size":335208},{"name":"commons-0aba138ec5465cd07706.js","size":70573},{"name":"component---src-pages-404-js-967f67ac027206f3c7a2.js","size":756}],"filteredAssets":0,"assetsSize":600359,"filteredAuxiliaryAssets":6,"auxiliaryAssetsSize":1749950},"component---src-pages-about-us-ar-js":{"name":"component---src-pages-about-us-ar-js","assets":[{"name":"framework-378481a856149b1b42f2.js","size":141440},{"name":"styles.c8a89e2d131be80c02d5.css","size":52382},{"name":"2fbf9dd2-99790b20efa6907a1c6f.js","size":335208},{"name":"commons-0aba138ec5465cd07706.js","size":70573},{"name":"f8d05ade44e5af3dd411582230cc5c025e9f44ff-c57009d4f1669aeb4b7b.js","size":107753},{"name":"component---src-pages-about-us-ar-js-552945c874481d10809a.js","size":10738}],"filteredAssets":0,"assetsSize":718094,"filteredAuxiliaryAssets":8,"auxiliaryAssetsSize":3787034},"component---src-pages-about-us-en-js":{"name":"component---src-pages-about-us-en-js","assets":[{"name":"framework-378481a856149b1b42f2.js","size":141440},{"name":"styles.c8a89e2d131be80c02d5.css","size":52382},{"name":"2fbf9dd2-99790b20efa6907a1c6f.js","size":335208},{"name":"commons-0aba138ec5465cd07706.js","size":70573},{"name":"f8d05ade44e5af3dd411582230cc5c025e9f44ff-c57009d4f1669aeb4b7b.js","size":107753},{"name":"component---src-pages-about-us-en-js-dd89f049f29a8b6a4233.js","size":10739}],"filteredAssets":0,"assetsSize":718095,"filteredAuxiliaryAssets":8,"auxiliaryAssetsSize":3787034},"component---src-pages-about-us-js":{"name":"component---src-pages-about-us-js","assets":[{"name":"framework-378481a856149b1b42f2.js","size":141440},{"name":"styles.c8a89e2d131be80c02d5.css","size":52382},{"name":"2fbf9dd2-99790b20efa6907a1c6f.js","size":335208},{"name":"commons-0aba138ec5465cd07706.js","size":70573},{"name":"f8d05ade44e5af3dd411582230cc5c025e9f44ff-c57009d4f1669aeb4b7b.js","size":107753},{"name":"component---src-pages-about-us-js-b5969badc762b72014d1.js","size":10736}],"filteredAssets":0,"assetsSize":718092,"filteredAuxiliaryAssets":8,"auxiliaryAssetsSize":3787028},"component---src-pages-advisory-research-ar-js":{"name":"component---src-pages-advisory-research-ar-js","assets":[{"name":"framework-378481a856149b1b42f2.js","size":141440},{"name":"styles.c8a89e2d131be80c02d5.css","size":52382},{"name":"2fbf9dd2-99790b20efa6907a1c6f.js","size":335208},{"name":"commons-0aba138ec5465cd07706.js","size":70573},{"name":"component---src-pages-advisory-research-ar-js-78c89d4b483adba70170.js","size":3417}],"filteredAssets":0,"assetsSize":603020,"filteredAuxiliaryAssets":6,"auxiliaryAssetsSize":1756778},"component---src-pages-advisory-research-en-js":{"name":"component---src-pages-advisory-research-en-js","assets":[{"name":"framework-378481a856149b1b42f2.js","size":141440},{"name":"styles.c8a89e2d131be80c02d5.css","size":52382},{"name":"2fbf9dd2-99790b20efa6907a1c6f.js","size":335208},{"name":"commons-0aba138ec5465cd07706.js","size":70573},{"name":"component---src-pages-advisory-research-en-js-7a05c012f0bab022f2f5.js","size":3417}],"filteredAssets":0,"assetsSize":603020,"filteredAuxiliaryAssets":6,"auxiliaryAssetsSize":1756778},"component---src-pages-advisory-research-js":{"name":"component---src-pages-advisory-research-js","assets":[{"name":"framework-378481a856149b1b42f2.js","size":141440},{"name":"styles.c8a89e2d131be80c02d5.css","size":52382},{"name":"2fbf9dd2-99790b20efa6907a1c6f.js","size":335208},{"name":"commons-0aba138ec5465cd07706.js","size":70573},{"name":"component---src-pages-advisory-research-js-27826827ec2804c9b8b3.js","size":3414}],"filteredAssets":0,"assetsSize":603017,"filteredAuxiliaryAssets":6,"auxiliaryAssetsSize":1756772},"component---src-pages-announcements-ar-js":{"name":"component---src-pages-announcements-ar-js","assets":[{"name":"framework-378481a856149b1b42f2.js","size":141440},{"name":"styles.c8a89e2d131be80c02d5.css","size":52382},{"name":"2fbf9dd2-99790b20efa6907a1c6f.js","size":335208},{"name":"commons-0aba138ec5465cd07706.js","size":70573},{"name":"component---src-pages-announcements-ar-js-ea52c79a56fed9dae7b7.js","size":9818}],"filteredAssets":0,"assetsSize":609421,"filteredAuxiliaryAssets":6,"auxiliaryAssetsSize":1759485},"component---src-pages-announcements-en-js":{"name":"component---src-pages-announcements-en-js","assets":[{"name":"framework-378481a856149b1b42f2.js","size":141440},{"name":"styles.c8a89e2d131be80c02d5.css","size":52382},{"name":"2fbf9dd2-99790b20efa6907a1c6f.js","size":335208},{"name":"commons-0aba138ec5465cd07706.js","size":70573},{"name":"component---src-pages-announcements-en-js-9f3f82c71c1aad2aad6a.js","size":9818}],"filteredAssets":0,"assetsSize":609421,"filteredAuxiliaryAssets":6,"auxiliaryAssetsSize":1759485},"component---src-pages-announcements-jsx":{"name":"component---src-pages-announcements-jsx","assets":[{"name":"framework-378481a856149b1b42f2.js","size":141440},{"name":"styles.c8a89e2d131be80c02d5.css","size":52382},{"name":"2fbf9dd2-99790b20efa6907a1c6f.js","size":335208},{"name":"commons-0aba138ec5465cd07706.js","size":70573},{"name":"component---src-pages-announcements-jsx-647ea9ec07c2aae3e017.js","size":9814}],"filteredAssets":0,"assetsSize":609417,"filteredAuxiliaryAssets":6,"auxiliaryAssetsSize":1759481},"component---src-pages-asset-management-ar-js":{"name":"component---src-pages-asset-management-ar-js","assets":[{"name":"framework-378481a856149b1b42f2.js","size":141440},{"name":"styles.c8a89e2d131be80c02d5.css","size":52382},{"name":"2fbf9dd2-99790b20efa6907a1c6f.js","size":335208},{"name":"commons-0aba138ec5465cd07706.js","size":70573},{"name":"a6f2f626e93d4feae3cc5f3a3afa6ca74afad0f8-2cdbb31dd35814bcbb4e.js","size":93320},{"name":"7aa11da8b8b43e76aa809d7885adc74b7358a2ff-93036cfaa18e0964566c.js","size":143898},{"name":"component---src-pages-asset-management-ar-js-383e2af9850261dcb044.js","size":11155}],"filteredAssets":0,"assetsSize":847976,"filteredAuxiliaryAssets":8,"auxiliaryAssetsSize":2629396},"component---src-pages-asset-management-en-js":{"name":"component---src-pages-asset-management-en-js","assets":[{"name":"framework-378481a856149b1b42f2.js","size":141440},{"name":"styles.c8a89e2d131be80c02d5.css","size":52382},{"name":"2fbf9dd2-99790b20efa6907a1c6f.js","size":335208},{"name":"commons-0aba138ec5465cd07706.js","size":70573},{"name":"a6f2f626e93d4feae3cc5f3a3afa6ca74afad0f8-2cdbb31dd35814bcbb4e.js","size":93320},{"name":"7aa11da8b8b43e76aa809d7885adc74b7358a2ff-93036cfaa18e0964566c.js","size":143898},{"name":"component---src-pages-asset-management-en-js-f4d60373229b25509310.js","size":11585}],"filteredAssets":0,"assetsSize":848406,"filteredAuxiliaryAssets":8,"auxiliaryAssetsSize":2629628},"component---src-pages-asset-management-js":{"name":"component---src-pages-asset-management-js","assets":[{"name":"framework-378481a856149b1b42f2.js","size":141440},{"name":"styles.c8a89e2d131be80c02d5.css","size":52382},{"name":"2fbf9dd2-99790b20efa6907a1c6f.js","size":335208},{"name":"commons-0aba138ec5465cd07706.js","size":70573},{"name":"a6f2f626e93d4feae3cc5f3a3afa6ca74afad0f8-2cdbb31dd35814bcbb4e.js","size":93320},{"name":"7aa11da8b8b43e76aa809d7885adc74b7358a2ff-93036cfaa18e0964566c.js","size":143898},{"name":"component---src-pages-asset-management-js-7ddd07a990db3c057460.js","size":46357}],"filteredAssets":0,"assetsSize":883178,"filteredAuxiliaryAssets":8,"auxiliaryAssetsSize":2632372},"component---src-pages-board-ar-js":{"name":"component---src-pages-board-ar-js","assets":[{"name":"framework-378481a856149b1b42f2.js","size":141440},{"name":"styles.c8a89e2d131be80c02d5.css","size":52382},{"name":"2fbf9dd2-99790b20efa6907a1c6f.js","size":335208},{"name":"commons-0aba138ec5465cd07706.js","size":70573},{"name":"component---src-pages-board-ar-js-61441ab5dfed116072a9.js","size":3605}],"filteredAssets":0,"assetsSize":603208,"filteredAuxiliaryAssets":6,"auxiliaryAssetsSize":1758126},"component---src-pages-board-directors-ar-js":{"name":"component---src-pages-board-directors-ar-js","assets":[{"name":"framework-378481a856149b1b42f2.js","size":141440},{"name":"styles.c8a89e2d131be80c02d5.css","size":52382},{"name":"2fbf9dd2-99790b20efa6907a1c6f.js","size":335208},{"name":"commons-0aba138ec5465cd07706.js","size":70573},{"name":"component---src-pages-board-directors-ar-js-9e86c60e6ddfb3c244a0.js","size":2003}],"filteredAssets":0,"assetsSize":601606,"filteredAuxiliaryAssets":6,"auxiliaryAssetsSize":1753562},"component---src-pages-board-directors-en-js":{"name":"component---src-pages-board-directors-en-js","assets":[{"name":"framework-378481a856149b1b42f2.js","size":141440},{"name":"styles.c8a89e2d131be80c02d5.css","size":52382},{"name":"2fbf9dd2-99790b20efa6907a1c6f.js","size":335208},{"name":"commons-0aba138ec5465cd07706.js","size":70573},{"name":"component---src-pages-board-directors-en-js-a14e6f38f179c56b20a5.js","size":2002}],"filteredAssets":0,"assetsSize":601605,"filteredAuxiliaryAssets":6,"auxiliaryAssetsSize":1753562},"component---src-pages-board-directors-js":{"name":"component---src-pages-board-directors-js","assets":[{"name":"framework-378481a856149b1b42f2.js","size":141440},{"name":"styles.c8a89e2d131be80c02d5.css","size":52382},{"name":"2fbf9dd2-99790b20efa6907a1c6f.js","size":335208},{"name":"commons-0aba138ec5465cd07706.js","size":70573},{"name":"component---src-pages-board-directors-js-d88b0be124ad5c36efaf.js","size":2035}],"filteredAssets":0,"assetsSize":601638,"filteredAuxiliaryAssets":6,"auxiliaryAssetsSize":1753700},"component---src-pages-board-en-js":{"name":"component---src-pages-board-en-js","assets":[{"name":"framework-378481a856149b1b42f2.js","size":141440},{"name":"styles.c8a89e2d131be80c02d5.css","size":52382},{"name":"2fbf9dd2-99790b20efa6907a1c6f.js","size":335208},{"name":"commons-0aba138ec5465cd07706.js","size":70573},{"name":"component---src-pages-board-en-js-73b23a85aadb784aa3da.js","size":3605}],"filteredAssets":0,"assetsSize":603208,"filteredAuxiliaryAssets":6,"auxiliaryAssetsSize":1758126},"component---src-pages-board-js":{"name":"component---src-pages-board-js","assets":[{"name":"framework-378481a856149b1b42f2.js","size":141440},{"name":"styles.c8a89e2d131be80c02d5.css","size":52382},{"name":"2fbf9dd2-99790b20efa6907a1c6f.js","size":335208},{"name":"commons-0aba138ec5465cd07706.js","size":70573},{"name":"component---src-pages-board-js-f039b8e9f5251982f700.js","size":3515}],"filteredAssets":0,"assetsSize":603118,"filteredAuxiliaryAssets":6,"auxiliaryAssetsSize":1757906},"component---src-pages-client-awareness-ar-js":{"name":"component---src-pages-client-awareness-ar-js","assets":[{"name":"framework-378481a856149b1b42f2.js","size":141440},{"name":"styles.c8a89e2d131be80c02d5.css","size":52382},{"name":"2fbf9dd2-99790b20efa6907a1c6f.js","size":335208},{"name":"commons-0aba138ec5465cd07706.js","size":70573},{"name":"component---src-pages-client-awareness-ar-js-05030e0c8e07f40be17d.js","size":3430}],"filteredAssets":0,"assetsSize":603033,"filteredAuxiliaryAssets":8,"auxiliaryAssetsSize":7471536},"component---src-pages-client-awareness-en-js":{"name":"component---src-pages-client-awareness-en-js","assets":[{"name":"framework-378481a856149b1b42f2.js","size":141440},{"name":"styles.c8a89e2d131be80c02d5.css","size":52382},{"name":"2fbf9dd2-99790b20efa6907a1c6f.js","size":335208},{"name":"commons-0aba138ec5465cd07706.js","size":70573},{"name":"component---src-pages-client-awareness-en-js-bc031a35c89b87027aec.js","size":3364}],"filteredAssets":0,"assetsSize":602967,"filteredAuxiliaryAssets":7,"auxiliaryAssetsSize":7044131},"component---src-pages-client-awareness-js":{"name":"component---src-pages-client-awareness-js","assets":[{"name":"framework-378481a856149b1b42f2.js","size":141440},{"name":"styles.c8a89e2d131be80c02d5.css","size":52382},{"name":"2fbf9dd2-99790b20efa6907a1c6f.js","size":335208},{"name":"commons-0aba138ec5465cd07706.js","size":70573},{"name":"component---src-pages-client-awareness-js-ce4ae41790fa3b5fc4af.js","size":3493}],"filteredAssets":0,"assetsSize":603096,"filteredAuxiliaryAssets":8,"auxiliaryAssetsSize":7471489},"component---src-pages-companies-login-ar-js":{"name":"component---src-pages-companies-login-ar-js","assets":[{"name":"framework-378481a856149b1b42f2.js","size":141440},{"name":"styles.c8a89e2d131be80c02d5.css","size":52382},{"name":"2fbf9dd2-99790b20efa6907a1c6f.js","size":335208},{"name":"commons-0aba138ec5465cd07706.js","size":70573},{"name":"f8d05ade44e5af3dd411582230cc5c025e9f44ff-c57009d4f1669aeb4b7b.js","size":107753},{"name":"a6f2f626e93d4feae3cc5f3a3afa6ca74afad0f8-2cdbb31dd35814bcbb4e.js","size":93320},{"name":"component---src-pages-companies-login-ar-js-2ce4dedaa26c4c0fe103.js","size":46165}],"filteredAssets":0,"assetsSize":846841,"filteredAuxiliaryAssets":8,"auxiliaryAssetsSize":2552595},"component---src-pages-companies-login-en-js":{"name":"component---src-pages-companies-login-en-js","assets":[{"name":"framework-378481a856149b1b42f2.js","size":141440},{"name":"styles.c8a89e2d131be80c02d5.css","size":52382},{"name":"2fbf9dd2-99790b20efa6907a1c6f.js","size":335208},{"name":"commons-0aba138ec5465cd07706.js","size":70573},{"name":"f8d05ade44e5af3dd411582230cc5c025e9f44ff-c57009d4f1669aeb4b7b.js","size":107753},{"name":"a6f2f626e93d4feae3cc5f3a3afa6ca74afad0f8-2cdbb31dd35814bcbb4e.js","size":93320},{"name":"component---src-pages-companies-login-en-js-d6835b46642b3f32ed56.js","size":46165}],"filteredAssets":0,"assetsSize":846841,"filteredAuxiliaryAssets":8,"auxiliaryAssetsSize":2552595},"component---src-pages-companies-login-js":{"name":"component---src-pages-companies-login-js","assets":[{"name":"framework-378481a856149b1b42f2.js","size":141440},{"name":"styles.c8a89e2d131be80c02d5.css","size":52382},{"name":"2fbf9dd2-99790b20efa6907a1c6f.js","size":335208},{"name":"commons-0aba138ec5465cd07706.js","size":70573},{"name":"f8d05ade44e5af3dd411582230cc5c025e9f44ff-c57009d4f1669aeb4b7b.js","size":107753},{"name":"a6f2f626e93d4feae3cc5f3a3afa6ca74afad0f8-2cdbb31dd35814bcbb4e.js","size":93320},{"name":"component---src-pages-companies-login-js-75489b619e691741d7d8.js","size":46377}],"filteredAssets":0,"assetsSize":847053,"filteredAuxiliaryAssets":8,"auxiliaryAssetsSize":2553099},"component---src-pages-conservation-services-ar-js":{"name":"component---src-pages-conservation-services-ar-js","assets":[{"name":"framework-378481a856149b1b42f2.js","size":141440},{"name":"styles.c8a89e2d131be80c02d5.css","size":52382},{"name":"2fbf9dd2-99790b20efa6907a1c6f.js","size":335208},{"name":"commons-0aba138ec5465cd07706.js","size":70573},{"name":"component---src-pages-conservation-services-ar-js-9d29ed86eed5aaa249ea.js","size":3060}],"filteredAssets":0,"assetsSize":602663,"filteredAuxiliaryAssets":6,"auxiliaryAssetsSize":1756788},"component---src-pages-conservation-services-en-js":{"name":"component---src-pages-conservation-services-en-js","assets":[{"name":"framework-378481a856149b1b42f2.js","size":141440},{"name":"styles.c8a89e2d131be80c02d5.css","size":52382},{"name":"2fbf9dd2-99790b20efa6907a1c6f.js","size":335208},{"name":"commons-0aba138ec5465cd07706.js","size":70573},{"name":"component---src-pages-conservation-services-en-js-307f7f3320dae4d69b84.js","size":3060}],"filteredAssets":0,"assetsSize":602663,"filteredAuxiliaryAssets":6,"auxiliaryAssetsSize":1756788},"component---src-pages-conservation-services-js":{"name":"component---src-pages-conservation-services-js","assets":[{"name":"framework-378481a856149b1b42f2.js","size":141440},{"name":"styles.c8a89e2d131be80c02d5.css","size":52382},{"name":"2fbf9dd2-99790b20efa6907a1c6f.js","size":335208},{"name":"commons-0aba138ec5465cd07706.js","size":70573},{"name":"component---src-pages-conservation-services-js-c6047c61cd31570807c0.js","size":3056}],"filteredAssets":0,"assetsSize":602659,"filteredAuxiliaryAssets":6,"auxiliaryAssetsSize":1756782},"component---src-pages-contact-us-ar-js":{"name":"component---src-pages-contact-us-ar-js","assets":[{"name":"framework-378481a856149b1b42f2.js","size":141440},{"name":"styles.c8a89e2d131be80c02d5.css","size":52382},{"name":"2fbf9dd2-99790b20efa6907a1c6f.js","size":335208},{"name":"commons-0aba138ec5465cd07706.js","size":70573},{"name":"f8d05ade44e5af3dd411582230cc5c025e9f44ff-c57009d4f1669aeb4b7b.js","size":107753},{"name":"component---src-pages-contact-us-ar-js-2b6bde541e50763fada5.js","size":7025}],"filteredAssets":0,"assetsSize":714381,"filteredAuxiliaryAssets":8,"auxiliaryAssetsSize":3779267},"component---src-pages-contact-us-en-js":{"name":"component---src-pages-contact-us-en-js","assets":[{"name":"framework-378481a856149b1b42f2.js","size":141440},{"name":"styles.c8a89e2d131be80c02d5.css","size":52382},{"name":"2fbf9dd2-99790b20efa6907a1c6f.js","size":335208},{"name":"commons-0aba138ec5465cd07706.js","size":70573},{"name":"f8d05ade44e5af3dd411582230cc5c025e9f44ff-c57009d4f1669aeb4b7b.js","size":107753},{"name":"component---src-pages-contact-us-en-js-7a235c018ad225325cbf.js","size":6881}],"filteredAssets":0,"assetsSize":714237,"filteredAuxiliaryAssets":8,"auxiliaryAssetsSize":3779107},"component---src-pages-contact-us-js":{"name":"component---src-pages-contact-us-js","assets":[{"name":"framework-378481a856149b1b42f2.js","size":141440},{"name":"styles.c8a89e2d131be80c02d5.css","size":52382},{"name":"2fbf9dd2-99790b20efa6907a1c6f.js","size":335208},{"name":"commons-0aba138ec5465cd07706.js","size":70573},{"name":"f8d05ade44e5af3dd411582230cc5c025e9f44ff-c57009d4f1669aeb4b7b.js","size":107753},{"name":"component---src-pages-contact-us-js-db8f6e5d08ab69092fa0.js","size":6945}],"filteredAssets":0,"assetsSize":714301,"filteredAuxiliaryAssets":8,"auxiliaryAssetsSize":3780264},"component---src-pages-index-ar-js":{"name":"component---src-pages-index-ar-js","assets":[{"name":"framework-378481a856149b1b42f2.js","size":141440},{"name":"styles.c8a89e2d131be80c02d5.css","size":52382},{"name":"2fbf9dd2-99790b20efa6907a1c6f.js","size":335208},{"name":"commons-0aba138ec5465cd07706.js","size":70573},{"name":"f8d05ade44e5af3dd411582230cc5c025e9f44ff-c57009d4f1669aeb4b7b.js","size":107753},{"name":"component---src-pages-index-ar-js-4414d93086cf4faecaaf.js","size":14130}],"filteredAssets":0,"assetsSize":721486,"filteredAuxiliaryAssets":8,"auxiliaryAssetsSize":3794682},"component---src-pages-index-en-js":{"name":"component---src-pages-index-en-js","assets":[{"name":"framework-378481a856149b1b42f2.js","size":141440},{"name":"styles.c8a89e2d131be80c02d5.css","size":52382},{"name":"2fbf9dd2-99790b20efa6907a1c6f.js","size":335208},{"name":"commons-0aba138ec5465cd07706.js","size":70573},{"name":"f8d05ade44e5af3dd411582230cc5c025e9f44ff-c57009d4f1669aeb4b7b.js","size":107753},{"name":"component---src-pages-index-en-js-d4c7eecf67bc7d2cc0dc.js","size":14135}],"filteredAssets":0,"assetsSize":721491,"filteredAuxiliaryAssets":8,"auxiliaryAssetsSize":3794694},"component---src-pages-index-js":{"name":"component---src-pages-index-js","assets":[{"name":"framework-378481a856149b1b42f2.js","size":141440},{"name":"styles.c8a89e2d131be80c02d5.css","size":52382},{"name":"2fbf9dd2-99790b20efa6907a1c6f.js","size":335208},{"name":"commons-0aba138ec5465cd07706.js","size":70573},{"name":"f8d05ade44e5af3dd411582230cc5c025e9f44ff-c57009d4f1669aeb4b7b.js","size":107753},{"name":"component---src-pages-index-js-23559798983afb9bdbc8.js","size":14185}],"filteredAssets":0,"assetsSize":721541,"filteredAuxiliaryAssets":8,"auxiliaryAssetsSize":3794801},"component---src-pages-individuals-login-ar-js":{"name":"component---src-pages-individuals-login-ar-js","assets":[{"name":"framework-378481a856149b1b42f2.js","size":141440},{"name":"styles.c8a89e2d131be80c02d5.css","size":52382},{"name":"2fbf9dd2-99790b20efa6907a1c6f.js","size":335208},{"name":"commons-0aba138ec5465cd07706.js","size":70573},{"name":"f8d05ade44e5af3dd411582230cc5c025e9f44ff-c57009d4f1669aeb4b7b.js","size":107753},{"name":"a6f2f626e93d4feae3cc5f3a3afa6ca74afad0f8-2cdbb31dd35814bcbb4e.js","size":93320},{"name":"component---src-pages-individuals-login-ar-js-c6f22b7ee9afe63f1115.js","size":58889}],"filteredAssets":0,"assetsSize":859565,"filteredAuxiliaryAssets":8,"auxiliaryAssetsSize":2578892},"component---src-pages-individuals-login-en-js":{"name":"component---src-pages-individuals-login-en-js","assets":[{"name":"framework-378481a856149b1b42f2.js","size":141440},{"name":"styles.c8a89e2d131be80c02d5.css","size":52382},{"name":"2fbf9dd2-99790b20efa6907a1c6f.js","size":335208},{"name":"commons-0aba138ec5465cd07706.js","size":70573},{"name":"f8d05ade44e5af3dd411582230cc5c025e9f44ff-c57009d4f1669aeb4b7b.js","size":107753},{"name":"a6f2f626e93d4feae3cc5f3a3afa6ca74afad0f8-2cdbb31dd35814bcbb4e.js","size":93320},{"name":"component---src-pages-individuals-login-en-js-2fd826e76c6212b6b864.js","size":58715}],"filteredAssets":0,"assetsSize":859391,"filteredAuxiliaryAssets":8,"auxiliaryAssetsSize":2578560},"component---src-pages-individuals-login-js":{"name":"component---src-pages-individuals-login-js","assets":[{"name":"framework-378481a856149b1b42f2.js","size":141440},{"name":"styles.c8a89e2d131be80c02d5.css","size":52382},{"name":"2fbf9dd2-99790b20efa6907a1c6f.js","size":335208},{"name":"commons-0aba138ec5465cd07706.js","size":70573},{"name":"f8d05ade44e5af3dd411582230cc5c025e9f44ff-c57009d4f1669aeb4b7b.js","size":107753},{"name":"a6f2f626e93d4feae3cc5f3a3afa6ca74afad0f8-2cdbb31dd35814bcbb4e.js","size":93320},{"name":"component---src-pages-individuals-login-js-cdb27bcc63c59d6731f7.js","size":59006}],"filteredAssets":0,"assetsSize":859682,"filteredAuxiliaryAssets":8,"auxiliaryAssetsSize":2579355},"component---src-pages-investment-banking-ar-js":{"name":"component---src-pages-investment-banking-ar-js","assets":[{"name":"framework-378481a856149b1b42f2.js","size":141440},{"name":"styles.c8a89e2d131be80c02d5.css","size":52382},{"name":"2fbf9dd2-99790b20efa6907a1c6f.js","size":335208},{"name":"commons-0aba138ec5465cd07706.js","size":70573},{"name":"aacaddfe3b066d75fafc0dccdb0c3aa774b588cf-c70be6ace8a6471bad86.js","size":8947},{"name":"component---src-pages-investment-banking-ar-js-65795d147b07f7f4d23a.js","size":8333}],"filteredAssets":0,"assetsSize":616883,"filteredAuxiliaryAssets":7,"auxiliaryAssetsSize":1790551},"component---src-pages-investment-banking-en-js":{"name":"component---src-pages-investment-banking-en-js","assets":[{"name":"framework-378481a856149b1b42f2.js","size":141440},{"name":"styles.c8a89e2d131be80c02d5.css","size":52382},{"name":"2fbf9dd2-99790b20efa6907a1c6f.js","size":335208},{"name":"commons-0aba138ec5465cd07706.js","size":70573},{"name":"aacaddfe3b066d75fafc0dccdb0c3aa774b588cf-c70be6ace8a6471bad86.js","size":8947},{"name":"component---src-pages-investment-banking-en-js-fcd51de25e576422fd35.js","size":8334}],"filteredAssets":0,"assetsSize":616884,"filteredAuxiliaryAssets":7,"auxiliaryAssetsSize":1790551},"component---src-pages-investment-banking-js":{"name":"component---src-pages-investment-banking-js","assets":[{"name":"framework-378481a856149b1b42f2.js","size":141440},{"name":"styles.c8a89e2d131be80c02d5.css","size":52382},{"name":"2fbf9dd2-99790b20efa6907a1c6f.js","size":335208},{"name":"commons-0aba138ec5465cd07706.js","size":70573},{"name":"aacaddfe3b066d75fafc0dccdb0c3aa774b588cf-c70be6ace8a6471bad86.js","size":8947},{"name":"component---src-pages-investment-banking-js-7109e4af328cf6435712.js","size":3400}],"filteredAssets":0,"assetsSize":611950,"filteredAuxiliaryAssets":7,"auxiliaryAssetsSize":1786384},"component---src-pages-management-team-ar-js":{"name":"component---src-pages-management-team-ar-js","assets":[{"name":"framework-378481a856149b1b42f2.js","size":141440},{"name":"styles.c8a89e2d131be80c02d5.css","size":52382},{"name":"2fbf9dd2-99790b20efa6907a1c6f.js","size":335208},{"name":"commons-0aba138ec5465cd07706.js","size":70573},{"name":"component---src-pages-management-team-ar-js-7f6483e23e7897fc777e.js","size":3667}],"filteredAssets":0,"assetsSize":603270,"filteredAuxiliaryAssets":6,"auxiliaryAssetsSize":1757836},"component---src-pages-management-team-en-js":{"name":"component---src-pages-management-team-en-js","assets":[{"name":"framework-378481a856149b1b42f2.js","size":141440},{"name":"styles.c8a89e2d131be80c02d5.css","size":52382},{"name":"2fbf9dd2-99790b20efa6907a1c6f.js","size":335208},{"name":"commons-0aba138ec5465cd07706.js","size":70573},{"name":"component---src-pages-management-team-en-js-1e36fa3d3368d29e2180.js","size":3667}],"filteredAssets":0,"assetsSize":603270,"filteredAuxiliaryAssets":6,"auxiliaryAssetsSize":1757836},"component---src-pages-management-team-jsx":{"name":"component---src-pages-management-team-jsx","assets":[{"name":"framework-378481a856149b1b42f2.js","size":141440},{"name":"styles.c8a89e2d131be80c02d5.css","size":52382},{"name":"2fbf9dd2-99790b20efa6907a1c6f.js","size":335208},{"name":"commons-0aba138ec5465cd07706.js","size":70573},{"name":"component---src-pages-management-team-jsx-acd6a5b9d1fe19a5da4a.js","size":3667}],"filteredAssets":0,"assetsSize":603270,"filteredAuxiliaryAssets":6,"auxiliaryAssetsSize":1757847},"component---src-pages-management-team-templet-ar-js":{"name":"component---src-pages-management-team-templet-ar-js","assets":[{"name":"framework-378481a856149b1b42f2.js","size":141440},{"name":"styles.c8a89e2d131be80c02d5.css","size":52382},{"name":"2fbf9dd2-99790b20efa6907a1c6f.js","size":335208},{"name":"commons-0aba138ec5465cd07706.js","size":70573},{"name":"component---src-pages-management-team-templet-ar-js-5a14f09272fcca6686a2.js","size":3272}],"filteredAssets":0,"assetsSize":602875,"filteredAuxiliaryAssets":6,"auxiliaryAssetsSize":1757535},"component---src-pages-management-team-templet-en-js":{"name":"component---src-pages-management-team-templet-en-js","assets":[{"name":"framework-378481a856149b1b42f2.js","size":141440},{"name":"styles.c8a89e2d131be80c02d5.css","size":52382},{"name":"2fbf9dd2-99790b20efa6907a1c6f.js","size":335208},{"name":"commons-0aba138ec5465cd07706.js","size":70573},{"name":"component---src-pages-management-team-templet-en-js-6b66443f11930b2ea376.js","size":3271}],"filteredAssets":0,"assetsSize":602874,"filteredAuxiliaryAssets":6,"auxiliaryAssetsSize":1757535},"component---src-pages-management-team-templet-js":{"name":"component---src-pages-management-team-templet-js","assets":[{"name":"framework-378481a856149b1b42f2.js","size":141440},{"name":"styles.c8a89e2d131be80c02d5.css","size":52382},{"name":"2fbf9dd2-99790b20efa6907a1c6f.js","size":335208},{"name":"commons-0aba138ec5465cd07706.js","size":70573},{"name":"component---src-pages-management-team-templet-js-60a7738c93107147098f.js","size":3269}],"filteredAssets":0,"assetsSize":602872,"filteredAuxiliaryAssets":6,"auxiliaryAssetsSize":1757529},"component---src-pages-page-2-js":{"name":"component---src-pages-page-2-js","assets":[{"name":"framework-378481a856149b1b42f2.js","size":141440},{"name":"styles.c8a89e2d131be80c02d5.css","size":52382},{"name":"2fbf9dd2-99790b20efa6907a1c6f.js","size":335208},{"name":"commons-0aba138ec5465cd07706.js","size":70573},{"name":"component---src-pages-page-2-js-ee068121447879c79f17.js","size":555}],"filteredAssets":0,"assetsSize":600158,"filteredAuxiliaryAssets":6,"auxiliaryAssetsSize":1749600},"component---src-pages-reports-ar-js":{"name":"component---src-pages-reports-ar-js","assets":[{"name":"framework-378481a856149b1b42f2.js","size":141440},{"name":"styles.c8a89e2d131be80c02d5.css","size":52382},{"name":"2fbf9dd2-99790b20efa6907a1c6f.js","size":335208},{"name":"commons-0aba138ec5465cd07706.js","size":70573},{"name":"a6f2f626e93d4feae3cc5f3a3afa6ca74afad0f8-2cdbb31dd35814bcbb4e.js","size":93320},{"name":"component---src-pages-reports-ar-js-cb410e0223978e75ed30.js","size":7109}],"filteredAssets":0,"assetsSize":700032,"filteredAuxiliaryAssets":7,"auxiliaryAssetsSize":2230803},"component---src-pages-reports-en-js":{"name":"component---src-pages-reports-en-js","assets":[{"name":"framework-378481a856149b1b42f2.js","size":141440},{"name":"styles.c8a89e2d131be80c02d5.css","size":52382},{"name":"2fbf9dd2-99790b20efa6907a1c6f.js","size":335208},{"name":"commons-0aba138ec5465cd07706.js","size":70573},{"name":"a6f2f626e93d4feae3cc5f3a3afa6ca74afad0f8-2cdbb31dd35814bcbb4e.js","size":93320},{"name":"component---src-pages-reports-en-js-3e279e4277127e7fd5aa.js","size":7109}],"filteredAssets":0,"assetsSize":700032,"filteredAuxiliaryAssets":7,"auxiliaryAssetsSize":2230803},"component---src-pages-reports-jsx":{"name":"component---src-pages-reports-jsx","assets":[{"name":"framework-378481a856149b1b42f2.js","size":141440},{"name":"styles.c8a89e2d131be80c02d5.css","size":52382},{"name":"2fbf9dd2-99790b20efa6907a1c6f.js","size":335208},{"name":"commons-0aba138ec5465cd07706.js","size":70573},{"name":"a6f2f626e93d4feae3cc5f3a3afa6ca74afad0f8-2cdbb31dd35814bcbb4e.js","size":93320},{"name":"component---src-pages-reports-jsx-634dbc8d7763f405bd6a.js","size":11395}],"filteredAssets":0,"assetsSize":704318,"filteredAuxiliaryAssets":7,"auxiliaryAssetsSize":2231852},"component---src-pages-shariyah-review-ar-js":{"name":"component---src-pages-shariyah-review-ar-js","assets":[{"name":"framework-378481a856149b1b42f2.js","size":141440},{"name":"styles.c8a89e2d131be80c02d5.css","size":52382},{"name":"2fbf9dd2-99790b20efa6907a1c6f.js","size":335208},{"name":"commons-0aba138ec5465cd07706.js","size":70573},{"name":"component---src-pages-shariyah-review-ar-js-9edc65df97dccb68813d.js","size":3997}],"filteredAssets":0,"assetsSize":603600,"filteredAuxiliaryAssets":6,"auxiliaryAssetsSize":1758111},"component---src-pages-shariyah-review-en-js":{"name":"component---src-pages-shariyah-review-en-js","assets":[{"name":"framework-378481a856149b1b42f2.js","size":141440},{"name":"styles.c8a89e2d131be80c02d5.css","size":52382},{"name":"2fbf9dd2-99790b20efa6907a1c6f.js","size":335208},{"name":"commons-0aba138ec5465cd07706.js","size":70573},{"name":"component---src-pages-shariyah-review-en-js-65f8f833d43e3357327a.js","size":3997}],"filteredAssets":0,"assetsSize":603600,"filteredAuxiliaryAssets":6,"auxiliaryAssetsSize":1758111},"component---src-pages-shariyah-review-js":{"name":"component---src-pages-shariyah-review-js","assets":[{"name":"framework-378481a856149b1b42f2.js","size":141440},{"name":"styles.c8a89e2d131be80c02d5.css","size":52382},{"name":"2fbf9dd2-99790b20efa6907a1c6f.js","size":335208},{"name":"commons-0aba138ec5465cd07706.js","size":70573},{"name":"component---src-pages-shariyah-review-js-7df5ddf2ad9f97d2bc17.js","size":3997}],"filteredAssets":0,"assetsSize":603600,"filteredAuxiliaryAssets":6,"auxiliaryAssetsSize":1758108},"component---src-pages-team-js":{"name":"component---src-pages-team-js","assets":[{"name":"framework-378481a856149b1b42f2.js","size":141440},{"name":"styles.c8a89e2d131be80c02d5.css","size":52382},{"name":"2fbf9dd2-99790b20efa6907a1c6f.js","size":335208},{"name":"commons-0aba138ec5465cd07706.js","size":70573},{"name":"component---src-pages-team-js-5959d2e3726384f8ceb4.js","size":3152}],"filteredAssets":0,"assetsSize":602755,"filteredAuxiliaryAssets":6,"auxiliaryAssetsSize":1757678},"component---src-pages-using-ssr-js":{"name":"component---src-pages-using-ssr-js","assets":[{"name":"framework-378481a856149b1b42f2.js","size":141440},{"name":"styles.c8a89e2d131be80c02d5.css","size":52382},{"name":"2fbf9dd2-99790b20efa6907a1c6f.js","size":335208},{"name":"commons-0aba138ec5465cd07706.js","size":70573},{"name":"component---src-pages-using-ssr-js-f76f697c02734dcb9823.js","size":1137}],"filteredAssets":0,"assetsSize":600740,"filteredAuxiliaryAssets":6,"auxiliaryAssetsSize":1751039},"component---src-pages-using-typescript-tsx":{"name":"component---src-pages-using-typescript-tsx","assets":[{"name":"framework-378481a856149b1b42f2.js","size":141440},{"name":"styles.c8a89e2d131be80c02d5.css","size":52382},{"name":"2fbf9dd2-99790b20efa6907a1c6f.js","size":335208},{"name":"commons-0aba138ec5465cd07706.js","size":70573},{"name":"component---src-pages-using-typescript-tsx-f022a706926a9b5c5002.js","size":1468}],"filteredAssets":0,"assetsSize":601071,"filteredAuxiliaryAssets":6,"auxiliaryAssetsSize":1751316}},"assetsByChunkName":{"app":["webpack-runtime-9c069f2273969f9f8715.js","framework-378481a856149b1b42f2.js","app-ceaf5838a10b1a15e57d.js"],"component---src-pages-404-js":["framework-378481a856149b1b42f2.js","styles.c8a89e2d131be80c02d5.css","2fbf9dd2-99790b20efa6907a1c6f.js","commons-0aba138ec5465cd07706.js","component---src-pages-404-js-967f67ac027206f3c7a2.js"],"component---src-pages-about-us-ar-js":["framework-378481a856149b1b42f2.js","styles.c8a89e2d131be80c02d5.css","2fbf9dd2-99790b20efa6907a1c6f.js","commons-0aba138ec5465cd07706.js","f8d05ade44e5af3dd411582230cc5c025e9f44ff-c57009d4f1669aeb4b7b.js","component---src-pages-about-us-ar-js-552945c874481d10809a.js"],"component---src-pages-about-us-en-js":["framework-378481a856149b1b42f2.js","styles.c8a89e2d131be80c02d5.css","2fbf9dd2-99790b20efa6907a1c6f.js","commons-0aba138ec5465cd07706.js","f8d05ade44e5af3dd411582230cc5c025e9f44ff-c57009d4f1669aeb4b7b.js","component---src-pages-about-us-en-js-dd89f049f29a8b6a4233.js"],"component---src-pages-about-us-js":["framework-378481a856149b1b42f2.js","styles.c8a89e2d131be80c02d5.css","2fbf9dd2-99790b20efa6907a1c6f.js","commons-0aba138ec5465cd07706.js","f8d05ade44e5af3dd411582230cc5c025e9f44ff-c57009d4f1669aeb4b7b.js","component---src-pages-about-us-js-b5969badc762b72014d1.js"],"component---src-pages-advisory-research-ar-js":["framework-378481a856149b1b42f2.js","styles.c8a89e2d131be80c02d5.css","2fbf9dd2-99790b20efa6907a1c6f.js","commons-0aba138ec5465cd07706.js","component---src-pages-advisory-research-ar-js-78c89d4b483adba70170.js"],"component---src-pages-advisory-research-en-js":["framework-378481a856149b1b42f2.js","styles.c8a89e2d131be80c02d5.css","2fbf9dd2-99790b20efa6907a1c6f.js","commons-0aba138ec5465cd07706.js","component---src-pages-advisory-research-en-js-7a05c012f0bab022f2f5.js"],"component---src-pages-advisory-research-js":["framework-378481a856149b1b42f2.js","styles.c8a89e2d131be80c02d5.css","2fbf9dd2-99790b20efa6907a1c6f.js","commons-0aba138ec5465cd07706.js","component---src-pages-advisory-research-js-27826827ec2804c9b8b3.js"],"component---src-pages-announcements-ar-js":["framework-378481a856149b1b42f2.js","styles.c8a89e2d131be80c02d5.css","2fbf9dd2-99790b20efa6907a1c6f.js","commons-0aba138ec5465cd07706.js","component---src-pages-announcements-ar-js-ea52c79a56fed9dae7b7.js"],"component---src-pages-announcements-en-js":["framework-378481a856149b1b42f2.js","styles.c8a89e2d131be80c02d5.css","2fbf9dd2-99790b20efa6907a1c6f.js","commons-0aba138ec5465cd07706.js","component---src-pages-announcements-en-js-9f3f82c71c1aad2aad6a.js"],"component---src-pages-announcements-jsx":["framework-378481a856149b1b42f2.js","styles.c8a89e2d131be80c02d5.css","2fbf9dd2-99790b20efa6907a1c6f.js","commons-0aba138ec5465cd07706.js","component---src-pages-announcements-jsx-647ea9ec07c2aae3e017.js"],"component---src-pages-asset-management-ar-js":["framework-378481a856149b1b42f2.js","styles.c8a89e2d131be80c02d5.css","2fbf9dd2-99790b20efa6907a1c6f.js","commons-0aba138ec5465cd07706.js","a6f2f626e93d4feae3cc5f3a3afa6ca74afad0f8-2cdbb31dd35814bcbb4e.js","7aa11da8b8b43e76aa809d7885adc74b7358a2ff-93036cfaa18e0964566c.js","component---src-pages-asset-management-ar-js-383e2af9850261dcb044.js"],"component---src-pages-asset-management-en-js":["framework-378481a856149b1b42f2.js","styles.c8a89e2d131be80c02d5.css","2fbf9dd2-99790b20efa6907a1c6f.js","commons-0aba138ec5465cd07706.js","a6f2f626e93d4feae3cc5f3a3afa6ca74afad0f8-2cdbb31dd35814bcbb4e.js","7aa11da8b8b43e76aa809d7885adc74b7358a2ff-93036cfaa18e0964566c.js","component---src-pages-asset-management-en-js-f4d60373229b25509310.js"],"component---src-pages-asset-management-js":["framework-378481a856149b1b42f2.js","styles.c8a89e2d131be80c02d5.css","2fbf9dd2-99790b20efa6907a1c6f.js","commons-0aba138ec5465cd07706.js","a6f2f626e93d4feae3cc5f3a3afa6ca74afad0f8-2cdbb31dd35814bcbb4e.js","7aa11da8b8b43e76aa809d7885adc74b7358a2ff-93036cfaa18e0964566c.js","component---src-pages-asset-management-js-7ddd07a990db3c057460.js"],"component---src-pages-board-ar-js":["framework-378481a856149b1b42f2.js","styles.c8a89e2d131be80c02d5.css","2fbf9dd2-99790b20efa6907a1c6f.js","commons-0aba138ec5465cd07706.js","component---src-pages-board-ar-js-61441ab5dfed116072a9.js"],"component---src-pages-board-directors-ar-js":["framework-378481a856149b1b42f2.js","styles.c8a89e2d131be80c02d5.css","2fbf9dd2-99790b20efa6907a1c6f.js","commons-0aba138ec5465cd07706.js","component---src-pages-board-directors-ar-js-9e86c60e6ddfb3c244a0.js"],"component---src-pages-board-directors-en-js":["framework-378481a856149b1b42f2.js","styles.c8a89e2d131be80c02d5.css","2fbf9dd2-99790b20efa6907a1c6f.js","commons-0aba138ec5465cd07706.js","component---src-pages-board-directors-en-js-a14e6f38f179c56b20a5.js"],"component---src-pages-board-directors-js":["framework-378481a856149b1b42f2.js","styles.c8a89e2d131be80c02d5.css","2fbf9dd2-99790b20efa6907a1c6f.js","commons-0aba138ec5465cd07706.js","component---src-pages-board-directors-js-d88b0be124ad5c36efaf.js"],"component---src-pages-board-en-js":["framework-378481a856149b1b42f2.js","styles.c8a89e2d131be80c02d5.css","2fbf9dd2-99790b20efa6907a1c6f.js","commons-0aba138ec5465cd07706.js","component---src-pages-board-en-js-73b23a85aadb784aa3da.js"],"component---src-pages-board-js":["framework-378481a856149b1b42f2.js","styles.c8a89e2d131be80c02d5.css","2fbf9dd2-99790b20efa6907a1c6f.js","commons-0aba138ec5465cd07706.js","component---src-pages-board-js-f039b8e9f5251982f700.js"],"component---src-pages-client-awareness-ar-js":["framework-378481a856149b1b42f2.js","styles.c8a89e2d131be80c02d5.css","2fbf9dd2-99790b20efa6907a1c6f.js","commons-0aba138ec5465cd07706.js","component---src-pages-client-awareness-ar-js-05030e0c8e07f40be17d.js"],"component---src-pages-client-awareness-en-js":["framework-378481a856149b1b42f2.js","styles.c8a89e2d131be80c02d5.css","2fbf9dd2-99790b20efa6907a1c6f.js","commons-0aba138ec5465cd07706.js","component---src-pages-client-awareness-en-js-bc031a35c89b87027aec.js"],"component---src-pages-client-awareness-js":["framework-378481a856149b1b42f2.js","styles.c8a89e2d131be80c02d5.css","2fbf9dd2-99790b20efa6907a1c6f.js","commons-0aba138ec5465cd07706.js","component---src-pages-client-awareness-js-ce4ae41790fa3b5fc4af.js"],"component---src-pages-companies-login-ar-js":["framework-378481a856149b1b42f2.js","styles.c8a89e2d131be80c02d5.css","2fbf9dd2-99790b20efa6907a1c6f.js","commons-0aba138ec5465cd07706.js","f8d05ade44e5af3dd411582230cc5c025e9f44ff-c57009d4f1669aeb4b7b.js","a6f2f626e93d4feae3cc5f3a3afa6ca74afad0f8-2cdbb31dd35814bcbb4e.js","component---src-pages-companies-login-ar-js-2ce4dedaa26c4c0fe103.js"],"component---src-pages-companies-login-en-js":["framework-378481a856149b1b42f2.js","styles.c8a89e2d131be80c02d5.css","2fbf9dd2-99790b20efa6907a1c6f.js","commons-0aba138ec5465cd07706.js","f8d05ade44e5af3dd411582230cc5c025e9f44ff-c57009d4f1669aeb4b7b.js","a6f2f626e93d4feae3cc5f3a3afa6ca74afad0f8-2cdbb31dd35814bcbb4e.js","component---src-pages-companies-login-en-js-d6835b46642b3f32ed56.js"],"component---src-pages-companies-login-js":["framework-378481a856149b1b42f2.js","styles.c8a89e2d131be80c02d5.css","2fbf9dd2-99790b20efa6907a1c6f.js","commons-0aba138ec5465cd07706.js","f8d05ade44e5af3dd411582230cc5c025e9f44ff-c57009d4f1669aeb4b7b.js","a6f2f626e93d4feae3cc5f3a3afa6ca74afad0f8-2cdbb31dd35814bcbb4e.js","component---src-pages-companies-login-js-75489b619e691741d7d8.js"],"component---src-pages-conservation-services-ar-js":["framework-378481a856149b1b42f2.js","styles.c8a89e2d131be80c02d5.css","2fbf9dd2-99790b20efa6907a1c6f.js","commons-0aba138ec5465cd07706.js","component---src-pages-conservation-services-ar-js-9d29ed86eed5aaa249ea.js"],"component---src-pages-conservation-services-en-js":["framework-378481a856149b1b42f2.js","styles.c8a89e2d131be80c02d5.css","2fbf9dd2-99790b20efa6907a1c6f.js","commons-0aba138ec5465cd07706.js","component---src-pages-conservation-services-en-js-307f7f3320dae4d69b84.js"],"component---src-pages-conservation-services-js":["framework-378481a856149b1b42f2.js","styles.c8a89e2d131be80c02d5.css","2fbf9dd2-99790b20efa6907a1c6f.js","commons-0aba138ec5465cd07706.js","component---src-pages-conservation-services-js-c6047c61cd31570807c0.js"],"component---src-pages-contact-us-ar-js":["framework-378481a856149b1b42f2.js","styles.c8a89e2d131be80c02d5.css","2fbf9dd2-99790b20efa6907a1c6f.js","commons-0aba138ec5465cd07706.js","f8d05ade44e5af3dd411582230cc5c025e9f44ff-c57009d4f1669aeb4b7b.js","component---src-pages-contact-us-ar-js-2b6bde541e50763fada5.js"],"component---src-pages-contact-us-en-js":["framework-378481a856149b1b42f2.js","styles.c8a89e2d131be80c02d5.css","2fbf9dd2-99790b20efa6907a1c6f.js","commons-0aba138ec5465cd07706.js","f8d05ade44e5af3dd411582230cc5c025e9f44ff-c57009d4f1669aeb4b7b.js","component---src-pages-contact-us-en-js-7a235c018ad225325cbf.js"],"component---src-pages-contact-us-js":["framework-378481a856149b1b42f2.js","styles.c8a89e2d131be80c02d5.css","2fbf9dd2-99790b20efa6907a1c6f.js","commons-0aba138ec5465cd07706.js","f8d05ade44e5af3dd411582230cc5c025e9f44ff-c57009d4f1669aeb4b7b.js","component---src-pages-contact-us-js-db8f6e5d08ab69092fa0.js"],"component---src-pages-index-ar-js":["framework-378481a856149b1b42f2.js","styles.c8a89e2d131be80c02d5.css","2fbf9dd2-99790b20efa6907a1c6f.js","commons-0aba138ec5465cd07706.js","f8d05ade44e5af3dd411582230cc5c025e9f44ff-c57009d4f1669aeb4b7b.js","component---src-pages-index-ar-js-4414d93086cf4faecaaf.js"],"component---src-pages-index-en-js":["framework-378481a856149b1b42f2.js","styles.c8a89e2d131be80c02d5.css","2fbf9dd2-99790b20efa6907a1c6f.js","commons-0aba138ec5465cd07706.js","f8d05ade44e5af3dd411582230cc5c025e9f44ff-c57009d4f1669aeb4b7b.js","component---src-pages-index-en-js-d4c7eecf67bc7d2cc0dc.js"],"component---src-pages-index-js":["framework-378481a856149b1b42f2.js","styles.c8a89e2d131be80c02d5.css","2fbf9dd2-99790b20efa6907a1c6f.js","commons-0aba138ec5465cd07706.js","f8d05ade44e5af3dd411582230cc5c025e9f44ff-c57009d4f1669aeb4b7b.js","component---src-pages-index-js-23559798983afb9bdbc8.js"],"component---src-pages-individuals-login-ar-js":["framework-378481a856149b1b42f2.js","styles.c8a89e2d131be80c02d5.css","2fbf9dd2-99790b20efa6907a1c6f.js","commons-0aba138ec5465cd07706.js","f8d05ade44e5af3dd411582230cc5c025e9f44ff-c57009d4f1669aeb4b7b.js","a6f2f626e93d4feae3cc5f3a3afa6ca74afad0f8-2cdbb31dd35814bcbb4e.js","component---src-pages-individuals-login-ar-js-c6f22b7ee9afe63f1115.js"],"component---src-pages-individuals-login-en-js":["framework-378481a856149b1b42f2.js","styles.c8a89e2d131be80c02d5.css","2fbf9dd2-99790b20efa6907a1c6f.js","commons-0aba138ec5465cd07706.js","f8d05ade44e5af3dd411582230cc5c025e9f44ff-c57009d4f1669aeb4b7b.js","a6f2f626e93d4feae3cc5f3a3afa6ca74afad0f8-2cdbb31dd35814bcbb4e.js","component---src-pages-individuals-login-en-js-2fd826e76c6212b6b864.js"],"component---src-pages-individuals-login-js":["framework-378481a856149b1b42f2.js","styles.c8a89e2d131be80c02d5.css","2fbf9dd2-99790b20efa6907a1c6f.js","commons-0aba138ec5465cd07706.js","f8d05ade44e5af3dd411582230cc5c025e9f44ff-c57009d4f1669aeb4b7b.js","a6f2f626e93d4feae3cc5f3a3afa6ca74afad0f8-2cdbb31dd35814bcbb4e.js","component---src-pages-individuals-login-js-cdb27bcc63c59d6731f7.js"],"component---src-pages-investment-banking-ar-js":["framework-378481a856149b1b42f2.js","styles.c8a89e2d131be80c02d5.css","2fbf9dd2-99790b20efa6907a1c6f.js","commons-0aba138ec5465cd07706.js","aacaddfe3b066d75fafc0dccdb0c3aa774b588cf-c70be6ace8a6471bad86.js","component---src-pages-investment-banking-ar-js-65795d147b07f7f4d23a.js"],"component---src-pages-investment-banking-en-js":["framework-378481a856149b1b42f2.js","styles.c8a89e2d131be80c02d5.css","2fbf9dd2-99790b20efa6907a1c6f.js","commons-0aba138ec5465cd07706.js","aacaddfe3b066d75fafc0dccdb0c3aa774b588cf-c70be6ace8a6471bad86.js","component---src-pages-investment-banking-en-js-fcd51de25e576422fd35.js"],"component---src-pages-investment-banking-js":["framework-378481a856149b1b42f2.js","styles.c8a89e2d131be80c02d5.css","2fbf9dd2-99790b20efa6907a1c6f.js","commons-0aba138ec5465cd07706.js","aacaddfe3b066d75fafc0dccdb0c3aa774b588cf-c70be6ace8a6471bad86.js","component---src-pages-investment-banking-js-7109e4af328cf6435712.js"],"component---src-pages-management-team-ar-js":["framework-378481a856149b1b42f2.js","styles.c8a89e2d131be80c02d5.css","2fbf9dd2-99790b20efa6907a1c6f.js","commons-0aba138ec5465cd07706.js","component---src-pages-management-team-ar-js-7f6483e23e7897fc777e.js"],"component---src-pages-management-team-en-js":["framework-378481a856149b1b42f2.js","styles.c8a89e2d131be80c02d5.css","2fbf9dd2-99790b20efa6907a1c6f.js","commons-0aba138ec5465cd07706.js","component---src-pages-management-team-en-js-1e36fa3d3368d29e2180.js"],"component---src-pages-management-team-jsx":["framework-378481a856149b1b42f2.js","styles.c8a89e2d131be80c02d5.css","2fbf9dd2-99790b20efa6907a1c6f.js","commons-0aba138ec5465cd07706.js","component---src-pages-management-team-jsx-acd6a5b9d1fe19a5da4a.js"],"component---src-pages-management-team-templet-ar-js":["framework-378481a856149b1b42f2.js","styles.c8a89e2d131be80c02d5.css","2fbf9dd2-99790b20efa6907a1c6f.js","commons-0aba138ec5465cd07706.js","component---src-pages-management-team-templet-ar-js-5a14f09272fcca6686a2.js"],"component---src-pages-management-team-templet-en-js":["framework-378481a856149b1b42f2.js","styles.c8a89e2d131be80c02d5.css","2fbf9dd2-99790b20efa6907a1c6f.js","commons-0aba138ec5465cd07706.js","component---src-pages-management-team-templet-en-js-6b66443f11930b2ea376.js"],"component---src-pages-management-team-templet-js":["framework-378481a856149b1b42f2.js","styles.c8a89e2d131be80c02d5.css","2fbf9dd2-99790b20efa6907a1c6f.js","commons-0aba138ec5465cd07706.js","component---src-pages-management-team-templet-js-60a7738c93107147098f.js"],"component---src-pages-page-2-js":["framework-378481a856149b1b42f2.js","styles.c8a89e2d131be80c02d5.css","2fbf9dd2-99790b20efa6907a1c6f.js","commons-0aba138ec5465cd07706.js","component---src-pages-page-2-js-ee068121447879c79f17.js"],"component---src-pages-reports-ar-js":["framework-378481a856149b1b42f2.js","styles.c8a89e2d131be80c02d5.css","2fbf9dd2-99790b20efa6907a1c6f.js","commons-0aba138ec5465cd07706.js","a6f2f626e93d4feae3cc5f3a3afa6ca74afad0f8-2cdbb31dd35814bcbb4e.js","component---src-pages-reports-ar-js-cb410e0223978e75ed30.js"],"component---src-pages-reports-en-js":["framework-378481a856149b1b42f2.js","styles.c8a89e2d131be80c02d5.css","2fbf9dd2-99790b20efa6907a1c6f.js","commons-0aba138ec5465cd07706.js","a6f2f626e93d4feae3cc5f3a3afa6ca74afad0f8-2cdbb31dd35814bcbb4e.js","component---src-pages-reports-en-js-3e279e4277127e7fd5aa.js"],"component---src-pages-reports-jsx":["framework-378481a856149b1b42f2.js","styles.c8a89e2d131be80c02d5.css","2fbf9dd2-99790b20efa6907a1c6f.js","commons-0aba138ec5465cd07706.js","a6f2f626e93d4feae3cc5f3a3afa6ca74afad0f8-2cdbb31dd35814bcbb4e.js","component---src-pages-reports-jsx-634dbc8d7763f405bd6a.js"],"component---src-pages-shariyah-review-ar-js":["framework-378481a856149b1b42f2.js","styles.c8a89e2d131be80c02d5.css","2fbf9dd2-99790b20efa6907a1c6f.js","commons-0aba138ec5465cd07706.js","component---src-pages-shariyah-review-ar-js-9edc65df97dccb68813d.js"],"component---src-pages-shariyah-review-en-js":["framework-378481a856149b1b42f2.js","styles.c8a89e2d131be80c02d5.css","2fbf9dd2-99790b20efa6907a1c6f.js","commons-0aba138ec5465cd07706.js","component---src-pages-shariyah-review-en-js-65f8f833d43e3357327a.js"],"component---src-pages-shariyah-review-js":["framework-378481a856149b1b42f2.js","styles.c8a89e2d131be80c02d5.css","2fbf9dd2-99790b20efa6907a1c6f.js","commons-0aba138ec5465cd07706.js","component---src-pages-shariyah-review-js-7df5ddf2ad9f97d2bc17.js"],"component---src-pages-team-js":["framework-378481a856149b1b42f2.js","styles.c8a89e2d131be80c02d5.css","2fbf9dd2-99790b20efa6907a1c6f.js","commons-0aba138ec5465cd07706.js","component---src-pages-team-js-5959d2e3726384f8ceb4.js"],"component---src-pages-using-ssr-js":["framework-378481a856149b1b42f2.js","styles.c8a89e2d131be80c02d5.css","2fbf9dd2-99790b20efa6907a1c6f.js","commons-0aba138ec5465cd07706.js","component---src-pages-using-ssr-js-f76f697c02734dcb9823.js"],"component---src-pages-using-typescript-tsx":["framework-378481a856149b1b42f2.js","styles.c8a89e2d131be80c02d5.css","2fbf9dd2-99790b20efa6907a1c6f.js","commons-0aba138ec5465cd07706.js","component---src-pages-using-typescript-tsx-f022a706926a9b5c5002.js"]},"childAssetsByChunkName":{}}