{"name":"build-javascript","namedChunkGroups":{"app":{"name":"app","assets":[{"name":"webpack-runtime-24eb5896647339ca319c.js","size":9463},{"name":"framework-378481a856149b1b42f2.js","size":141440},{"name":"app-9659337be6b0e0c56495.js","size":261167}],"filteredAssets":0,"assetsSize":412070,"filteredAuxiliaryAssets":3,"auxiliaryAssetsSize":906053},"component---src-pages-404-js":{"name":"component---src-pages-404-js","assets":[{"name":"styles.268f4ea7ba793c0082b4.css","size":58823},{"name":"2fbf9dd2-99790b20efa6907a1c6f.js","size":335208},{"name":"commons-b3b82008ea6c6e57be2f.js","size":47406},{"name":"component---src-pages-404-js-c397fa8684089178ff19.js","size":756}],"filteredAssets":0,"assetsSize":442193,"filteredAuxiliaryAssets":5,"auxiliaryAssetsSize":1290123},"component---src-pages-about-us-ar-js":{"name":"component---src-pages-about-us-ar-js","assets":[{"name":"styles.268f4ea7ba793c0082b4.css","size":58823},{"name":"2fbf9dd2-99790b20efa6907a1c6f.js","size":335208},{"name":"commons-b3b82008ea6c6e57be2f.js","size":47406},{"name":"27242b6a2560df6514ed1d11dac45d81f6f5e7f7-40cc0fcdc493c05fa204.js","size":30436},{"name":"f8d05ade44e5af3dd411582230cc5c025e9f44ff-730b3ee05cae49e34f4d.js","size":77513},{"name":"component---src-pages-about-us-ar-js-d92f1e7faae7a97b00cd.js","size":11516}],"filteredAssets":0,"assetsSize":560902,"filteredAuxiliaryAssets":7,"auxiliaryAssetsSize":1545730},"component---src-pages-about-us-en-js":{"name":"component---src-pages-about-us-en-js","assets":[{"name":"styles.268f4ea7ba793c0082b4.css","size":58823},{"name":"2fbf9dd2-99790b20efa6907a1c6f.js","size":335208},{"name":"commons-b3b82008ea6c6e57be2f.js","size":47406},{"name":"27242b6a2560df6514ed1d11dac45d81f6f5e7f7-40cc0fcdc493c05fa204.js","size":30436},{"name":"f8d05ade44e5af3dd411582230cc5c025e9f44ff-730b3ee05cae49e34f4d.js","size":77513},{"name":"component---src-pages-about-us-en-js-ab69ce6760432692d874.js","size":11517}],"filteredAssets":0,"assetsSize":560903,"filteredAuxiliaryAssets":7,"auxiliaryAssetsSize":1545730},"component---src-pages-about-us-js":{"name":"component---src-pages-about-us-js","assets":[{"name":"styles.268f4ea7ba793c0082b4.css","size":58823},{"name":"2fbf9dd2-99790b20efa6907a1c6f.js","size":335208},{"name":"commons-b3b82008ea6c6e57be2f.js","size":47406},{"name":"27242b6a2560df6514ed1d11dac45d81f6f5e7f7-40cc0fcdc493c05fa204.js","size":30436},{"name":"f8d05ade44e5af3dd411582230cc5c025e9f44ff-730b3ee05cae49e34f4d.js","size":77513},{"name":"component---src-pages-about-us-js-67bbf22565d1ec13611e.js","size":11798}],"filteredAssets":0,"assetsSize":561184,"filteredAuxiliaryAssets":7,"auxiliaryAssetsSize":1547099},"component---src-pages-advisory-research-ar-js":{"name":"component---src-pages-advisory-research-ar-js","assets":[{"name":"styles.268f4ea7ba793c0082b4.css","size":58823},{"name":"2fbf9dd2-99790b20efa6907a1c6f.js","size":335208},{"name":"commons-b3b82008ea6c6e57be2f.js","size":47406},{"name":"component---src-pages-advisory-research-ar-js-b5dd9043ad0c330abf22.js","size":3433}],"filteredAssets":0,"assetsSize":444870,"filteredAuxiliaryAssets":5,"auxiliaryAssetsSize":1297015},"component---src-pages-advisory-research-en-js":{"name":"component---src-pages-advisory-research-en-js","assets":[{"name":"styles.268f4ea7ba793c0082b4.css","size":58823},{"name":"2fbf9dd2-99790b20efa6907a1c6f.js","size":335208},{"name":"commons-b3b82008ea6c6e57be2f.js","size":47406},{"name":"component---src-pages-advisory-research-en-js-c63e976aa95fdefc0f4c.js","size":3433}],"filteredAssets":0,"assetsSize":444870,"filteredAuxiliaryAssets":5,"auxiliaryAssetsSize":1297015},"component---src-pages-advisory-research-js":{"name":"component---src-pages-advisory-research-js","assets":[{"name":"styles.268f4ea7ba793c0082b4.css","size":58823},{"name":"2fbf9dd2-99790b20efa6907a1c6f.js","size":335208},{"name":"commons-b3b82008ea6c6e57be2f.js","size":47406},{"name":"27242b6a2560df6514ed1d11dac45d81f6f5e7f7-40cc0fcdc493c05fa204.js","size":30436},{"name":"component---src-pages-advisory-research-js-783e37a005527dec05ed.js","size":2356}],"filteredAssets":0,"assetsSize":474229,"filteredAuxiliaryAssets":6,"auxiliaryAssetsSize":1438653},"component---src-pages-announcements-ar-js":{"name":"component---src-pages-announcements-ar-js","assets":[{"name":"styles.268f4ea7ba793c0082b4.css","size":58823},{"name":"2fbf9dd2-99790b20efa6907a1c6f.js","size":335208},{"name":"commons-b3b82008ea6c6e57be2f.js","size":47406},{"name":"component---src-pages-announcements-ar-js-70942e967d31bb412a3e.js","size":9834}],"filteredAssets":0,"assetsSize":451271,"filteredAuxiliaryAssets":5,"auxiliaryAssetsSize":1299720},"component---src-pages-announcements-en-js":{"name":"component---src-pages-announcements-en-js","assets":[{"name":"styles.268f4ea7ba793c0082b4.css","size":58823},{"name":"2fbf9dd2-99790b20efa6907a1c6f.js","size":335208},{"name":"commons-b3b82008ea6c6e57be2f.js","size":47406},{"name":"component---src-pages-announcements-en-js-8a1d02d780272039828f.js","size":9834}],"filteredAssets":0,"assetsSize":451271,"filteredAuxiliaryAssets":5,"auxiliaryAssetsSize":1299720},"component---src-pages-announcements-jsx":{"name":"component---src-pages-announcements-jsx","assets":[{"name":"styles.268f4ea7ba793c0082b4.css","size":58823},{"name":"2fbf9dd2-99790b20efa6907a1c6f.js","size":335208},{"name":"commons-b3b82008ea6c6e57be2f.js","size":47406},{"name":"component---src-pages-announcements-jsx-d90b756d0d09389063dc.js","size":9535}],"filteredAssets":0,"assetsSize":450972,"filteredAuxiliaryAssets":5,"auxiliaryAssetsSize":1299434},"component---src-pages-asset-management-ar-js":{"name":"component---src-pages-asset-management-ar-js","assets":[{"name":"styles.268f4ea7ba793c0082b4.css","size":58823},{"name":"framework-378481a856149b1b42f2.js","size":141440},{"name":"2fbf9dd2-99790b20efa6907a1c6f.js","size":335208},{"name":"commons-b3b82008ea6c6e57be2f.js","size":47406},{"name":"a6f2f626e93d4feae3cc5f3a3afa6ca74afad0f8-fc6fe010ea1ff67fc537.js","size":95503},{"name":"7aa11da8b8b43e76aa809d7885adc74b7358a2ff-1c02802b1efac00a85e0.js","size":136018},{"name":"component---src-pages-asset-management-ar-js-fc452564fb3e602b3dc6.js","size":19099}],"filteredAssets":0,"assetsSize":833497,"filteredAuxiliaryAssets":8,"auxiliaryAssetsSize":2528114},"component---src-pages-asset-management-en-js":{"name":"component---src-pages-asset-management-en-js","assets":[{"name":"styles.268f4ea7ba793c0082b4.css","size":58823},{"name":"framework-378481a856149b1b42f2.js","size":141440},{"name":"2fbf9dd2-99790b20efa6907a1c6f.js","size":335208},{"name":"commons-b3b82008ea6c6e57be2f.js","size":47406},{"name":"a6f2f626e93d4feae3cc5f3a3afa6ca74afad0f8-fc6fe010ea1ff67fc537.js","size":95503},{"name":"7aa11da8b8b43e76aa809d7885adc74b7358a2ff-1c02802b1efac00a85e0.js","size":136018},{"name":"component---src-pages-asset-management-en-js-9e8cb17a9cabd3784fc1.js","size":19529}],"filteredAssets":0,"assetsSize":833927,"filteredAuxiliaryAssets":8,"auxiliaryAssetsSize":2528352},"component---src-pages-asset-management-js":{"name":"component---src-pages-asset-management-js","assets":[{"name":"styles.268f4ea7ba793c0082b4.css","size":58823},{"name":"framework-378481a856149b1b42f2.js","size":141440},{"name":"2fbf9dd2-99790b20efa6907a1c6f.js","size":335208},{"name":"commons-b3b82008ea6c6e57be2f.js","size":47406},{"name":"27242b6a2560df6514ed1d11dac45d81f6f5e7f7-40cc0fcdc493c05fa204.js","size":30436},{"name":"a6f2f626e93d4feae3cc5f3a3afa6ca74afad0f8-fc6fe010ea1ff67fc537.js","size":95503},{"name":"7aa11da8b8b43e76aa809d7885adc74b7358a2ff-1c02802b1efac00a85e0.js","size":136018},{"name":"component---src-pages-asset-management-js-8ff0d3ec9a996bb95277.js","size":10074}],"filteredAssets":0,"assetsSize":854908,"filteredAuxiliaryAssets":9,"auxiliaryAssetsSize":2668896},"component---src-pages-board-ar-js":{"name":"component---src-pages-board-ar-js","assets":[{"name":"styles.268f4ea7ba793c0082b4.css","size":58823},{"name":"2fbf9dd2-99790b20efa6907a1c6f.js","size":335208},{"name":"commons-b3b82008ea6c6e57be2f.js","size":47406},{"name":"component---src-pages-board-ar-js-cc85dad5be3381455cdc.js","size":3621}],"filteredAssets":0,"assetsSize":445058,"filteredAuxiliaryAssets":5,"auxiliaryAssetsSize":1298361},"component---src-pages-board-directors-ar-js":{"name":"component---src-pages-board-directors-ar-js","assets":[{"name":"styles.268f4ea7ba793c0082b4.css","size":58823},{"name":"2fbf9dd2-99790b20efa6907a1c6f.js","size":335208},{"name":"commons-b3b82008ea6c6e57be2f.js","size":47406},{"name":"component---src-pages-board-directors-ar-js-6ec9619ab89dd27c5e29.js","size":2019}],"filteredAssets":0,"assetsSize":443456,"filteredAuxiliaryAssets":5,"auxiliaryAssetsSize":1293800},"component---src-pages-board-directors-en-js":{"name":"component---src-pages-board-directors-en-js","assets":[{"name":"styles.268f4ea7ba793c0082b4.css","size":58823},{"name":"2fbf9dd2-99790b20efa6907a1c6f.js","size":335208},{"name":"commons-b3b82008ea6c6e57be2f.js","size":47406},{"name":"component---src-pages-board-directors-en-js-b9727cbf4534a07b63a5.js","size":2018}],"filteredAssets":0,"assetsSize":443455,"filteredAuxiliaryAssets":5,"auxiliaryAssetsSize":1293800},"component---src-pages-board-directors-js":{"name":"component---src-pages-board-directors-js","assets":[{"name":"styles.268f4ea7ba793c0082b4.css","size":58823},{"name":"2fbf9dd2-99790b20efa6907a1c6f.js","size":335208},{"name":"commons-b3b82008ea6c6e57be2f.js","size":47406},{"name":"27242b6a2560df6514ed1d11dac45d81f6f5e7f7-40cc0fcdc493c05fa204.js","size":30436},{"name":"component---src-pages-board-directors-js-daf494a93739755c03b5.js","size":1965}],"filteredAssets":0,"assetsSize":473838,"filteredAuxiliaryAssets":6,"auxiliaryAssetsSize":1437666},"component---src-pages-board-en-js":{"name":"component---src-pages-board-en-js","assets":[{"name":"styles.268f4ea7ba793c0082b4.css","size":58823},{"name":"2fbf9dd2-99790b20efa6907a1c6f.js","size":335208},{"name":"commons-b3b82008ea6c6e57be2f.js","size":47406},{"name":"component---src-pages-board-en-js-9e14a6f5f7df63c56498.js","size":3621}],"filteredAssets":0,"assetsSize":445058,"filteredAuxiliaryAssets":5,"auxiliaryAssetsSize":1298361},"component---src-pages-board-js":{"name":"component---src-pages-board-js","assets":[{"name":"styles.268f4ea7ba793c0082b4.css","size":58823},{"name":"2fbf9dd2-99790b20efa6907a1c6f.js","size":335208},{"name":"commons-b3b82008ea6c6e57be2f.js","size":47406},{"name":"component---src-pages-board-js-b095d5cb9ba5ef7b5669.js","size":3448}],"filteredAssets":0,"assetsSize":444885,"filteredAuxiliaryAssets":5,"auxiliaryAssetsSize":1298427},"component---src-pages-client-awareness-ar-js":{"name":"component---src-pages-client-awareness-ar-js","assets":[{"name":"styles.268f4ea7ba793c0082b4.css","size":58823},{"name":"2fbf9dd2-99790b20efa6907a1c6f.js","size":335208},{"name":"commons-b3b82008ea6c6e57be2f.js","size":47406},{"name":"component---src-pages-client-awareness-ar-js-30088808dc237b69ca06.js","size":3444}],"filteredAssets":0,"assetsSize":444881,"filteredAuxiliaryAssets":7,"auxiliaryAssetsSize":7011764},"component---src-pages-client-awareness-en-js":{"name":"component---src-pages-client-awareness-en-js","assets":[{"name":"styles.268f4ea7ba793c0082b4.css","size":58823},{"name":"2fbf9dd2-99790b20efa6907a1c6f.js","size":335208},{"name":"commons-b3b82008ea6c6e57be2f.js","size":47406},{"name":"component---src-pages-client-awareness-en-js-a7d70916942ff4014867.js","size":3380}],"filteredAssets":0,"assetsSize":444817,"filteredAuxiliaryAssets":6,"auxiliaryAssetsSize":6584368},"component---src-pages-client-awareness-js":{"name":"component---src-pages-client-awareness-js","assets":[{"name":"styles.268f4ea7ba793c0082b4.css","size":58823},{"name":"2fbf9dd2-99790b20efa6907a1c6f.js","size":335208},{"name":"commons-b3b82008ea6c6e57be2f.js","size":47406},{"name":"27242b6a2560df6514ed1d11dac45d81f6f5e7f7-40cc0fcdc493c05fa204.js","size":30436},{"name":"component---src-pages-client-awareness-js-caced97cbce211d247eb.js","size":2839}],"filteredAssets":0,"assetsSize":474712,"filteredAuxiliaryAssets":6,"auxiliaryAssetsSize":1440273},"component---src-pages-companies-login-ar-js":{"name":"component---src-pages-companies-login-ar-js","assets":[{"name":"styles.268f4ea7ba793c0082b4.css","size":58823},{"name":"framework-378481a856149b1b42f2.js","size":141440},{"name":"2fbf9dd2-99790b20efa6907a1c6f.js","size":335208},{"name":"commons-b3b82008ea6c6e57be2f.js","size":47406},{"name":"27242b6a2560df6514ed1d11dac45d81f6f5e7f7-40cc0fcdc493c05fa204.js","size":30436},{"name":"f8d05ade44e5af3dd411582230cc5c025e9f44ff-730b3ee05cae49e34f4d.js","size":77513},{"name":"a6f2f626e93d4feae3cc5f3a3afa6ca74afad0f8-fc6fe010ea1ff67fc537.js","size":95503},{"name":"component---src-pages-companies-login-ar-js-733f875a4c5200020cdb.js","size":46165}],"filteredAssets":0,"assetsSize":832494,"filteredAuxiliaryAssets":9,"auxiliaryAssetsSize":2451458},"component---src-pages-companies-login-en-js":{"name":"component---src-pages-companies-login-en-js","assets":[{"name":"styles.268f4ea7ba793c0082b4.css","size":58823},{"name":"framework-378481a856149b1b42f2.js","size":141440},{"name":"2fbf9dd2-99790b20efa6907a1c6f.js","size":335208},{"name":"commons-b3b82008ea6c6e57be2f.js","size":47406},{"name":"27242b6a2560df6514ed1d11dac45d81f6f5e7f7-40cc0fcdc493c05fa204.js","size":30436},{"name":"f8d05ade44e5af3dd411582230cc5c025e9f44ff-730b3ee05cae49e34f4d.js","size":77513},{"name":"a6f2f626e93d4feae3cc5f3a3afa6ca74afad0f8-fc6fe010ea1ff67fc537.js","size":95503},{"name":"component---src-pages-companies-login-en-js-d18dd1090276589d2e84.js","size":46165}],"filteredAssets":0,"assetsSize":832494,"filteredAuxiliaryAssets":9,"auxiliaryAssetsSize":2451458},"component---src-pages-companies-login-js":{"name":"component---src-pages-companies-login-js","assets":[{"name":"styles.268f4ea7ba793c0082b4.css","size":58823},{"name":"framework-378481a856149b1b42f2.js","size":141440},{"name":"2fbf9dd2-99790b20efa6907a1c6f.js","size":335208},{"name":"commons-b3b82008ea6c6e57be2f.js","size":47406},{"name":"27242b6a2560df6514ed1d11dac45d81f6f5e7f7-40cc0fcdc493c05fa204.js","size":30436},{"name":"f8d05ade44e5af3dd411582230cc5c025e9f44ff-730b3ee05cae49e34f4d.js","size":77513},{"name":"a6f2f626e93d4feae3cc5f3a3afa6ca74afad0f8-fc6fe010ea1ff67fc537.js","size":95503},{"name":"0efe74ec5545029abe8881a4f49b00eb41d7859e-85f310b299281c9d6e29.js","size":83180},{"name":"component---src-pages-companies-login-js-cbedf2331169ca3de6a4.js","size":41523}],"filteredAssets":0,"assetsSize":911032,"filteredAuxiliaryAssets":10,"auxiliaryAssetsSize":2893978},"component---src-pages-conservation-services-ar-js":{"name":"component---src-pages-conservation-services-ar-js","assets":[{"name":"styles.268f4ea7ba793c0082b4.css","size":58823},{"name":"2fbf9dd2-99790b20efa6907a1c6f.js","size":335208},{"name":"commons-b3b82008ea6c6e57be2f.js","size":47406},{"name":"component---src-pages-conservation-services-ar-js-ed84b0da5b107e63c6d1.js","size":3076}],"filteredAssets":0,"assetsSize":444513,"filteredAuxiliaryAssets":5,"auxiliaryAssetsSize":1297024},"component---src-pages-conservation-services-en-js":{"name":"component---src-pages-conservation-services-en-js","assets":[{"name":"styles.268f4ea7ba793c0082b4.css","size":58823},{"name":"2fbf9dd2-99790b20efa6907a1c6f.js","size":335208},{"name":"commons-b3b82008ea6c6e57be2f.js","size":47406},{"name":"component---src-pages-conservation-services-en-js-cd382c341f19facbcb80.js","size":3076}],"filteredAssets":0,"assetsSize":444513,"filteredAuxiliaryAssets":5,"auxiliaryAssetsSize":1297024},"component---src-pages-conservation-services-js":{"name":"component---src-pages-conservation-services-js","assets":[{"name":"styles.268f4ea7ba793c0082b4.css","size":58823},{"name":"2fbf9dd2-99790b20efa6907a1c6f.js","size":335208},{"name":"commons-b3b82008ea6c6e57be2f.js","size":47406},{"name":"27242b6a2560df6514ed1d11dac45d81f6f5e7f7-40cc0fcdc493c05fa204.js","size":30436},{"name":"component---src-pages-conservation-services-js-345ea614699803b4d4c4.js","size":2325}],"filteredAssets":0,"assetsSize":474198,"filteredAuxiliaryAssets":6,"auxiliaryAssetsSize":1438411},"component---src-pages-contact-us-ar-js":{"name":"component---src-pages-contact-us-ar-js","assets":[{"name":"styles.268f4ea7ba793c0082b4.css","size":58823},{"name":"2fbf9dd2-99790b20efa6907a1c6f.js","size":335208},{"name":"commons-b3b82008ea6c6e57be2f.js","size":47406},{"name":"27242b6a2560df6514ed1d11dac45d81f6f5e7f7-40cc0fcdc493c05fa204.js","size":30436},{"name":"f8d05ade44e5af3dd411582230cc5c025e9f44ff-730b3ee05cae49e34f4d.js","size":77513},{"name":"component---src-pages-contact-us-ar-js-d9bbf2b093b81a0b46e5.js","size":7025}],"filteredAssets":0,"assetsSize":556411,"filteredAuxiliaryAssets":8,"auxiliaryAssetsSize":3319839},"component---src-pages-contact-us-en-js":{"name":"component---src-pages-contact-us-en-js","assets":[{"name":"styles.268f4ea7ba793c0082b4.css","size":58823},{"name":"2fbf9dd2-99790b20efa6907a1c6f.js","size":335208},{"name":"commons-b3b82008ea6c6e57be2f.js","size":47406},{"name":"27242b6a2560df6514ed1d11dac45d81f6f5e7f7-40cc0fcdc493c05fa204.js","size":30436},{"name":"f8d05ade44e5af3dd411582230cc5c025e9f44ff-730b3ee05cae49e34f4d.js","size":77513},{"name":"component---src-pages-contact-us-en-js-3c1275b42330e6dca809.js","size":6881}],"filteredAssets":0,"assetsSize":556267,"filteredAuxiliaryAssets":8,"auxiliaryAssetsSize":3319679},"component---src-pages-contact-us-js":{"name":"component---src-pages-contact-us-js","assets":[{"name":"styles.268f4ea7ba793c0082b4.css","size":58823},{"name":"2fbf9dd2-99790b20efa6907a1c6f.js","size":335208},{"name":"commons-b3b82008ea6c6e57be2f.js","size":47406},{"name":"27242b6a2560df6514ed1d11dac45d81f6f5e7f7-40cc0fcdc493c05fa204.js","size":30436},{"name":"f8d05ade44e5af3dd411582230cc5c025e9f44ff-730b3ee05cae49e34f4d.js","size":77513},{"name":"component---src-pages-contact-us-js-c3dbdf58398dbf191ef1.js","size":7368}],"filteredAssets":0,"assetsSize":556754,"filteredAuxiliaryAssets":8,"auxiliaryAssetsSize":3322153},"component---src-pages-index-ar-js":{"name":"component---src-pages-index-ar-js","assets":[{"name":"styles.268f4ea7ba793c0082b4.css","size":58823},{"name":"2fbf9dd2-99790b20efa6907a1c6f.js","size":335208},{"name":"commons-b3b82008ea6c6e57be2f.js","size":47406},{"name":"27242b6a2560df6514ed1d11dac45d81f6f5e7f7-40cc0fcdc493c05fa204.js","size":30436},{"name":"f8d05ade44e5af3dd411582230cc5c025e9f44ff-730b3ee05cae49e34f4d.js","size":77513},{"name":"component---src-pages-index-ar-js-8095eb996d122bc1e6a5.js","size":14908}],"filteredAssets":0,"assetsSize":564294,"filteredAuxiliaryAssets":7,"auxiliaryAssetsSize":1553355},"component---src-pages-index-en-js":{"name":"component---src-pages-index-en-js","assets":[{"name":"styles.268f4ea7ba793c0082b4.css","size":58823},{"name":"2fbf9dd2-99790b20efa6907a1c6f.js","size":335208},{"name":"commons-b3b82008ea6c6e57be2f.js","size":47406},{"name":"27242b6a2560df6514ed1d11dac45d81f6f5e7f7-40cc0fcdc493c05fa204.js","size":30436},{"name":"f8d05ade44e5af3dd411582230cc5c025e9f44ff-730b3ee05cae49e34f4d.js","size":77513},{"name":"component---src-pages-index-en-js-d05b36c823b1c15eb8b6.js","size":14913}],"filteredAssets":0,"assetsSize":564299,"filteredAuxiliaryAssets":7,"auxiliaryAssetsSize":1553367},"component---src-pages-index-js":{"name":"component---src-pages-index-js","assets":[{"name":"styles.268f4ea7ba793c0082b4.css","size":58823},{"name":"2fbf9dd2-99790b20efa6907a1c6f.js","size":335208},{"name":"commons-b3b82008ea6c6e57be2f.js","size":47406},{"name":"27242b6a2560df6514ed1d11dac45d81f6f5e7f7-40cc0fcdc493c05fa204.js","size":30436},{"name":"f8d05ade44e5af3dd411582230cc5c025e9f44ff-730b3ee05cae49e34f4d.js","size":77513},{"name":"component---src-pages-index-js-768a4ee0f94a67978648.js","size":15158}],"filteredAssets":0,"assetsSize":564544,"filteredAuxiliaryAssets":7,"auxiliaryAssetsSize":1555417},"component---src-pages-individuals-login-ar-js":{"name":"component---src-pages-individuals-login-ar-js","assets":[{"name":"styles.268f4ea7ba793c0082b4.css","size":58823},{"name":"framework-378481a856149b1b42f2.js","size":141440},{"name":"2fbf9dd2-99790b20efa6907a1c6f.js","size":335208},{"name":"commons-b3b82008ea6c6e57be2f.js","size":47406},{"name":"27242b6a2560df6514ed1d11dac45d81f6f5e7f7-40cc0fcdc493c05fa204.js","size":30436},{"name":"f8d05ade44e5af3dd411582230cc5c025e9f44ff-730b3ee05cae49e34f4d.js","size":77513},{"name":"a6f2f626e93d4feae3cc5f3a3afa6ca74afad0f8-fc6fe010ea1ff67fc537.js","size":95503},{"name":"component---src-pages-individuals-login-ar-js-f52bed13346c4d548b46.js","size":59226}],"filteredAssets":0,"assetsSize":845555,"filteredAuxiliaryAssets":9,"auxiliaryAssetsSize":2478498},"component---src-pages-individuals-login-en-js":{"name":"component---src-pages-individuals-login-en-js","assets":[{"name":"styles.268f4ea7ba793c0082b4.css","size":58823},{"name":"framework-378481a856149b1b42f2.js","size":141440},{"name":"2fbf9dd2-99790b20efa6907a1c6f.js","size":335208},{"name":"commons-b3b82008ea6c6e57be2f.js","size":47406},{"name":"27242b6a2560df6514ed1d11dac45d81f6f5e7f7-40cc0fcdc493c05fa204.js","size":30436},{"name":"f8d05ade44e5af3dd411582230cc5c025e9f44ff-730b3ee05cae49e34f4d.js","size":77513},{"name":"a6f2f626e93d4feae3cc5f3a3afa6ca74afad0f8-fc6fe010ea1ff67fc537.js","size":95503},{"name":"component---src-pages-individuals-login-en-js-af36120a782eecc2629c.js","size":58715}],"filteredAssets":0,"assetsSize":845044,"filteredAuxiliaryAssets":9,"auxiliaryAssetsSize":2477423},"component---src-pages-individuals-login-js":{"name":"component---src-pages-individuals-login-js","assets":[{"name":"styles.268f4ea7ba793c0082b4.css","size":58823},{"name":"framework-378481a856149b1b42f2.js","size":141440},{"name":"2fbf9dd2-99790b20efa6907a1c6f.js","size":335208},{"name":"commons-b3b82008ea6c6e57be2f.js","size":47406},{"name":"27242b6a2560df6514ed1d11dac45d81f6f5e7f7-40cc0fcdc493c05fa204.js","size":30436},{"name":"f8d05ade44e5af3dd411582230cc5c025e9f44ff-730b3ee05cae49e34f4d.js","size":77513},{"name":"a6f2f626e93d4feae3cc5f3a3afa6ca74afad0f8-fc6fe010ea1ff67fc537.js","size":95503},{"name":"0efe74ec5545029abe8881a4f49b00eb41d7859e-85f310b299281c9d6e29.js","size":83180},{"name":"component---src-pages-individuals-login-js-600ee2c45214c7286f5a.js","size":56313}],"filteredAssets":0,"assetsSize":925822,"filteredAuxiliaryAssets":10,"auxiliaryAssetsSize":2928167},"component---src-pages-investment-banking-ar-js":{"name":"component---src-pages-investment-banking-ar-js","assets":[{"name":"styles.268f4ea7ba793c0082b4.css","size":58823},{"name":"2fbf9dd2-99790b20efa6907a1c6f.js","size":335208},{"name":"commons-b3b82008ea6c6e57be2f.js","size":47406},{"name":"component---src-pages-investment-banking-ar-js-7037779c9648d30e467c.js","size":17090}],"filteredAssets":0,"assetsSize":458527,"filteredAuxiliaryAssets":5,"auxiliaryAssetsSize":1330520},"component---src-pages-investment-banking-en-js":{"name":"component---src-pages-investment-banking-en-js","assets":[{"name":"styles.268f4ea7ba793c0082b4.css","size":58823},{"name":"2fbf9dd2-99790b20efa6907a1c6f.js","size":335208},{"name":"commons-b3b82008ea6c6e57be2f.js","size":47406},{"name":"component---src-pages-investment-banking-en-js-3350a3249bc0b22de7ae.js","size":17091}],"filteredAssets":0,"assetsSize":458528,"filteredAuxiliaryAssets":5,"auxiliaryAssetsSize":1330520},"component---src-pages-investment-banking-js":{"name":"component---src-pages-investment-banking-js","assets":[{"name":"styles.268f4ea7ba793c0082b4.css","size":58823},{"name":"2fbf9dd2-99790b20efa6907a1c6f.js","size":335208},{"name":"commons-b3b82008ea6c6e57be2f.js","size":47406},{"name":"27242b6a2560df6514ed1d11dac45d81f6f5e7f7-40cc0fcdc493c05fa204.js","size":30436},{"name":"component---src-pages-investment-banking-js-bdc79cccacf02d2cf7da.js","size":11190}],"filteredAssets":0,"assetsSize":483063,"filteredAuxiliaryAssets":6,"auxiliaryAssetsSize":1469184},"component---src-pages-management-team-ar-js":{"name":"component---src-pages-management-team-ar-js","assets":[{"name":"styles.268f4ea7ba793c0082b4.css","size":58823},{"name":"2fbf9dd2-99790b20efa6907a1c6f.js","size":335208},{"name":"commons-b3b82008ea6c6e57be2f.js","size":47406},{"name":"component---src-pages-management-team-ar-js-420d09abe9ff28d8d0be.js","size":3683}],"filteredAssets":0,"assetsSize":445120,"filteredAuxiliaryAssets":5,"auxiliaryAssetsSize":1298074},"component---src-pages-management-team-en-js":{"name":"component---src-pages-management-team-en-js","assets":[{"name":"styles.268f4ea7ba793c0082b4.css","size":58823},{"name":"2fbf9dd2-99790b20efa6907a1c6f.js","size":335208},{"name":"commons-b3b82008ea6c6e57be2f.js","size":47406},{"name":"component---src-pages-management-team-en-js-4a110be99b5e338e0d4e.js","size":3683}],"filteredAssets":0,"assetsSize":445120,"filteredAuxiliaryAssets":5,"auxiliaryAssetsSize":1298074},"component---src-pages-management-team-jsx":{"name":"component---src-pages-management-team-jsx","assets":[{"name":"styles.268f4ea7ba793c0082b4.css","size":58823},{"name":"2fbf9dd2-99790b20efa6907a1c6f.js","size":335208},{"name":"commons-b3b82008ea6c6e57be2f.js","size":47406},{"name":"component---src-pages-management-team-jsx-7e1803c38f3cd4b7fe26.js","size":3438}],"filteredAssets":0,"assetsSize":444875,"filteredAuxiliaryAssets":5,"auxiliaryAssetsSize":1298019},"component---src-pages-management-team-templet-ar-js":{"name":"component---src-pages-management-team-templet-ar-js","assets":[{"name":"styles.268f4ea7ba793c0082b4.css","size":58823},{"name":"2fbf9dd2-99790b20efa6907a1c6f.js","size":335208},{"name":"commons-b3b82008ea6c6e57be2f.js","size":47406},{"name":"component---src-pages-management-team-templet-ar-js-f10e1f13ddfac0c63126.js","size":3288}],"filteredAssets":0,"assetsSize":444725,"filteredAuxiliaryAssets":5,"auxiliaryAssetsSize":1297773},"component---src-pages-management-team-templet-en-js":{"name":"component---src-pages-management-team-templet-en-js","assets":[{"name":"styles.268f4ea7ba793c0082b4.css","size":58823},{"name":"2fbf9dd2-99790b20efa6907a1c6f.js","size":335208},{"name":"commons-b3b82008ea6c6e57be2f.js","size":47406},{"name":"component---src-pages-management-team-templet-en-js-1c85e4a83f309a8fafc7.js","size":3287}],"filteredAssets":0,"assetsSize":444724,"filteredAuxiliaryAssets":5,"auxiliaryAssetsSize":1297773},"component---src-pages-management-team-templet-js":{"name":"component---src-pages-management-team-templet-js","assets":[{"name":"styles.268f4ea7ba793c0082b4.css","size":58823},{"name":"2fbf9dd2-99790b20efa6907a1c6f.js","size":335208},{"name":"commons-b3b82008ea6c6e57be2f.js","size":47406},{"name":"component---src-pages-management-team-templet-js-8ce21feda19086c4a640.js","size":3520}],"filteredAssets":0,"assetsSize":444957,"filteredAuxiliaryAssets":5,"auxiliaryAssetsSize":1298256},"component---src-pages-page-2-js":{"name":"component---src-pages-page-2-js","assets":[{"name":"styles.268f4ea7ba793c0082b4.css","size":58823},{"name":"2fbf9dd2-99790b20efa6907a1c6f.js","size":335208},{"name":"commons-b3b82008ea6c6e57be2f.js","size":47406},{"name":"component---src-pages-page-2-js-53c42ef428a52d9ec52c.js","size":555}],"filteredAssets":0,"assetsSize":441992,"filteredAuxiliaryAssets":5,"auxiliaryAssetsSize":1289773},"component---src-pages-reports-ar-js":{"name":"component---src-pages-reports-ar-js","assets":[{"name":"styles.268f4ea7ba793c0082b4.css","size":58823},{"name":"framework-378481a856149b1b42f2.js","size":141440},{"name":"2fbf9dd2-99790b20efa6907a1c6f.js","size":335208},{"name":"commons-b3b82008ea6c6e57be2f.js","size":47406},{"name":"a6f2f626e93d4feae3cc5f3a3afa6ca74afad0f8-fc6fe010ea1ff67fc537.js","size":95503},{"name":"component---src-pages-reports-ar-js-2db81d9d93dd327a83ac.js","size":7173}],"filteredAssets":0,"assetsSize":685553,"filteredAuxiliaryAssets":7,"auxiliaryAssetsSize":2129432},"component---src-pages-reports-en-js":{"name":"component---src-pages-reports-en-js","assets":[{"name":"styles.268f4ea7ba793c0082b4.css","size":58823},{"name":"framework-378481a856149b1b42f2.js","size":141440},{"name":"2fbf9dd2-99790b20efa6907a1c6f.js","size":335208},{"name":"commons-b3b82008ea6c6e57be2f.js","size":47406},{"name":"a6f2f626e93d4feae3cc5f3a3afa6ca74afad0f8-fc6fe010ea1ff67fc537.js","size":95503},{"name":"component---src-pages-reports-en-js-752bfe9401cd0fee946b.js","size":7155}],"filteredAssets":0,"assetsSize":685535,"filteredAuxiliaryAssets":7,"auxiliaryAssetsSize":2129390},"component---src-pages-reports-jsx":{"name":"component---src-pages-reports-jsx","assets":[{"name":"styles.268f4ea7ba793c0082b4.css","size":58823},{"name":"framework-378481a856149b1b42f2.js","size":141440},{"name":"2fbf9dd2-99790b20efa6907a1c6f.js","size":335208},{"name":"commons-b3b82008ea6c6e57be2f.js","size":47406},{"name":"a6f2f626e93d4feae3cc5f3a3afa6ca74afad0f8-fc6fe010ea1ff67fc537.js","size":95503},{"name":"component---src-pages-reports-jsx-c3d7a0b8324d99b0dffb.js","size":3152}],"filteredAssets":0,"assetsSize":681532,"filteredAuxiliaryAssets":7,"auxiliaryAssetsSize":2131765},"component---src-pages-shariyah-review-ar-js":{"name":"component---src-pages-shariyah-review-ar-js","assets":[{"name":"styles.268f4ea7ba793c0082b4.css","size":58823},{"name":"2fbf9dd2-99790b20efa6907a1c6f.js","size":335208},{"name":"commons-b3b82008ea6c6e57be2f.js","size":47406},{"name":"component---src-pages-shariyah-review-ar-js-42205ae3c25f3360a71d.js","size":4099}],"filteredAssets":0,"assetsSize":445536,"filteredAuxiliaryAssets":5,"auxiliaryAssetsSize":1298516},"component---src-pages-shariyah-review-en-js":{"name":"component---src-pages-shariyah-review-en-js","assets":[{"name":"styles.268f4ea7ba793c0082b4.css","size":58823},{"name":"2fbf9dd2-99790b20efa6907a1c6f.js","size":335208},{"name":"commons-b3b82008ea6c6e57be2f.js","size":47406},{"name":"component---src-pages-shariyah-review-en-js-04782eabcdb0b4d34a65.js","size":4013}],"filteredAssets":0,"assetsSize":445450,"filteredAuxiliaryAssets":5,"auxiliaryAssetsSize":1298349},"component---src-pages-shariyah-review-js":{"name":"component---src-pages-shariyah-review-js","assets":[{"name":"styles.268f4ea7ba793c0082b4.css","size":58823},{"name":"2fbf9dd2-99790b20efa6907a1c6f.js","size":335208},{"name":"commons-b3b82008ea6c6e57be2f.js","size":47406},{"name":"27242b6a2560df6514ed1d11dac45d81f6f5e7f7-40cc0fcdc493c05fa204.js","size":30436},{"name":"component---src-pages-shariyah-review-js-61ed3197375079d8f9bd.js","size":3278}],"filteredAssets":0,"assetsSize":475151,"filteredAuxiliaryAssets":6,"auxiliaryAssetsSize":1441295},"component---src-pages-team-js":{"name":"component---src-pages-team-js","assets":[{"name":"styles.268f4ea7ba793c0082b4.css","size":58823},{"name":"2fbf9dd2-99790b20efa6907a1c6f.js","size":335208},{"name":"commons-b3b82008ea6c6e57be2f.js","size":47406},{"name":"component---src-pages-team-js-e43b4b8f08cc8035a00d.js","size":3779}],"filteredAssets":0,"assetsSize":445216,"filteredAuxiliaryAssets":5,"auxiliaryAssetsSize":1299312},"component---src-pages-using-ssr-js":{"name":"component---src-pages-using-ssr-js","assets":[{"name":"styles.268f4ea7ba793c0082b4.css","size":58823},{"name":"2fbf9dd2-99790b20efa6907a1c6f.js","size":335208},{"name":"commons-b3b82008ea6c6e57be2f.js","size":47406},{"name":"component---src-pages-using-ssr-js-5d4f0f1146d53c751213.js","size":1137}],"filteredAssets":0,"assetsSize":442574,"filteredAuxiliaryAssets":5,"auxiliaryAssetsSize":1291212},"component---src-pages-using-typescript-tsx":{"name":"component---src-pages-using-typescript-tsx","assets":[{"name":"styles.268f4ea7ba793c0082b4.css","size":58823},{"name":"2fbf9dd2-99790b20efa6907a1c6f.js","size":335208},{"name":"commons-b3b82008ea6c6e57be2f.js","size":47406},{"name":"component---src-pages-using-typescript-tsx-ba949aec5ca36c3a6080.js","size":1468}],"filteredAssets":0,"assetsSize":442905,"filteredAuxiliaryAssets":5,"auxiliaryAssetsSize":1291489}},"assetsByChunkName":{"app":["webpack-runtime-24eb5896647339ca319c.js","framework-378481a856149b1b42f2.js","app-9659337be6b0e0c56495.js"],"component---src-pages-404-js":["styles.268f4ea7ba793c0082b4.css","2fbf9dd2-99790b20efa6907a1c6f.js","commons-b3b82008ea6c6e57be2f.js","component---src-pages-404-js-c397fa8684089178ff19.js"],"component---src-pages-about-us-ar-js":["styles.268f4ea7ba793c0082b4.css","2fbf9dd2-99790b20efa6907a1c6f.js","commons-b3b82008ea6c6e57be2f.js","27242b6a2560df6514ed1d11dac45d81f6f5e7f7-40cc0fcdc493c05fa204.js","f8d05ade44e5af3dd411582230cc5c025e9f44ff-730b3ee05cae49e34f4d.js","component---src-pages-about-us-ar-js-d92f1e7faae7a97b00cd.js"],"component---src-pages-about-us-en-js":["styles.268f4ea7ba793c0082b4.css","2fbf9dd2-99790b20efa6907a1c6f.js","commons-b3b82008ea6c6e57be2f.js","27242b6a2560df6514ed1d11dac45d81f6f5e7f7-40cc0fcdc493c05fa204.js","f8d05ade44e5af3dd411582230cc5c025e9f44ff-730b3ee05cae49e34f4d.js","component---src-pages-about-us-en-js-ab69ce6760432692d874.js"],"component---src-pages-about-us-js":["styles.268f4ea7ba793c0082b4.css","2fbf9dd2-99790b20efa6907a1c6f.js","commons-b3b82008ea6c6e57be2f.js","27242b6a2560df6514ed1d11dac45d81f6f5e7f7-40cc0fcdc493c05fa204.js","f8d05ade44e5af3dd411582230cc5c025e9f44ff-730b3ee05cae49e34f4d.js","component---src-pages-about-us-js-67bbf22565d1ec13611e.js"],"component---src-pages-advisory-research-ar-js":["styles.268f4ea7ba793c0082b4.css","2fbf9dd2-99790b20efa6907a1c6f.js","commons-b3b82008ea6c6e57be2f.js","component---src-pages-advisory-research-ar-js-b5dd9043ad0c330abf22.js"],"component---src-pages-advisory-research-en-js":["styles.268f4ea7ba793c0082b4.css","2fbf9dd2-99790b20efa6907a1c6f.js","commons-b3b82008ea6c6e57be2f.js","component---src-pages-advisory-research-en-js-c63e976aa95fdefc0f4c.js"],"component---src-pages-advisory-research-js":["styles.268f4ea7ba793c0082b4.css","2fbf9dd2-99790b20efa6907a1c6f.js","commons-b3b82008ea6c6e57be2f.js","27242b6a2560df6514ed1d11dac45d81f6f5e7f7-40cc0fcdc493c05fa204.js","component---src-pages-advisory-research-js-783e37a005527dec05ed.js"],"component---src-pages-announcements-ar-js":["styles.268f4ea7ba793c0082b4.css","2fbf9dd2-99790b20efa6907a1c6f.js","commons-b3b82008ea6c6e57be2f.js","component---src-pages-announcements-ar-js-70942e967d31bb412a3e.js"],"component---src-pages-announcements-en-js":["styles.268f4ea7ba793c0082b4.css","2fbf9dd2-99790b20efa6907a1c6f.js","commons-b3b82008ea6c6e57be2f.js","component---src-pages-announcements-en-js-8a1d02d780272039828f.js"],"component---src-pages-announcements-jsx":["styles.268f4ea7ba793c0082b4.css","2fbf9dd2-99790b20efa6907a1c6f.js","commons-b3b82008ea6c6e57be2f.js","component---src-pages-announcements-jsx-d90b756d0d09389063dc.js"],"component---src-pages-asset-management-ar-js":["styles.268f4ea7ba793c0082b4.css","framework-378481a856149b1b42f2.js","2fbf9dd2-99790b20efa6907a1c6f.js","commons-b3b82008ea6c6e57be2f.js","a6f2f626e93d4feae3cc5f3a3afa6ca74afad0f8-fc6fe010ea1ff67fc537.js","7aa11da8b8b43e76aa809d7885adc74b7358a2ff-1c02802b1efac00a85e0.js","component---src-pages-asset-management-ar-js-fc452564fb3e602b3dc6.js"],"component---src-pages-asset-management-en-js":["styles.268f4ea7ba793c0082b4.css","framework-378481a856149b1b42f2.js","2fbf9dd2-99790b20efa6907a1c6f.js","commons-b3b82008ea6c6e57be2f.js","a6f2f626e93d4feae3cc5f3a3afa6ca74afad0f8-fc6fe010ea1ff67fc537.js","7aa11da8b8b43e76aa809d7885adc74b7358a2ff-1c02802b1efac00a85e0.js","component---src-pages-asset-management-en-js-9e8cb17a9cabd3784fc1.js"],"component---src-pages-asset-management-js":["styles.268f4ea7ba793c0082b4.css","framework-378481a856149b1b42f2.js","2fbf9dd2-99790b20efa6907a1c6f.js","commons-b3b82008ea6c6e57be2f.js","27242b6a2560df6514ed1d11dac45d81f6f5e7f7-40cc0fcdc493c05fa204.js","a6f2f626e93d4feae3cc5f3a3afa6ca74afad0f8-fc6fe010ea1ff67fc537.js","7aa11da8b8b43e76aa809d7885adc74b7358a2ff-1c02802b1efac00a85e0.js","component---src-pages-asset-management-js-8ff0d3ec9a996bb95277.js"],"component---src-pages-board-ar-js":["styles.268f4ea7ba793c0082b4.css","2fbf9dd2-99790b20efa6907a1c6f.js","commons-b3b82008ea6c6e57be2f.js","component---src-pages-board-ar-js-cc85dad5be3381455cdc.js"],"component---src-pages-board-directors-ar-js":["styles.268f4ea7ba793c0082b4.css","2fbf9dd2-99790b20efa6907a1c6f.js","commons-b3b82008ea6c6e57be2f.js","component---src-pages-board-directors-ar-js-6ec9619ab89dd27c5e29.js"],"component---src-pages-board-directors-en-js":["styles.268f4ea7ba793c0082b4.css","2fbf9dd2-99790b20efa6907a1c6f.js","commons-b3b82008ea6c6e57be2f.js","component---src-pages-board-directors-en-js-b9727cbf4534a07b63a5.js"],"component---src-pages-board-directors-js":["styles.268f4ea7ba793c0082b4.css","2fbf9dd2-99790b20efa6907a1c6f.js","commons-b3b82008ea6c6e57be2f.js","27242b6a2560df6514ed1d11dac45d81f6f5e7f7-40cc0fcdc493c05fa204.js","component---src-pages-board-directors-js-daf494a93739755c03b5.js"],"component---src-pages-board-en-js":["styles.268f4ea7ba793c0082b4.css","2fbf9dd2-99790b20efa6907a1c6f.js","commons-b3b82008ea6c6e57be2f.js","component---src-pages-board-en-js-9e14a6f5f7df63c56498.js"],"component---src-pages-board-js":["styles.268f4ea7ba793c0082b4.css","2fbf9dd2-99790b20efa6907a1c6f.js","commons-b3b82008ea6c6e57be2f.js","component---src-pages-board-js-b095d5cb9ba5ef7b5669.js"],"component---src-pages-client-awareness-ar-js":["styles.268f4ea7ba793c0082b4.css","2fbf9dd2-99790b20efa6907a1c6f.js","commons-b3b82008ea6c6e57be2f.js","component---src-pages-client-awareness-ar-js-30088808dc237b69ca06.js"],"component---src-pages-client-awareness-en-js":["styles.268f4ea7ba793c0082b4.css","2fbf9dd2-99790b20efa6907a1c6f.js","commons-b3b82008ea6c6e57be2f.js","component---src-pages-client-awareness-en-js-a7d70916942ff4014867.js"],"component---src-pages-client-awareness-js":["styles.268f4ea7ba793c0082b4.css","2fbf9dd2-99790b20efa6907a1c6f.js","commons-b3b82008ea6c6e57be2f.js","27242b6a2560df6514ed1d11dac45d81f6f5e7f7-40cc0fcdc493c05fa204.js","component---src-pages-client-awareness-js-caced97cbce211d247eb.js"],"component---src-pages-companies-login-ar-js":["styles.268f4ea7ba793c0082b4.css","framework-378481a856149b1b42f2.js","2fbf9dd2-99790b20efa6907a1c6f.js","commons-b3b82008ea6c6e57be2f.js","27242b6a2560df6514ed1d11dac45d81f6f5e7f7-40cc0fcdc493c05fa204.js","f8d05ade44e5af3dd411582230cc5c025e9f44ff-730b3ee05cae49e34f4d.js","a6f2f626e93d4feae3cc5f3a3afa6ca74afad0f8-fc6fe010ea1ff67fc537.js","component---src-pages-companies-login-ar-js-733f875a4c5200020cdb.js"],"component---src-pages-companies-login-en-js":["styles.268f4ea7ba793c0082b4.css","framework-378481a856149b1b42f2.js","2fbf9dd2-99790b20efa6907a1c6f.js","commons-b3b82008ea6c6e57be2f.js","27242b6a2560df6514ed1d11dac45d81f6f5e7f7-40cc0fcdc493c05fa204.js","f8d05ade44e5af3dd411582230cc5c025e9f44ff-730b3ee05cae49e34f4d.js","a6f2f626e93d4feae3cc5f3a3afa6ca74afad0f8-fc6fe010ea1ff67fc537.js","component---src-pages-companies-login-en-js-d18dd1090276589d2e84.js"],"component---src-pages-companies-login-js":["styles.268f4ea7ba793c0082b4.css","framework-378481a856149b1b42f2.js","2fbf9dd2-99790b20efa6907a1c6f.js","commons-b3b82008ea6c6e57be2f.js","27242b6a2560df6514ed1d11dac45d81f6f5e7f7-40cc0fcdc493c05fa204.js","f8d05ade44e5af3dd411582230cc5c025e9f44ff-730b3ee05cae49e34f4d.js","a6f2f626e93d4feae3cc5f3a3afa6ca74afad0f8-fc6fe010ea1ff67fc537.js","0efe74ec5545029abe8881a4f49b00eb41d7859e-85f310b299281c9d6e29.js","component---src-pages-companies-login-js-cbedf2331169ca3de6a4.js"],"component---src-pages-conservation-services-ar-js":["styles.268f4ea7ba793c0082b4.css","2fbf9dd2-99790b20efa6907a1c6f.js","commons-b3b82008ea6c6e57be2f.js","component---src-pages-conservation-services-ar-js-ed84b0da5b107e63c6d1.js"],"component---src-pages-conservation-services-en-js":["styles.268f4ea7ba793c0082b4.css","2fbf9dd2-99790b20efa6907a1c6f.js","commons-b3b82008ea6c6e57be2f.js","component---src-pages-conservation-services-en-js-cd382c341f19facbcb80.js"],"component---src-pages-conservation-services-js":["styles.268f4ea7ba793c0082b4.css","2fbf9dd2-99790b20efa6907a1c6f.js","commons-b3b82008ea6c6e57be2f.js","27242b6a2560df6514ed1d11dac45d81f6f5e7f7-40cc0fcdc493c05fa204.js","component---src-pages-conservation-services-js-345ea614699803b4d4c4.js"],"component---src-pages-contact-us-ar-js":["styles.268f4ea7ba793c0082b4.css","2fbf9dd2-99790b20efa6907a1c6f.js","commons-b3b82008ea6c6e57be2f.js","27242b6a2560df6514ed1d11dac45d81f6f5e7f7-40cc0fcdc493c05fa204.js","f8d05ade44e5af3dd411582230cc5c025e9f44ff-730b3ee05cae49e34f4d.js","component---src-pages-contact-us-ar-js-d9bbf2b093b81a0b46e5.js"],"component---src-pages-contact-us-en-js":["styles.268f4ea7ba793c0082b4.css","2fbf9dd2-99790b20efa6907a1c6f.js","commons-b3b82008ea6c6e57be2f.js","27242b6a2560df6514ed1d11dac45d81f6f5e7f7-40cc0fcdc493c05fa204.js","f8d05ade44e5af3dd411582230cc5c025e9f44ff-730b3ee05cae49e34f4d.js","component---src-pages-contact-us-en-js-3c1275b42330e6dca809.js"],"component---src-pages-contact-us-js":["styles.268f4ea7ba793c0082b4.css","2fbf9dd2-99790b20efa6907a1c6f.js","commons-b3b82008ea6c6e57be2f.js","27242b6a2560df6514ed1d11dac45d81f6f5e7f7-40cc0fcdc493c05fa204.js","f8d05ade44e5af3dd411582230cc5c025e9f44ff-730b3ee05cae49e34f4d.js","component---src-pages-contact-us-js-c3dbdf58398dbf191ef1.js"],"component---src-pages-index-ar-js":["styles.268f4ea7ba793c0082b4.css","2fbf9dd2-99790b20efa6907a1c6f.js","commons-b3b82008ea6c6e57be2f.js","27242b6a2560df6514ed1d11dac45d81f6f5e7f7-40cc0fcdc493c05fa204.js","f8d05ade44e5af3dd411582230cc5c025e9f44ff-730b3ee05cae49e34f4d.js","component---src-pages-index-ar-js-8095eb996d122bc1e6a5.js"],"component---src-pages-index-en-js":["styles.268f4ea7ba793c0082b4.css","2fbf9dd2-99790b20efa6907a1c6f.js","commons-b3b82008ea6c6e57be2f.js","27242b6a2560df6514ed1d11dac45d81f6f5e7f7-40cc0fcdc493c05fa204.js","f8d05ade44e5af3dd411582230cc5c025e9f44ff-730b3ee05cae49e34f4d.js","component---src-pages-index-en-js-d05b36c823b1c15eb8b6.js"],"component---src-pages-index-js":["styles.268f4ea7ba793c0082b4.css","2fbf9dd2-99790b20efa6907a1c6f.js","commons-b3b82008ea6c6e57be2f.js","27242b6a2560df6514ed1d11dac45d81f6f5e7f7-40cc0fcdc493c05fa204.js","f8d05ade44e5af3dd411582230cc5c025e9f44ff-730b3ee05cae49e34f4d.js","component---src-pages-index-js-768a4ee0f94a67978648.js"],"component---src-pages-individuals-login-ar-js":["styles.268f4ea7ba793c0082b4.css","framework-378481a856149b1b42f2.js","2fbf9dd2-99790b20efa6907a1c6f.js","commons-b3b82008ea6c6e57be2f.js","27242b6a2560df6514ed1d11dac45d81f6f5e7f7-40cc0fcdc493c05fa204.js","f8d05ade44e5af3dd411582230cc5c025e9f44ff-730b3ee05cae49e34f4d.js","a6f2f626e93d4feae3cc5f3a3afa6ca74afad0f8-fc6fe010ea1ff67fc537.js","component---src-pages-individuals-login-ar-js-f52bed13346c4d548b46.js"],"component---src-pages-individuals-login-en-js":["styles.268f4ea7ba793c0082b4.css","framework-378481a856149b1b42f2.js","2fbf9dd2-99790b20efa6907a1c6f.js","commons-b3b82008ea6c6e57be2f.js","27242b6a2560df6514ed1d11dac45d81f6f5e7f7-40cc0fcdc493c05fa204.js","f8d05ade44e5af3dd411582230cc5c025e9f44ff-730b3ee05cae49e34f4d.js","a6f2f626e93d4feae3cc5f3a3afa6ca74afad0f8-fc6fe010ea1ff67fc537.js","component---src-pages-individuals-login-en-js-af36120a782eecc2629c.js"],"component---src-pages-individuals-login-js":["styles.268f4ea7ba793c0082b4.css","framework-378481a856149b1b42f2.js","2fbf9dd2-99790b20efa6907a1c6f.js","commons-b3b82008ea6c6e57be2f.js","27242b6a2560df6514ed1d11dac45d81f6f5e7f7-40cc0fcdc493c05fa204.js","f8d05ade44e5af3dd411582230cc5c025e9f44ff-730b3ee05cae49e34f4d.js","a6f2f626e93d4feae3cc5f3a3afa6ca74afad0f8-fc6fe010ea1ff67fc537.js","0efe74ec5545029abe8881a4f49b00eb41d7859e-85f310b299281c9d6e29.js","component---src-pages-individuals-login-js-600ee2c45214c7286f5a.js"],"component---src-pages-investment-banking-ar-js":["styles.268f4ea7ba793c0082b4.css","2fbf9dd2-99790b20efa6907a1c6f.js","commons-b3b82008ea6c6e57be2f.js","component---src-pages-investment-banking-ar-js-7037779c9648d30e467c.js"],"component---src-pages-investment-banking-en-js":["styles.268f4ea7ba793c0082b4.css","2fbf9dd2-99790b20efa6907a1c6f.js","commons-b3b82008ea6c6e57be2f.js","component---src-pages-investment-banking-en-js-3350a3249bc0b22de7ae.js"],"component---src-pages-investment-banking-js":["styles.268f4ea7ba793c0082b4.css","2fbf9dd2-99790b20efa6907a1c6f.js","commons-b3b82008ea6c6e57be2f.js","27242b6a2560df6514ed1d11dac45d81f6f5e7f7-40cc0fcdc493c05fa204.js","component---src-pages-investment-banking-js-bdc79cccacf02d2cf7da.js"],"component---src-pages-management-team-ar-js":["styles.268f4ea7ba793c0082b4.css","2fbf9dd2-99790b20efa6907a1c6f.js","commons-b3b82008ea6c6e57be2f.js","component---src-pages-management-team-ar-js-420d09abe9ff28d8d0be.js"],"component---src-pages-management-team-en-js":["styles.268f4ea7ba793c0082b4.css","2fbf9dd2-99790b20efa6907a1c6f.js","commons-b3b82008ea6c6e57be2f.js","component---src-pages-management-team-en-js-4a110be99b5e338e0d4e.js"],"component---src-pages-management-team-jsx":["styles.268f4ea7ba793c0082b4.css","2fbf9dd2-99790b20efa6907a1c6f.js","commons-b3b82008ea6c6e57be2f.js","component---src-pages-management-team-jsx-7e1803c38f3cd4b7fe26.js"],"component---src-pages-management-team-templet-ar-js":["styles.268f4ea7ba793c0082b4.css","2fbf9dd2-99790b20efa6907a1c6f.js","commons-b3b82008ea6c6e57be2f.js","component---src-pages-management-team-templet-ar-js-f10e1f13ddfac0c63126.js"],"component---src-pages-management-team-templet-en-js":["styles.268f4ea7ba793c0082b4.css","2fbf9dd2-99790b20efa6907a1c6f.js","commons-b3b82008ea6c6e57be2f.js","component---src-pages-management-team-templet-en-js-1c85e4a83f309a8fafc7.js"],"component---src-pages-management-team-templet-js":["styles.268f4ea7ba793c0082b4.css","2fbf9dd2-99790b20efa6907a1c6f.js","commons-b3b82008ea6c6e57be2f.js","component---src-pages-management-team-templet-js-8ce21feda19086c4a640.js"],"component---src-pages-page-2-js":["styles.268f4ea7ba793c0082b4.css","2fbf9dd2-99790b20efa6907a1c6f.js","commons-b3b82008ea6c6e57be2f.js","component---src-pages-page-2-js-53c42ef428a52d9ec52c.js"],"component---src-pages-reports-ar-js":["styles.268f4ea7ba793c0082b4.css","framework-378481a856149b1b42f2.js","2fbf9dd2-99790b20efa6907a1c6f.js","commons-b3b82008ea6c6e57be2f.js","a6f2f626e93d4feae3cc5f3a3afa6ca74afad0f8-fc6fe010ea1ff67fc537.js","component---src-pages-reports-ar-js-2db81d9d93dd327a83ac.js"],"component---src-pages-reports-en-js":["styles.268f4ea7ba793c0082b4.css","framework-378481a856149b1b42f2.js","2fbf9dd2-99790b20efa6907a1c6f.js","commons-b3b82008ea6c6e57be2f.js","a6f2f626e93d4feae3cc5f3a3afa6ca74afad0f8-fc6fe010ea1ff67fc537.js","component---src-pages-reports-en-js-752bfe9401cd0fee946b.js"],"component---src-pages-reports-jsx":["styles.268f4ea7ba793c0082b4.css","framework-378481a856149b1b42f2.js","2fbf9dd2-99790b20efa6907a1c6f.js","commons-b3b82008ea6c6e57be2f.js","a6f2f626e93d4feae3cc5f3a3afa6ca74afad0f8-fc6fe010ea1ff67fc537.js","component---src-pages-reports-jsx-c3d7a0b8324d99b0dffb.js"],"component---src-pages-shariyah-review-ar-js":["styles.268f4ea7ba793c0082b4.css","2fbf9dd2-99790b20efa6907a1c6f.js","commons-b3b82008ea6c6e57be2f.js","component---src-pages-shariyah-review-ar-js-42205ae3c25f3360a71d.js"],"component---src-pages-shariyah-review-en-js":["styles.268f4ea7ba793c0082b4.css","2fbf9dd2-99790b20efa6907a1c6f.js","commons-b3b82008ea6c6e57be2f.js","component---src-pages-shariyah-review-en-js-04782eabcdb0b4d34a65.js"],"component---src-pages-shariyah-review-js":["styles.268f4ea7ba793c0082b4.css","2fbf9dd2-99790b20efa6907a1c6f.js","commons-b3b82008ea6c6e57be2f.js","27242b6a2560df6514ed1d11dac45d81f6f5e7f7-40cc0fcdc493c05fa204.js","component---src-pages-shariyah-review-js-61ed3197375079d8f9bd.js"],"component---src-pages-team-js":["styles.268f4ea7ba793c0082b4.css","2fbf9dd2-99790b20efa6907a1c6f.js","commons-b3b82008ea6c6e57be2f.js","component---src-pages-team-js-e43b4b8f08cc8035a00d.js"],"component---src-pages-using-ssr-js":["styles.268f4ea7ba793c0082b4.css","2fbf9dd2-99790b20efa6907a1c6f.js","commons-b3b82008ea6c6e57be2f.js","component---src-pages-using-ssr-js-5d4f0f1146d53c751213.js"],"component---src-pages-using-typescript-tsx":["styles.268f4ea7ba793c0082b4.css","2fbf9dd2-99790b20efa6907a1c6f.js","commons-b3b82008ea6c6e57be2f.js","component---src-pages-using-typescript-tsx-ba949aec5ca36c3a6080.js"]},"childAssetsByChunkName":{}}