{"name":"build-javascript","namedChunkGroups":{"app":{"name":"app","assets":[{"name":"webpack-runtime-36e02343b067af3bae05.js","size":9463},{"name":"framework-378481a856149b1b42f2.js","size":141440},{"name":"app-5741882eac0ec3e037d2.js","size":261053}],"filteredAssets":0,"assetsSize":411956,"filteredAuxiliaryAssets":3,"auxiliaryAssetsSize":905874},"component---src-pages-404-js":{"name":"component---src-pages-404-js","assets":[{"name":"styles.0807ea5dc1de28a31414.css","size":56947},{"name":"2fbf9dd2-99790b20efa6907a1c6f.js","size":335208},{"name":"commons-b3b82008ea6c6e57be2f.js","size":47406},{"name":"component---src-pages-404-js-c397fa8684089178ff19.js","size":756}],"filteredAssets":0,"assetsSize":440317,"filteredAuxiliaryAssets":5,"auxiliaryAssetsSize":1290123},"component---src-pages-about-us-ar-js":{"name":"component---src-pages-about-us-ar-js","assets":[{"name":"styles.0807ea5dc1de28a31414.css","size":56947},{"name":"2fbf9dd2-99790b20efa6907a1c6f.js","size":335208},{"name":"commons-b3b82008ea6c6e57be2f.js","size":47406},{"name":"27242b6a2560df6514ed1d11dac45d81f6f5e7f7-c0389931bf97438603f3.js","size":30420},{"name":"f8d05ade44e5af3dd411582230cc5c025e9f44ff-730b3ee05cae49e34f4d.js","size":77513},{"name":"component---src-pages-about-us-ar-js-d92f1e7faae7a97b00cd.js","size":11516}],"filteredAssets":0,"assetsSize":559010,"filteredAuxiliaryAssets":7,"auxiliaryAssetsSize":1545666},"component---src-pages-about-us-en-js":{"name":"component---src-pages-about-us-en-js","assets":[{"name":"styles.0807ea5dc1de28a31414.css","size":56947},{"name":"2fbf9dd2-99790b20efa6907a1c6f.js","size":335208},{"name":"commons-b3b82008ea6c6e57be2f.js","size":47406},{"name":"27242b6a2560df6514ed1d11dac45d81f6f5e7f7-c0389931bf97438603f3.js","size":30420},{"name":"f8d05ade44e5af3dd411582230cc5c025e9f44ff-730b3ee05cae49e34f4d.js","size":77513},{"name":"component---src-pages-about-us-en-js-ab69ce6760432692d874.js","size":11517}],"filteredAssets":0,"assetsSize":559011,"filteredAuxiliaryAssets":7,"auxiliaryAssetsSize":1545666},"component---src-pages-about-us-js":{"name":"component---src-pages-about-us-js","assets":[{"name":"styles.0807ea5dc1de28a31414.css","size":56947},{"name":"2fbf9dd2-99790b20efa6907a1c6f.js","size":335208},{"name":"commons-b3b82008ea6c6e57be2f.js","size":47406},{"name":"27242b6a2560df6514ed1d11dac45d81f6f5e7f7-c0389931bf97438603f3.js","size":30420},{"name":"f8d05ade44e5af3dd411582230cc5c025e9f44ff-730b3ee05cae49e34f4d.js","size":77513},{"name":"component---src-pages-about-us-js-67bbf22565d1ec13611e.js","size":11798}],"filteredAssets":0,"assetsSize":559292,"filteredAuxiliaryAssets":7,"auxiliaryAssetsSize":1547035},"component---src-pages-advisory-research-ar-js":{"name":"component---src-pages-advisory-research-ar-js","assets":[{"name":"styles.0807ea5dc1de28a31414.css","size":56947},{"name":"2fbf9dd2-99790b20efa6907a1c6f.js","size":335208},{"name":"commons-b3b82008ea6c6e57be2f.js","size":47406},{"name":"component---src-pages-advisory-research-ar-js-568f20781d0406196d8b.js","size":3417}],"filteredAssets":0,"assetsSize":442978,"filteredAuxiliaryAssets":5,"auxiliaryAssetsSize":1296951},"component---src-pages-advisory-research-en-js":{"name":"component---src-pages-advisory-research-en-js","assets":[{"name":"styles.0807ea5dc1de28a31414.css","size":56947},{"name":"2fbf9dd2-99790b20efa6907a1c6f.js","size":335208},{"name":"commons-b3b82008ea6c6e57be2f.js","size":47406},{"name":"component---src-pages-advisory-research-en-js-f2be4e60aaab182e1431.js","size":3417}],"filteredAssets":0,"assetsSize":442978,"filteredAuxiliaryAssets":5,"auxiliaryAssetsSize":1296951},"component---src-pages-advisory-research-js":{"name":"component---src-pages-advisory-research-js","assets":[{"name":"styles.0807ea5dc1de28a31414.css","size":56947},{"name":"2fbf9dd2-99790b20efa6907a1c6f.js","size":335208},{"name":"commons-b3b82008ea6c6e57be2f.js","size":47406},{"name":"27242b6a2560df6514ed1d11dac45d81f6f5e7f7-c0389931bf97438603f3.js","size":30420},{"name":"component---src-pages-advisory-research-js-783e37a005527dec05ed.js","size":2356}],"filteredAssets":0,"assetsSize":472337,"filteredAuxiliaryAssets":6,"auxiliaryAssetsSize":1438589},"component---src-pages-announcements-ar-js":{"name":"component---src-pages-announcements-ar-js","assets":[{"name":"styles.0807ea5dc1de28a31414.css","size":56947},{"name":"2fbf9dd2-99790b20efa6907a1c6f.js","size":335208},{"name":"commons-b3b82008ea6c6e57be2f.js","size":47406},{"name":"component---src-pages-announcements-ar-js-d5f8a31d3b7413a0bb21.js","size":9818}],"filteredAssets":0,"assetsSize":449379,"filteredAuxiliaryAssets":5,"auxiliaryAssetsSize":1299658},"component---src-pages-announcements-en-js":{"name":"component---src-pages-announcements-en-js","assets":[{"name":"styles.0807ea5dc1de28a31414.css","size":56947},{"name":"2fbf9dd2-99790b20efa6907a1c6f.js","size":335208},{"name":"commons-b3b82008ea6c6e57be2f.js","size":47406},{"name":"component---src-pages-announcements-en-js-84c66d2e2540ef665d59.js","size":9818}],"filteredAssets":0,"assetsSize":449379,"filteredAuxiliaryAssets":5,"auxiliaryAssetsSize":1299658},"component---src-pages-announcements-jsx":{"name":"component---src-pages-announcements-jsx","assets":[{"name":"styles.0807ea5dc1de28a31414.css","size":56947},{"name":"2fbf9dd2-99790b20efa6907a1c6f.js","size":335208},{"name":"commons-b3b82008ea6c6e57be2f.js","size":47406},{"name":"component---src-pages-announcements-jsx-c85a73a855e53369013e.js","size":9519}],"filteredAssets":0,"assetsSize":449080,"filteredAuxiliaryAssets":5,"auxiliaryAssetsSize":1299369},"component---src-pages-asset-management-ar-js":{"name":"component---src-pages-asset-management-ar-js","assets":[{"name":"styles.0807ea5dc1de28a31414.css","size":56947},{"name":"framework-378481a856149b1b42f2.js","size":141440},{"name":"2fbf9dd2-99790b20efa6907a1c6f.js","size":335208},{"name":"commons-b3b82008ea6c6e57be2f.js","size":47406},{"name":"a6f2f626e93d4feae3cc5f3a3afa6ca74afad0f8-fc6fe010ea1ff67fc537.js","size":95503},{"name":"7aa11da8b8b43e76aa809d7885adc74b7358a2ff-1c02802b1efac00a85e0.js","size":136018},{"name":"component---src-pages-asset-management-ar-js-0720b40417e5a483ba00.js","size":19083}],"filteredAssets":0,"assetsSize":831605,"filteredAuxiliaryAssets":8,"auxiliaryAssetsSize":2528051},"component---src-pages-asset-management-en-js":{"name":"component---src-pages-asset-management-en-js","assets":[{"name":"styles.0807ea5dc1de28a31414.css","size":56947},{"name":"framework-378481a856149b1b42f2.js","size":141440},{"name":"2fbf9dd2-99790b20efa6907a1c6f.js","size":335208},{"name":"commons-b3b82008ea6c6e57be2f.js","size":47406},{"name":"a6f2f626e93d4feae3cc5f3a3afa6ca74afad0f8-fc6fe010ea1ff67fc537.js","size":95503},{"name":"7aa11da8b8b43e76aa809d7885adc74b7358a2ff-1c02802b1efac00a85e0.js","size":136018},{"name":"component---src-pages-asset-management-en-js-ff76a018aeed60e7c8bd.js","size":19513}],"filteredAssets":0,"assetsSize":832035,"filteredAuxiliaryAssets":8,"auxiliaryAssetsSize":2528289},"component---src-pages-asset-management-js":{"name":"component---src-pages-asset-management-js","assets":[{"name":"styles.0807ea5dc1de28a31414.css","size":56947},{"name":"framework-378481a856149b1b42f2.js","size":141440},{"name":"2fbf9dd2-99790b20efa6907a1c6f.js","size":335208},{"name":"commons-b3b82008ea6c6e57be2f.js","size":47406},{"name":"27242b6a2560df6514ed1d11dac45d81f6f5e7f7-c0389931bf97438603f3.js","size":30420},{"name":"a6f2f626e93d4feae3cc5f3a3afa6ca74afad0f8-fc6fe010ea1ff67fc537.js","size":95503},{"name":"7aa11da8b8b43e76aa809d7885adc74b7358a2ff-1c02802b1efac00a85e0.js","size":136018},{"name":"component---src-pages-asset-management-js-8ff0d3ec9a996bb95277.js","size":10074}],"filteredAssets":0,"assetsSize":853016,"filteredAuxiliaryAssets":9,"auxiliaryAssetsSize":2668832},"component---src-pages-board-ar-js":{"name":"component---src-pages-board-ar-js","assets":[{"name":"styles.0807ea5dc1de28a31414.css","size":56947},{"name":"2fbf9dd2-99790b20efa6907a1c6f.js","size":335208},{"name":"commons-b3b82008ea6c6e57be2f.js","size":47406},{"name":"component---src-pages-board-ar-js-6712ee3274b76e02e8f2.js","size":3605}],"filteredAssets":0,"assetsSize":443166,"filteredAuxiliaryAssets":5,"auxiliaryAssetsSize":1298299},"component---src-pages-board-directors-ar-js":{"name":"component---src-pages-board-directors-ar-js","assets":[{"name":"styles.0807ea5dc1de28a31414.css","size":56947},{"name":"2fbf9dd2-99790b20efa6907a1c6f.js","size":335208},{"name":"commons-b3b82008ea6c6e57be2f.js","size":47406},{"name":"component---src-pages-board-directors-ar-js-6f809690ae9b5fe216d4.js","size":2003}],"filteredAssets":0,"assetsSize":441564,"filteredAuxiliaryAssets":5,"auxiliaryAssetsSize":1293735},"component---src-pages-board-directors-en-js":{"name":"component---src-pages-board-directors-en-js","assets":[{"name":"styles.0807ea5dc1de28a31414.css","size":56947},{"name":"2fbf9dd2-99790b20efa6907a1c6f.js","size":335208},{"name":"commons-b3b82008ea6c6e57be2f.js","size":47406},{"name":"component---src-pages-board-directors-en-js-53897d697ffdc5a1ff2f.js","size":2002}],"filteredAssets":0,"assetsSize":441563,"filteredAuxiliaryAssets":5,"auxiliaryAssetsSize":1293735},"component---src-pages-board-directors-js":{"name":"component---src-pages-board-directors-js","assets":[{"name":"styles.0807ea5dc1de28a31414.css","size":56947},{"name":"2fbf9dd2-99790b20efa6907a1c6f.js","size":335208},{"name":"commons-b3b82008ea6c6e57be2f.js","size":47406},{"name":"27242b6a2560df6514ed1d11dac45d81f6f5e7f7-c0389931bf97438603f3.js","size":30420},{"name":"component---src-pages-board-directors-js-daf494a93739755c03b5.js","size":1965}],"filteredAssets":0,"assetsSize":471946,"filteredAuxiliaryAssets":6,"auxiliaryAssetsSize":1437602},"component---src-pages-board-en-js":{"name":"component---src-pages-board-en-js","assets":[{"name":"styles.0807ea5dc1de28a31414.css","size":56947},{"name":"2fbf9dd2-99790b20efa6907a1c6f.js","size":335208},{"name":"commons-b3b82008ea6c6e57be2f.js","size":47406},{"name":"component---src-pages-board-en-js-28711a5372c5a1280944.js","size":3605}],"filteredAssets":0,"assetsSize":443166,"filteredAuxiliaryAssets":5,"auxiliaryAssetsSize":1298299},"component---src-pages-board-js":{"name":"component---src-pages-board-js","assets":[{"name":"styles.0807ea5dc1de28a31414.css","size":56947},{"name":"2fbf9dd2-99790b20efa6907a1c6f.js","size":335208},{"name":"commons-b3b82008ea6c6e57be2f.js","size":47406},{"name":"component---src-pages-board-js-cdb5e9e2fae30d4a2abd.js","size":3432}],"filteredAssets":0,"assetsSize":442993,"filteredAuxiliaryAssets":5,"auxiliaryAssetsSize":1298366},"component---src-pages-client-awareness-ar-js":{"name":"component---src-pages-client-awareness-ar-js","assets":[{"name":"styles.0807ea5dc1de28a31414.css","size":56947},{"name":"2fbf9dd2-99790b20efa6907a1c6f.js","size":335208},{"name":"commons-b3b82008ea6c6e57be2f.js","size":47406},{"name":"component---src-pages-client-awareness-ar-js-803ef7ff85198f90be29.js","size":3428}],"filteredAssets":0,"assetsSize":442989,"filteredAuxiliaryAssets":7,"auxiliaryAssetsSize":7011700},"component---src-pages-client-awareness-en-js":{"name":"component---src-pages-client-awareness-en-js","assets":[{"name":"styles.0807ea5dc1de28a31414.css","size":56947},{"name":"2fbf9dd2-99790b20efa6907a1c6f.js","size":335208},{"name":"commons-b3b82008ea6c6e57be2f.js","size":47406},{"name":"component---src-pages-client-awareness-en-js-f5ae1e6150a666731202.js","size":3364}],"filteredAssets":0,"assetsSize":442925,"filteredAuxiliaryAssets":6,"auxiliaryAssetsSize":6584304},"component---src-pages-client-awareness-js":{"name":"component---src-pages-client-awareness-js","assets":[{"name":"styles.0807ea5dc1de28a31414.css","size":56947},{"name":"2fbf9dd2-99790b20efa6907a1c6f.js","size":335208},{"name":"commons-b3b82008ea6c6e57be2f.js","size":47406},{"name":"27242b6a2560df6514ed1d11dac45d81f6f5e7f7-c0389931bf97438603f3.js","size":30420},{"name":"component---src-pages-client-awareness-js-caced97cbce211d247eb.js","size":2839}],"filteredAssets":0,"assetsSize":472820,"filteredAuxiliaryAssets":6,"auxiliaryAssetsSize":1440209},"component---src-pages-companies-login-ar-js":{"name":"component---src-pages-companies-login-ar-js","assets":[{"name":"styles.0807ea5dc1de28a31414.css","size":56947},{"name":"framework-378481a856149b1b42f2.js","size":141440},{"name":"2fbf9dd2-99790b20efa6907a1c6f.js","size":335208},{"name":"commons-b3b82008ea6c6e57be2f.js","size":47406},{"name":"27242b6a2560df6514ed1d11dac45d81f6f5e7f7-c0389931bf97438603f3.js","size":30420},{"name":"f8d05ade44e5af3dd411582230cc5c025e9f44ff-730b3ee05cae49e34f4d.js","size":77513},{"name":"a6f2f626e93d4feae3cc5f3a3afa6ca74afad0f8-fc6fe010ea1ff67fc537.js","size":95503},{"name":"component---src-pages-companies-login-ar-js-733f875a4c5200020cdb.js","size":46165}],"filteredAssets":0,"assetsSize":830602,"filteredAuxiliaryAssets":9,"auxiliaryAssetsSize":2451394},"component---src-pages-companies-login-en-js":{"name":"component---src-pages-companies-login-en-js","assets":[{"name":"styles.0807ea5dc1de28a31414.css","size":56947},{"name":"framework-378481a856149b1b42f2.js","size":141440},{"name":"2fbf9dd2-99790b20efa6907a1c6f.js","size":335208},{"name":"commons-b3b82008ea6c6e57be2f.js","size":47406},{"name":"27242b6a2560df6514ed1d11dac45d81f6f5e7f7-c0389931bf97438603f3.js","size":30420},{"name":"f8d05ade44e5af3dd411582230cc5c025e9f44ff-730b3ee05cae49e34f4d.js","size":77513},{"name":"a6f2f626e93d4feae3cc5f3a3afa6ca74afad0f8-fc6fe010ea1ff67fc537.js","size":95503},{"name":"component---src-pages-companies-login-en-js-d18dd1090276589d2e84.js","size":46165}],"filteredAssets":0,"assetsSize":830602,"filteredAuxiliaryAssets":9,"auxiliaryAssetsSize":2451394},"component---src-pages-companies-login-js":{"name":"component---src-pages-companies-login-js","assets":[{"name":"styles.0807ea5dc1de28a31414.css","size":56947},{"name":"framework-378481a856149b1b42f2.js","size":141440},{"name":"2fbf9dd2-99790b20efa6907a1c6f.js","size":335208},{"name":"commons-b3b82008ea6c6e57be2f.js","size":47406},{"name":"27242b6a2560df6514ed1d11dac45d81f6f5e7f7-c0389931bf97438603f3.js","size":30420},{"name":"f8d05ade44e5af3dd411582230cc5c025e9f44ff-730b3ee05cae49e34f4d.js","size":77513},{"name":"a6f2f626e93d4feae3cc5f3a3afa6ca74afad0f8-fc6fe010ea1ff67fc537.js","size":95503},{"name":"0efe74ec5545029abe8881a4f49b00eb41d7859e-85f310b299281c9d6e29.js","size":83180},{"name":"component---src-pages-companies-login-js-cbedf2331169ca3de6a4.js","size":41523}],"filteredAssets":0,"assetsSize":909140,"filteredAuxiliaryAssets":10,"auxiliaryAssetsSize":2893914},"component---src-pages-conservation-services-ar-js":{"name":"component---src-pages-conservation-services-ar-js","assets":[{"name":"styles.0807ea5dc1de28a31414.css","size":56947},{"name":"2fbf9dd2-99790b20efa6907a1c6f.js","size":335208},{"name":"commons-b3b82008ea6c6e57be2f.js","size":47406},{"name":"component---src-pages-conservation-services-ar-js-6f8d2aac839568737940.js","size":3060}],"filteredAssets":0,"assetsSize":442621,"filteredAuxiliaryAssets":5,"auxiliaryAssetsSize":1296961},"component---src-pages-conservation-services-en-js":{"name":"component---src-pages-conservation-services-en-js","assets":[{"name":"styles.0807ea5dc1de28a31414.css","size":56947},{"name":"2fbf9dd2-99790b20efa6907a1c6f.js","size":335208},{"name":"commons-b3b82008ea6c6e57be2f.js","size":47406},{"name":"component---src-pages-conservation-services-en-js-97fadf0c006069ed87b6.js","size":3060}],"filteredAssets":0,"assetsSize":442621,"filteredAuxiliaryAssets":5,"auxiliaryAssetsSize":1296961},"component---src-pages-conservation-services-js":{"name":"component---src-pages-conservation-services-js","assets":[{"name":"styles.0807ea5dc1de28a31414.css","size":56947},{"name":"2fbf9dd2-99790b20efa6907a1c6f.js","size":335208},{"name":"commons-b3b82008ea6c6e57be2f.js","size":47406},{"name":"27242b6a2560df6514ed1d11dac45d81f6f5e7f7-c0389931bf97438603f3.js","size":30420},{"name":"component---src-pages-conservation-services-js-345ea614699803b4d4c4.js","size":2325}],"filteredAssets":0,"assetsSize":472306,"filteredAuxiliaryAssets":6,"auxiliaryAssetsSize":1438347},"component---src-pages-contact-us-ar-js":{"name":"component---src-pages-contact-us-ar-js","assets":[{"name":"styles.0807ea5dc1de28a31414.css","size":56947},{"name":"2fbf9dd2-99790b20efa6907a1c6f.js","size":335208},{"name":"commons-b3b82008ea6c6e57be2f.js","size":47406},{"name":"27242b6a2560df6514ed1d11dac45d81f6f5e7f7-c0389931bf97438603f3.js","size":30420},{"name":"f8d05ade44e5af3dd411582230cc5c025e9f44ff-730b3ee05cae49e34f4d.js","size":77513},{"name":"component---src-pages-contact-us-ar-js-d9bbf2b093b81a0b46e5.js","size":7025}],"filteredAssets":0,"assetsSize":554519,"filteredAuxiliaryAssets":8,"auxiliaryAssetsSize":3319775},"component---src-pages-contact-us-en-js":{"name":"component---src-pages-contact-us-en-js","assets":[{"name":"styles.0807ea5dc1de28a31414.css","size":56947},{"name":"2fbf9dd2-99790b20efa6907a1c6f.js","size":335208},{"name":"commons-b3b82008ea6c6e57be2f.js","size":47406},{"name":"27242b6a2560df6514ed1d11dac45d81f6f5e7f7-c0389931bf97438603f3.js","size":30420},{"name":"f8d05ade44e5af3dd411582230cc5c025e9f44ff-730b3ee05cae49e34f4d.js","size":77513},{"name":"component---src-pages-contact-us-en-js-3c1275b42330e6dca809.js","size":6881}],"filteredAssets":0,"assetsSize":554375,"filteredAuxiliaryAssets":8,"auxiliaryAssetsSize":3319615},"component---src-pages-contact-us-js":{"name":"component---src-pages-contact-us-js","assets":[{"name":"styles.0807ea5dc1de28a31414.css","size":56947},{"name":"2fbf9dd2-99790b20efa6907a1c6f.js","size":335208},{"name":"commons-b3b82008ea6c6e57be2f.js","size":47406},{"name":"27242b6a2560df6514ed1d11dac45d81f6f5e7f7-c0389931bf97438603f3.js","size":30420},{"name":"f8d05ade44e5af3dd411582230cc5c025e9f44ff-730b3ee05cae49e34f4d.js","size":77513},{"name":"component---src-pages-contact-us-js-c3dbdf58398dbf191ef1.js","size":7368}],"filteredAssets":0,"assetsSize":554862,"filteredAuxiliaryAssets":8,"auxiliaryAssetsSize":3322089},"component---src-pages-index-ar-js":{"name":"component---src-pages-index-ar-js","assets":[{"name":"styles.0807ea5dc1de28a31414.css","size":56947},{"name":"2fbf9dd2-99790b20efa6907a1c6f.js","size":335208},{"name":"commons-b3b82008ea6c6e57be2f.js","size":47406},{"name":"27242b6a2560df6514ed1d11dac45d81f6f5e7f7-c0389931bf97438603f3.js","size":30420},{"name":"f8d05ade44e5af3dd411582230cc5c025e9f44ff-730b3ee05cae49e34f4d.js","size":77513},{"name":"component---src-pages-index-ar-js-8095eb996d122bc1e6a5.js","size":14908}],"filteredAssets":0,"assetsSize":562402,"filteredAuxiliaryAssets":7,"auxiliaryAssetsSize":1553291},"component---src-pages-index-en-js":{"name":"component---src-pages-index-en-js","assets":[{"name":"styles.0807ea5dc1de28a31414.css","size":56947},{"name":"2fbf9dd2-99790b20efa6907a1c6f.js","size":335208},{"name":"commons-b3b82008ea6c6e57be2f.js","size":47406},{"name":"27242b6a2560df6514ed1d11dac45d81f6f5e7f7-c0389931bf97438603f3.js","size":30420},{"name":"f8d05ade44e5af3dd411582230cc5c025e9f44ff-730b3ee05cae49e34f4d.js","size":77513},{"name":"component---src-pages-index-en-js-d05b36c823b1c15eb8b6.js","size":14913}],"filteredAssets":0,"assetsSize":562407,"filteredAuxiliaryAssets":7,"auxiliaryAssetsSize":1553303},"component---src-pages-index-js":{"name":"component---src-pages-index-js","assets":[{"name":"styles.0807ea5dc1de28a31414.css","size":56947},{"name":"2fbf9dd2-99790b20efa6907a1c6f.js","size":335208},{"name":"commons-b3b82008ea6c6e57be2f.js","size":47406},{"name":"27242b6a2560df6514ed1d11dac45d81f6f5e7f7-c0389931bf97438603f3.js","size":30420},{"name":"f8d05ade44e5af3dd411582230cc5c025e9f44ff-730b3ee05cae49e34f4d.js","size":77513},{"name":"component---src-pages-index-js-768a4ee0f94a67978648.js","size":15158}],"filteredAssets":0,"assetsSize":562652,"filteredAuxiliaryAssets":7,"auxiliaryAssetsSize":1555353},"component---src-pages-individuals-login-ar-js":{"name":"component---src-pages-individuals-login-ar-js","assets":[{"name":"styles.0807ea5dc1de28a31414.css","size":56947},{"name":"framework-378481a856149b1b42f2.js","size":141440},{"name":"2fbf9dd2-99790b20efa6907a1c6f.js","size":335208},{"name":"commons-b3b82008ea6c6e57be2f.js","size":47406},{"name":"27242b6a2560df6514ed1d11dac45d81f6f5e7f7-c0389931bf97438603f3.js","size":30420},{"name":"f8d05ade44e5af3dd411582230cc5c025e9f44ff-730b3ee05cae49e34f4d.js","size":77513},{"name":"a6f2f626e93d4feae3cc5f3a3afa6ca74afad0f8-fc6fe010ea1ff67fc537.js","size":95503},{"name":"component---src-pages-individuals-login-ar-js-f52bed13346c4d548b46.js","size":59226}],"filteredAssets":0,"assetsSize":843663,"filteredAuxiliaryAssets":9,"auxiliaryAssetsSize":2478434},"component---src-pages-individuals-login-en-js":{"name":"component---src-pages-individuals-login-en-js","assets":[{"name":"styles.0807ea5dc1de28a31414.css","size":56947},{"name":"framework-378481a856149b1b42f2.js","size":141440},{"name":"2fbf9dd2-99790b20efa6907a1c6f.js","size":335208},{"name":"commons-b3b82008ea6c6e57be2f.js","size":47406},{"name":"27242b6a2560df6514ed1d11dac45d81f6f5e7f7-c0389931bf97438603f3.js","size":30420},{"name":"f8d05ade44e5af3dd411582230cc5c025e9f44ff-730b3ee05cae49e34f4d.js","size":77513},{"name":"a6f2f626e93d4feae3cc5f3a3afa6ca74afad0f8-fc6fe010ea1ff67fc537.js","size":95503},{"name":"component---src-pages-individuals-login-en-js-af36120a782eecc2629c.js","size":58715}],"filteredAssets":0,"assetsSize":843152,"filteredAuxiliaryAssets":9,"auxiliaryAssetsSize":2477359},"component---src-pages-individuals-login-js":{"name":"component---src-pages-individuals-login-js","assets":[{"name":"styles.0807ea5dc1de28a31414.css","size":56947},{"name":"framework-378481a856149b1b42f2.js","size":141440},{"name":"2fbf9dd2-99790b20efa6907a1c6f.js","size":335208},{"name":"commons-b3b82008ea6c6e57be2f.js","size":47406},{"name":"27242b6a2560df6514ed1d11dac45d81f6f5e7f7-c0389931bf97438603f3.js","size":30420},{"name":"f8d05ade44e5af3dd411582230cc5c025e9f44ff-730b3ee05cae49e34f4d.js","size":77513},{"name":"a6f2f626e93d4feae3cc5f3a3afa6ca74afad0f8-fc6fe010ea1ff67fc537.js","size":95503},{"name":"0efe74ec5545029abe8881a4f49b00eb41d7859e-85f310b299281c9d6e29.js","size":83180},{"name":"component---src-pages-individuals-login-js-600ee2c45214c7286f5a.js","size":56313}],"filteredAssets":0,"assetsSize":923930,"filteredAuxiliaryAssets":10,"auxiliaryAssetsSize":2928103},"component---src-pages-investment-banking-ar-js":{"name":"component---src-pages-investment-banking-ar-js","assets":[{"name":"styles.0807ea5dc1de28a31414.css","size":56947},{"name":"2fbf9dd2-99790b20efa6907a1c6f.js","size":335208},{"name":"commons-b3b82008ea6c6e57be2f.js","size":47406},{"name":"component---src-pages-investment-banking-ar-js-cdfe8786dbbb46a5031e.js","size":17074}],"filteredAssets":0,"assetsSize":456635,"filteredAuxiliaryAssets":5,"auxiliaryAssetsSize":1330455},"component---src-pages-investment-banking-en-js":{"name":"component---src-pages-investment-banking-en-js","assets":[{"name":"styles.0807ea5dc1de28a31414.css","size":56947},{"name":"2fbf9dd2-99790b20efa6907a1c6f.js","size":335208},{"name":"commons-b3b82008ea6c6e57be2f.js","size":47406},{"name":"component---src-pages-investment-banking-en-js-28f5ad5b7e644a6d050b.js","size":17075}],"filteredAssets":0,"assetsSize":456636,"filteredAuxiliaryAssets":5,"auxiliaryAssetsSize":1330455},"component---src-pages-investment-banking-js":{"name":"component---src-pages-investment-banking-js","assets":[{"name":"styles.0807ea5dc1de28a31414.css","size":56947},{"name":"2fbf9dd2-99790b20efa6907a1c6f.js","size":335208},{"name":"commons-b3b82008ea6c6e57be2f.js","size":47406},{"name":"27242b6a2560df6514ed1d11dac45d81f6f5e7f7-c0389931bf97438603f3.js","size":30420},{"name":"component---src-pages-investment-banking-js-f8edbee240824dc0b9e0.js","size":11168}],"filteredAssets":0,"assetsSize":481149,"filteredAuxiliaryAssets":6,"auxiliaryAssetsSize":1469054},"component---src-pages-management-team-ar-js":{"name":"component---src-pages-management-team-ar-js","assets":[{"name":"styles.0807ea5dc1de28a31414.css","size":56947},{"name":"2fbf9dd2-99790b20efa6907a1c6f.js","size":335208},{"name":"commons-b3b82008ea6c6e57be2f.js","size":47406},{"name":"component---src-pages-management-team-ar-js-33a1251476e9fbcd8139.js","size":3667}],"filteredAssets":0,"assetsSize":443228,"filteredAuxiliaryAssets":5,"auxiliaryAssetsSize":1298009},"component---src-pages-management-team-en-js":{"name":"component---src-pages-management-team-en-js","assets":[{"name":"styles.0807ea5dc1de28a31414.css","size":56947},{"name":"2fbf9dd2-99790b20efa6907a1c6f.js","size":335208},{"name":"commons-b3b82008ea6c6e57be2f.js","size":47406},{"name":"component---src-pages-management-team-en-js-2848334b678e75746ef1.js","size":3667}],"filteredAssets":0,"assetsSize":443228,"filteredAuxiliaryAssets":5,"auxiliaryAssetsSize":1298009},"component---src-pages-management-team-jsx":{"name":"component---src-pages-management-team-jsx","assets":[{"name":"styles.0807ea5dc1de28a31414.css","size":56947},{"name":"2fbf9dd2-99790b20efa6907a1c6f.js","size":335208},{"name":"commons-b3b82008ea6c6e57be2f.js","size":47406},{"name":"component---src-pages-management-team-jsx-cf79624c3efc0d38db1a.js","size":3422}],"filteredAssets":0,"assetsSize":442983,"filteredAuxiliaryAssets":5,"auxiliaryAssetsSize":1297958},"component---src-pages-management-team-templet-ar-js":{"name":"component---src-pages-management-team-templet-ar-js","assets":[{"name":"styles.0807ea5dc1de28a31414.css","size":56947},{"name":"2fbf9dd2-99790b20efa6907a1c6f.js","size":335208},{"name":"commons-b3b82008ea6c6e57be2f.js","size":47406},{"name":"component---src-pages-management-team-templet-ar-js-4f0bc10be764d1d16328.js","size":3272}],"filteredAssets":0,"assetsSize":442833,"filteredAuxiliaryAssets":5,"auxiliaryAssetsSize":1297708},"component---src-pages-management-team-templet-en-js":{"name":"component---src-pages-management-team-templet-en-js","assets":[{"name":"styles.0807ea5dc1de28a31414.css","size":56947},{"name":"2fbf9dd2-99790b20efa6907a1c6f.js","size":335208},{"name":"commons-b3b82008ea6c6e57be2f.js","size":47406},{"name":"component---src-pages-management-team-templet-en-js-6d68c5607d72d4ea340c.js","size":3271}],"filteredAssets":0,"assetsSize":442832,"filteredAuxiliaryAssets":5,"auxiliaryAssetsSize":1297708},"component---src-pages-management-team-templet-js":{"name":"component---src-pages-management-team-templet-js","assets":[{"name":"styles.0807ea5dc1de28a31414.css","size":56947},{"name":"2fbf9dd2-99790b20efa6907a1c6f.js","size":335208},{"name":"commons-b3b82008ea6c6e57be2f.js","size":47406},{"name":"component---src-pages-management-team-templet-js-c8f24b80077f3db4e92c.js","size":3504}],"filteredAssets":0,"assetsSize":443065,"filteredAuxiliaryAssets":5,"auxiliaryAssetsSize":1298193},"component---src-pages-page-2-js":{"name":"component---src-pages-page-2-js","assets":[{"name":"styles.0807ea5dc1de28a31414.css","size":56947},{"name":"2fbf9dd2-99790b20efa6907a1c6f.js","size":335208},{"name":"commons-b3b82008ea6c6e57be2f.js","size":47406},{"name":"component---src-pages-page-2-js-53c42ef428a52d9ec52c.js","size":555}],"filteredAssets":0,"assetsSize":440116,"filteredAuxiliaryAssets":5,"auxiliaryAssetsSize":1289773},"component---src-pages-reports-ar-js":{"name":"component---src-pages-reports-ar-js","assets":[{"name":"styles.0807ea5dc1de28a31414.css","size":56947},{"name":"framework-378481a856149b1b42f2.js","size":141440},{"name":"2fbf9dd2-99790b20efa6907a1c6f.js","size":335208},{"name":"commons-b3b82008ea6c6e57be2f.js","size":47406},{"name":"a6f2f626e93d4feae3cc5f3a3afa6ca74afad0f8-fc6fe010ea1ff67fc537.js","size":95503},{"name":"component---src-pages-reports-ar-js-79f79d9b3d9e0eeb0cb2.js","size":7157}],"filteredAssets":0,"assetsSize":683661,"filteredAuxiliaryAssets":7,"auxiliaryAssetsSize":2129368},"component---src-pages-reports-en-js":{"name":"component---src-pages-reports-en-js","assets":[{"name":"styles.0807ea5dc1de28a31414.css","size":56947},{"name":"framework-378481a856149b1b42f2.js","size":141440},{"name":"2fbf9dd2-99790b20efa6907a1c6f.js","size":335208},{"name":"commons-b3b82008ea6c6e57be2f.js","size":47406},{"name":"a6f2f626e93d4feae3cc5f3a3afa6ca74afad0f8-fc6fe010ea1ff67fc537.js","size":95503},{"name":"component---src-pages-reports-en-js-a7c167a34ec79c7b6452.js","size":7139}],"filteredAssets":0,"assetsSize":683643,"filteredAuxiliaryAssets":7,"auxiliaryAssetsSize":2129326},"component---src-pages-reports-jsx":{"name":"component---src-pages-reports-jsx","assets":[{"name":"styles.0807ea5dc1de28a31414.css","size":56947},{"name":"framework-378481a856149b1b42f2.js","size":141440},{"name":"2fbf9dd2-99790b20efa6907a1c6f.js","size":335208},{"name":"commons-b3b82008ea6c6e57be2f.js","size":47406},{"name":"a6f2f626e93d4feae3cc5f3a3afa6ca74afad0f8-fc6fe010ea1ff67fc537.js","size":95503},{"name":"component---src-pages-reports-jsx-c838eb9fe3089318d1d5.js","size":3136}],"filteredAssets":0,"assetsSize":679640,"filteredAuxiliaryAssets":7,"auxiliaryAssetsSize":2131703},"component---src-pages-shariyah-review-ar-js":{"name":"component---src-pages-shariyah-review-ar-js","assets":[{"name":"styles.0807ea5dc1de28a31414.css","size":56947},{"name":"2fbf9dd2-99790b20efa6907a1c6f.js","size":335208},{"name":"commons-b3b82008ea6c6e57be2f.js","size":47406},{"name":"component---src-pages-shariyah-review-ar-js-42691bd4d478ac0cfd5a.js","size":4083}],"filteredAssets":0,"assetsSize":443644,"filteredAuxiliaryAssets":5,"auxiliaryAssetsSize":1298449},"component---src-pages-shariyah-review-en-js":{"name":"component---src-pages-shariyah-review-en-js","assets":[{"name":"styles.0807ea5dc1de28a31414.css","size":56947},{"name":"2fbf9dd2-99790b20efa6907a1c6f.js","size":335208},{"name":"commons-b3b82008ea6c6e57be2f.js","size":47406},{"name":"component---src-pages-shariyah-review-en-js-b694d49d9c852771885e.js","size":3997}],"filteredAssets":0,"assetsSize":443558,"filteredAuxiliaryAssets":5,"auxiliaryAssetsSize":1298284},"component---src-pages-shariyah-review-js":{"name":"component---src-pages-shariyah-review-js","assets":[{"name":"styles.0807ea5dc1de28a31414.css","size":56947},{"name":"2fbf9dd2-99790b20efa6907a1c6f.js","size":335208},{"name":"commons-b3b82008ea6c6e57be2f.js","size":47406},{"name":"27242b6a2560df6514ed1d11dac45d81f6f5e7f7-c0389931bf97438603f3.js","size":30420},{"name":"component---src-pages-shariyah-review-js-61ed3197375079d8f9bd.js","size":3278}],"filteredAssets":0,"assetsSize":473259,"filteredAuxiliaryAssets":6,"auxiliaryAssetsSize":1441231},"component---src-pages-team-js":{"name":"component---src-pages-team-js","assets":[{"name":"styles.0807ea5dc1de28a31414.css","size":56947},{"name":"2fbf9dd2-99790b20efa6907a1c6f.js","size":335208},{"name":"commons-b3b82008ea6c6e57be2f.js","size":47406},{"name":"component---src-pages-team-js-b279208a3780423a1295.js","size":3763}],"filteredAssets":0,"assetsSize":443324,"filteredAuxiliaryAssets":5,"auxiliaryAssetsSize":1299247},"component---src-pages-using-ssr-js":{"name":"component---src-pages-using-ssr-js","assets":[{"name":"styles.0807ea5dc1de28a31414.css","size":56947},{"name":"2fbf9dd2-99790b20efa6907a1c6f.js","size":335208},{"name":"commons-b3b82008ea6c6e57be2f.js","size":47406},{"name":"component---src-pages-using-ssr-js-5d4f0f1146d53c751213.js","size":1137}],"filteredAssets":0,"assetsSize":440698,"filteredAuxiliaryAssets":5,"auxiliaryAssetsSize":1291212},"component---src-pages-using-typescript-tsx":{"name":"component---src-pages-using-typescript-tsx","assets":[{"name":"styles.0807ea5dc1de28a31414.css","size":56947},{"name":"2fbf9dd2-99790b20efa6907a1c6f.js","size":335208},{"name":"commons-b3b82008ea6c6e57be2f.js","size":47406},{"name":"component---src-pages-using-typescript-tsx-ba949aec5ca36c3a6080.js","size":1468}],"filteredAssets":0,"assetsSize":441029,"filteredAuxiliaryAssets":5,"auxiliaryAssetsSize":1291489}},"assetsByChunkName":{"app":["webpack-runtime-36e02343b067af3bae05.js","framework-378481a856149b1b42f2.js","app-5741882eac0ec3e037d2.js"],"component---src-pages-404-js":["styles.0807ea5dc1de28a31414.css","2fbf9dd2-99790b20efa6907a1c6f.js","commons-b3b82008ea6c6e57be2f.js","component---src-pages-404-js-c397fa8684089178ff19.js"],"component---src-pages-about-us-ar-js":["styles.0807ea5dc1de28a31414.css","2fbf9dd2-99790b20efa6907a1c6f.js","commons-b3b82008ea6c6e57be2f.js","27242b6a2560df6514ed1d11dac45d81f6f5e7f7-c0389931bf97438603f3.js","f8d05ade44e5af3dd411582230cc5c025e9f44ff-730b3ee05cae49e34f4d.js","component---src-pages-about-us-ar-js-d92f1e7faae7a97b00cd.js"],"component---src-pages-about-us-en-js":["styles.0807ea5dc1de28a31414.css","2fbf9dd2-99790b20efa6907a1c6f.js","commons-b3b82008ea6c6e57be2f.js","27242b6a2560df6514ed1d11dac45d81f6f5e7f7-c0389931bf97438603f3.js","f8d05ade44e5af3dd411582230cc5c025e9f44ff-730b3ee05cae49e34f4d.js","component---src-pages-about-us-en-js-ab69ce6760432692d874.js"],"component---src-pages-about-us-js":["styles.0807ea5dc1de28a31414.css","2fbf9dd2-99790b20efa6907a1c6f.js","commons-b3b82008ea6c6e57be2f.js","27242b6a2560df6514ed1d11dac45d81f6f5e7f7-c0389931bf97438603f3.js","f8d05ade44e5af3dd411582230cc5c025e9f44ff-730b3ee05cae49e34f4d.js","component---src-pages-about-us-js-67bbf22565d1ec13611e.js"],"component---src-pages-advisory-research-ar-js":["styles.0807ea5dc1de28a31414.css","2fbf9dd2-99790b20efa6907a1c6f.js","commons-b3b82008ea6c6e57be2f.js","component---src-pages-advisory-research-ar-js-568f20781d0406196d8b.js"],"component---src-pages-advisory-research-en-js":["styles.0807ea5dc1de28a31414.css","2fbf9dd2-99790b20efa6907a1c6f.js","commons-b3b82008ea6c6e57be2f.js","component---src-pages-advisory-research-en-js-f2be4e60aaab182e1431.js"],"component---src-pages-advisory-research-js":["styles.0807ea5dc1de28a31414.css","2fbf9dd2-99790b20efa6907a1c6f.js","commons-b3b82008ea6c6e57be2f.js","27242b6a2560df6514ed1d11dac45d81f6f5e7f7-c0389931bf97438603f3.js","component---src-pages-advisory-research-js-783e37a005527dec05ed.js"],"component---src-pages-announcements-ar-js":["styles.0807ea5dc1de28a31414.css","2fbf9dd2-99790b20efa6907a1c6f.js","commons-b3b82008ea6c6e57be2f.js","component---src-pages-announcements-ar-js-d5f8a31d3b7413a0bb21.js"],"component---src-pages-announcements-en-js":["styles.0807ea5dc1de28a31414.css","2fbf9dd2-99790b20efa6907a1c6f.js","commons-b3b82008ea6c6e57be2f.js","component---src-pages-announcements-en-js-84c66d2e2540ef665d59.js"],"component---src-pages-announcements-jsx":["styles.0807ea5dc1de28a31414.css","2fbf9dd2-99790b20efa6907a1c6f.js","commons-b3b82008ea6c6e57be2f.js","component---src-pages-announcements-jsx-c85a73a855e53369013e.js"],"component---src-pages-asset-management-ar-js":["styles.0807ea5dc1de28a31414.css","framework-378481a856149b1b42f2.js","2fbf9dd2-99790b20efa6907a1c6f.js","commons-b3b82008ea6c6e57be2f.js","a6f2f626e93d4feae3cc5f3a3afa6ca74afad0f8-fc6fe010ea1ff67fc537.js","7aa11da8b8b43e76aa809d7885adc74b7358a2ff-1c02802b1efac00a85e0.js","component---src-pages-asset-management-ar-js-0720b40417e5a483ba00.js"],"component---src-pages-asset-management-en-js":["styles.0807ea5dc1de28a31414.css","framework-378481a856149b1b42f2.js","2fbf9dd2-99790b20efa6907a1c6f.js","commons-b3b82008ea6c6e57be2f.js","a6f2f626e93d4feae3cc5f3a3afa6ca74afad0f8-fc6fe010ea1ff67fc537.js","7aa11da8b8b43e76aa809d7885adc74b7358a2ff-1c02802b1efac00a85e0.js","component---src-pages-asset-management-en-js-ff76a018aeed60e7c8bd.js"],"component---src-pages-asset-management-js":["styles.0807ea5dc1de28a31414.css","framework-378481a856149b1b42f2.js","2fbf9dd2-99790b20efa6907a1c6f.js","commons-b3b82008ea6c6e57be2f.js","27242b6a2560df6514ed1d11dac45d81f6f5e7f7-c0389931bf97438603f3.js","a6f2f626e93d4feae3cc5f3a3afa6ca74afad0f8-fc6fe010ea1ff67fc537.js","7aa11da8b8b43e76aa809d7885adc74b7358a2ff-1c02802b1efac00a85e0.js","component---src-pages-asset-management-js-8ff0d3ec9a996bb95277.js"],"component---src-pages-board-ar-js":["styles.0807ea5dc1de28a31414.css","2fbf9dd2-99790b20efa6907a1c6f.js","commons-b3b82008ea6c6e57be2f.js","component---src-pages-board-ar-js-6712ee3274b76e02e8f2.js"],"component---src-pages-board-directors-ar-js":["styles.0807ea5dc1de28a31414.css","2fbf9dd2-99790b20efa6907a1c6f.js","commons-b3b82008ea6c6e57be2f.js","component---src-pages-board-directors-ar-js-6f809690ae9b5fe216d4.js"],"component---src-pages-board-directors-en-js":["styles.0807ea5dc1de28a31414.css","2fbf9dd2-99790b20efa6907a1c6f.js","commons-b3b82008ea6c6e57be2f.js","component---src-pages-board-directors-en-js-53897d697ffdc5a1ff2f.js"],"component---src-pages-board-directors-js":["styles.0807ea5dc1de28a31414.css","2fbf9dd2-99790b20efa6907a1c6f.js","commons-b3b82008ea6c6e57be2f.js","27242b6a2560df6514ed1d11dac45d81f6f5e7f7-c0389931bf97438603f3.js","component---src-pages-board-directors-js-daf494a93739755c03b5.js"],"component---src-pages-board-en-js":["styles.0807ea5dc1de28a31414.css","2fbf9dd2-99790b20efa6907a1c6f.js","commons-b3b82008ea6c6e57be2f.js","component---src-pages-board-en-js-28711a5372c5a1280944.js"],"component---src-pages-board-js":["styles.0807ea5dc1de28a31414.css","2fbf9dd2-99790b20efa6907a1c6f.js","commons-b3b82008ea6c6e57be2f.js","component---src-pages-board-js-cdb5e9e2fae30d4a2abd.js"],"component---src-pages-client-awareness-ar-js":["styles.0807ea5dc1de28a31414.css","2fbf9dd2-99790b20efa6907a1c6f.js","commons-b3b82008ea6c6e57be2f.js","component---src-pages-client-awareness-ar-js-803ef7ff85198f90be29.js"],"component---src-pages-client-awareness-en-js":["styles.0807ea5dc1de28a31414.css","2fbf9dd2-99790b20efa6907a1c6f.js","commons-b3b82008ea6c6e57be2f.js","component---src-pages-client-awareness-en-js-f5ae1e6150a666731202.js"],"component---src-pages-client-awareness-js":["styles.0807ea5dc1de28a31414.css","2fbf9dd2-99790b20efa6907a1c6f.js","commons-b3b82008ea6c6e57be2f.js","27242b6a2560df6514ed1d11dac45d81f6f5e7f7-c0389931bf97438603f3.js","component---src-pages-client-awareness-js-caced97cbce211d247eb.js"],"component---src-pages-companies-login-ar-js":["styles.0807ea5dc1de28a31414.css","framework-378481a856149b1b42f2.js","2fbf9dd2-99790b20efa6907a1c6f.js","commons-b3b82008ea6c6e57be2f.js","27242b6a2560df6514ed1d11dac45d81f6f5e7f7-c0389931bf97438603f3.js","f8d05ade44e5af3dd411582230cc5c025e9f44ff-730b3ee05cae49e34f4d.js","a6f2f626e93d4feae3cc5f3a3afa6ca74afad0f8-fc6fe010ea1ff67fc537.js","component---src-pages-companies-login-ar-js-733f875a4c5200020cdb.js"],"component---src-pages-companies-login-en-js":["styles.0807ea5dc1de28a31414.css","framework-378481a856149b1b42f2.js","2fbf9dd2-99790b20efa6907a1c6f.js","commons-b3b82008ea6c6e57be2f.js","27242b6a2560df6514ed1d11dac45d81f6f5e7f7-c0389931bf97438603f3.js","f8d05ade44e5af3dd411582230cc5c025e9f44ff-730b3ee05cae49e34f4d.js","a6f2f626e93d4feae3cc5f3a3afa6ca74afad0f8-fc6fe010ea1ff67fc537.js","component---src-pages-companies-login-en-js-d18dd1090276589d2e84.js"],"component---src-pages-companies-login-js":["styles.0807ea5dc1de28a31414.css","framework-378481a856149b1b42f2.js","2fbf9dd2-99790b20efa6907a1c6f.js","commons-b3b82008ea6c6e57be2f.js","27242b6a2560df6514ed1d11dac45d81f6f5e7f7-c0389931bf97438603f3.js","f8d05ade44e5af3dd411582230cc5c025e9f44ff-730b3ee05cae49e34f4d.js","a6f2f626e93d4feae3cc5f3a3afa6ca74afad0f8-fc6fe010ea1ff67fc537.js","0efe74ec5545029abe8881a4f49b00eb41d7859e-85f310b299281c9d6e29.js","component---src-pages-companies-login-js-cbedf2331169ca3de6a4.js"],"component---src-pages-conservation-services-ar-js":["styles.0807ea5dc1de28a31414.css","2fbf9dd2-99790b20efa6907a1c6f.js","commons-b3b82008ea6c6e57be2f.js","component---src-pages-conservation-services-ar-js-6f8d2aac839568737940.js"],"component---src-pages-conservation-services-en-js":["styles.0807ea5dc1de28a31414.css","2fbf9dd2-99790b20efa6907a1c6f.js","commons-b3b82008ea6c6e57be2f.js","component---src-pages-conservation-services-en-js-97fadf0c006069ed87b6.js"],"component---src-pages-conservation-services-js":["styles.0807ea5dc1de28a31414.css","2fbf9dd2-99790b20efa6907a1c6f.js","commons-b3b82008ea6c6e57be2f.js","27242b6a2560df6514ed1d11dac45d81f6f5e7f7-c0389931bf97438603f3.js","component---src-pages-conservation-services-js-345ea614699803b4d4c4.js"],"component---src-pages-contact-us-ar-js":["styles.0807ea5dc1de28a31414.css","2fbf9dd2-99790b20efa6907a1c6f.js","commons-b3b82008ea6c6e57be2f.js","27242b6a2560df6514ed1d11dac45d81f6f5e7f7-c0389931bf97438603f3.js","f8d05ade44e5af3dd411582230cc5c025e9f44ff-730b3ee05cae49e34f4d.js","component---src-pages-contact-us-ar-js-d9bbf2b093b81a0b46e5.js"],"component---src-pages-contact-us-en-js":["styles.0807ea5dc1de28a31414.css","2fbf9dd2-99790b20efa6907a1c6f.js","commons-b3b82008ea6c6e57be2f.js","27242b6a2560df6514ed1d11dac45d81f6f5e7f7-c0389931bf97438603f3.js","f8d05ade44e5af3dd411582230cc5c025e9f44ff-730b3ee05cae49e34f4d.js","component---src-pages-contact-us-en-js-3c1275b42330e6dca809.js"],"component---src-pages-contact-us-js":["styles.0807ea5dc1de28a31414.css","2fbf9dd2-99790b20efa6907a1c6f.js","commons-b3b82008ea6c6e57be2f.js","27242b6a2560df6514ed1d11dac45d81f6f5e7f7-c0389931bf97438603f3.js","f8d05ade44e5af3dd411582230cc5c025e9f44ff-730b3ee05cae49e34f4d.js","component---src-pages-contact-us-js-c3dbdf58398dbf191ef1.js"],"component---src-pages-index-ar-js":["styles.0807ea5dc1de28a31414.css","2fbf9dd2-99790b20efa6907a1c6f.js","commons-b3b82008ea6c6e57be2f.js","27242b6a2560df6514ed1d11dac45d81f6f5e7f7-c0389931bf97438603f3.js","f8d05ade44e5af3dd411582230cc5c025e9f44ff-730b3ee05cae49e34f4d.js","component---src-pages-index-ar-js-8095eb996d122bc1e6a5.js"],"component---src-pages-index-en-js":["styles.0807ea5dc1de28a31414.css","2fbf9dd2-99790b20efa6907a1c6f.js","commons-b3b82008ea6c6e57be2f.js","27242b6a2560df6514ed1d11dac45d81f6f5e7f7-c0389931bf97438603f3.js","f8d05ade44e5af3dd411582230cc5c025e9f44ff-730b3ee05cae49e34f4d.js","component---src-pages-index-en-js-d05b36c823b1c15eb8b6.js"],"component---src-pages-index-js":["styles.0807ea5dc1de28a31414.css","2fbf9dd2-99790b20efa6907a1c6f.js","commons-b3b82008ea6c6e57be2f.js","27242b6a2560df6514ed1d11dac45d81f6f5e7f7-c0389931bf97438603f3.js","f8d05ade44e5af3dd411582230cc5c025e9f44ff-730b3ee05cae49e34f4d.js","component---src-pages-index-js-768a4ee0f94a67978648.js"],"component---src-pages-individuals-login-ar-js":["styles.0807ea5dc1de28a31414.css","framework-378481a856149b1b42f2.js","2fbf9dd2-99790b20efa6907a1c6f.js","commons-b3b82008ea6c6e57be2f.js","27242b6a2560df6514ed1d11dac45d81f6f5e7f7-c0389931bf97438603f3.js","f8d05ade44e5af3dd411582230cc5c025e9f44ff-730b3ee05cae49e34f4d.js","a6f2f626e93d4feae3cc5f3a3afa6ca74afad0f8-fc6fe010ea1ff67fc537.js","component---src-pages-individuals-login-ar-js-f52bed13346c4d548b46.js"],"component---src-pages-individuals-login-en-js":["styles.0807ea5dc1de28a31414.css","framework-378481a856149b1b42f2.js","2fbf9dd2-99790b20efa6907a1c6f.js","commons-b3b82008ea6c6e57be2f.js","27242b6a2560df6514ed1d11dac45d81f6f5e7f7-c0389931bf97438603f3.js","f8d05ade44e5af3dd411582230cc5c025e9f44ff-730b3ee05cae49e34f4d.js","a6f2f626e93d4feae3cc5f3a3afa6ca74afad0f8-fc6fe010ea1ff67fc537.js","component---src-pages-individuals-login-en-js-af36120a782eecc2629c.js"],"component---src-pages-individuals-login-js":["styles.0807ea5dc1de28a31414.css","framework-378481a856149b1b42f2.js","2fbf9dd2-99790b20efa6907a1c6f.js","commons-b3b82008ea6c6e57be2f.js","27242b6a2560df6514ed1d11dac45d81f6f5e7f7-c0389931bf97438603f3.js","f8d05ade44e5af3dd411582230cc5c025e9f44ff-730b3ee05cae49e34f4d.js","a6f2f626e93d4feae3cc5f3a3afa6ca74afad0f8-fc6fe010ea1ff67fc537.js","0efe74ec5545029abe8881a4f49b00eb41d7859e-85f310b299281c9d6e29.js","component---src-pages-individuals-login-js-600ee2c45214c7286f5a.js"],"component---src-pages-investment-banking-ar-js":["styles.0807ea5dc1de28a31414.css","2fbf9dd2-99790b20efa6907a1c6f.js","commons-b3b82008ea6c6e57be2f.js","component---src-pages-investment-banking-ar-js-cdfe8786dbbb46a5031e.js"],"component---src-pages-investment-banking-en-js":["styles.0807ea5dc1de28a31414.css","2fbf9dd2-99790b20efa6907a1c6f.js","commons-b3b82008ea6c6e57be2f.js","component---src-pages-investment-banking-en-js-28f5ad5b7e644a6d050b.js"],"component---src-pages-investment-banking-js":["styles.0807ea5dc1de28a31414.css","2fbf9dd2-99790b20efa6907a1c6f.js","commons-b3b82008ea6c6e57be2f.js","27242b6a2560df6514ed1d11dac45d81f6f5e7f7-c0389931bf97438603f3.js","component---src-pages-investment-banking-js-f8edbee240824dc0b9e0.js"],"component---src-pages-management-team-ar-js":["styles.0807ea5dc1de28a31414.css","2fbf9dd2-99790b20efa6907a1c6f.js","commons-b3b82008ea6c6e57be2f.js","component---src-pages-management-team-ar-js-33a1251476e9fbcd8139.js"],"component---src-pages-management-team-en-js":["styles.0807ea5dc1de28a31414.css","2fbf9dd2-99790b20efa6907a1c6f.js","commons-b3b82008ea6c6e57be2f.js","component---src-pages-management-team-en-js-2848334b678e75746ef1.js"],"component---src-pages-management-team-jsx":["styles.0807ea5dc1de28a31414.css","2fbf9dd2-99790b20efa6907a1c6f.js","commons-b3b82008ea6c6e57be2f.js","component---src-pages-management-team-jsx-cf79624c3efc0d38db1a.js"],"component---src-pages-management-team-templet-ar-js":["styles.0807ea5dc1de28a31414.css","2fbf9dd2-99790b20efa6907a1c6f.js","commons-b3b82008ea6c6e57be2f.js","component---src-pages-management-team-templet-ar-js-4f0bc10be764d1d16328.js"],"component---src-pages-management-team-templet-en-js":["styles.0807ea5dc1de28a31414.css","2fbf9dd2-99790b20efa6907a1c6f.js","commons-b3b82008ea6c6e57be2f.js","component---src-pages-management-team-templet-en-js-6d68c5607d72d4ea340c.js"],"component---src-pages-management-team-templet-js":["styles.0807ea5dc1de28a31414.css","2fbf9dd2-99790b20efa6907a1c6f.js","commons-b3b82008ea6c6e57be2f.js","component---src-pages-management-team-templet-js-c8f24b80077f3db4e92c.js"],"component---src-pages-page-2-js":["styles.0807ea5dc1de28a31414.css","2fbf9dd2-99790b20efa6907a1c6f.js","commons-b3b82008ea6c6e57be2f.js","component---src-pages-page-2-js-53c42ef428a52d9ec52c.js"],"component---src-pages-reports-ar-js":["styles.0807ea5dc1de28a31414.css","framework-378481a856149b1b42f2.js","2fbf9dd2-99790b20efa6907a1c6f.js","commons-b3b82008ea6c6e57be2f.js","a6f2f626e93d4feae3cc5f3a3afa6ca74afad0f8-fc6fe010ea1ff67fc537.js","component---src-pages-reports-ar-js-79f79d9b3d9e0eeb0cb2.js"],"component---src-pages-reports-en-js":["styles.0807ea5dc1de28a31414.css","framework-378481a856149b1b42f2.js","2fbf9dd2-99790b20efa6907a1c6f.js","commons-b3b82008ea6c6e57be2f.js","a6f2f626e93d4feae3cc5f3a3afa6ca74afad0f8-fc6fe010ea1ff67fc537.js","component---src-pages-reports-en-js-a7c167a34ec79c7b6452.js"],"component---src-pages-reports-jsx":["styles.0807ea5dc1de28a31414.css","framework-378481a856149b1b42f2.js","2fbf9dd2-99790b20efa6907a1c6f.js","commons-b3b82008ea6c6e57be2f.js","a6f2f626e93d4feae3cc5f3a3afa6ca74afad0f8-fc6fe010ea1ff67fc537.js","component---src-pages-reports-jsx-c838eb9fe3089318d1d5.js"],"component---src-pages-shariyah-review-ar-js":["styles.0807ea5dc1de28a31414.css","2fbf9dd2-99790b20efa6907a1c6f.js","commons-b3b82008ea6c6e57be2f.js","component---src-pages-shariyah-review-ar-js-42691bd4d478ac0cfd5a.js"],"component---src-pages-shariyah-review-en-js":["styles.0807ea5dc1de28a31414.css","2fbf9dd2-99790b20efa6907a1c6f.js","commons-b3b82008ea6c6e57be2f.js","component---src-pages-shariyah-review-en-js-b694d49d9c852771885e.js"],"component---src-pages-shariyah-review-js":["styles.0807ea5dc1de28a31414.css","2fbf9dd2-99790b20efa6907a1c6f.js","commons-b3b82008ea6c6e57be2f.js","27242b6a2560df6514ed1d11dac45d81f6f5e7f7-c0389931bf97438603f3.js","component---src-pages-shariyah-review-js-61ed3197375079d8f9bd.js"],"component---src-pages-team-js":["styles.0807ea5dc1de28a31414.css","2fbf9dd2-99790b20efa6907a1c6f.js","commons-b3b82008ea6c6e57be2f.js","component---src-pages-team-js-b279208a3780423a1295.js"],"component---src-pages-using-ssr-js":["styles.0807ea5dc1de28a31414.css","2fbf9dd2-99790b20efa6907a1c6f.js","commons-b3b82008ea6c6e57be2f.js","component---src-pages-using-ssr-js-5d4f0f1146d53c751213.js"],"component---src-pages-using-typescript-tsx":["styles.0807ea5dc1de28a31414.css","2fbf9dd2-99790b20efa6907a1c6f.js","commons-b3b82008ea6c6e57be2f.js","component---src-pages-using-typescript-tsx-ba949aec5ca36c3a6080.js"]},"childAssetsByChunkName":{}}