{"name":"build-javascript","namedChunkGroups":{"app":{"name":"app","assets":[{"name":"webpack-runtime-d26cd9e82fbfd42cbf73.js","size":9387},{"name":"framework-378481a856149b1b42f2.js","size":141440},{"name":"app-858ab247e7b58c4d2be9.js","size":260510}],"filteredAssets":0,"assetsSize":411337,"filteredAuxiliaryAssets":3,"auxiliaryAssetsSize":905656},"component---src-pages-404-js":{"name":"component---src-pages-404-js","assets":[{"name":"framework-378481a856149b1b42f2.js","size":141440},{"name":"styles.735d368b3db691f76da6.css","size":52629},{"name":"2fbf9dd2-99790b20efa6907a1c6f.js","size":335208},{"name":"commons-0aba138ec5465cd07706.js","size":70573},{"name":"component---src-pages-404-js-967f67ac027206f3c7a2.js","size":756}],"filteredAssets":0,"assetsSize":600606,"filteredAuxiliaryAssets":6,"auxiliaryAssetsSize":1749950},"component---src-pages-about-us-ar-js":{"name":"component---src-pages-about-us-ar-js","assets":[{"name":"framework-378481a856149b1b42f2.js","size":141440},{"name":"styles.735d368b3db691f76da6.css","size":52629},{"name":"2fbf9dd2-99790b20efa6907a1c6f.js","size":335208},{"name":"commons-0aba138ec5465cd07706.js","size":70573},{"name":"f8d05ade44e5af3dd411582230cc5c025e9f44ff-c57009d4f1669aeb4b7b.js","size":107753},{"name":"component---src-pages-about-us-ar-js-e435e35d71d4a036f330.js","size":11392}],"filteredAssets":0,"assetsSize":718995,"filteredAuxiliaryAssets":8,"auxiliaryAssetsSize":3791110},"component---src-pages-about-us-en-js":{"name":"component---src-pages-about-us-en-js","assets":[{"name":"framework-378481a856149b1b42f2.js","size":141440},{"name":"styles.735d368b3db691f76da6.css","size":52629},{"name":"2fbf9dd2-99790b20efa6907a1c6f.js","size":335208},{"name":"commons-0aba138ec5465cd07706.js","size":70573},{"name":"f8d05ade44e5af3dd411582230cc5c025e9f44ff-c57009d4f1669aeb4b7b.js","size":107753},{"name":"component---src-pages-about-us-en-js-8eb76c711284f2daa792.js","size":11393}],"filteredAssets":0,"assetsSize":718996,"filteredAuxiliaryAssets":8,"auxiliaryAssetsSize":3791110},"component---src-pages-about-us-js":{"name":"component---src-pages-about-us-js","assets":[{"name":"framework-378481a856149b1b42f2.js","size":141440},{"name":"styles.735d368b3db691f76da6.css","size":52629},{"name":"2fbf9dd2-99790b20efa6907a1c6f.js","size":335208},{"name":"commons-0aba138ec5465cd07706.js","size":70573},{"name":"f8d05ade44e5af3dd411582230cc5c025e9f44ff-c57009d4f1669aeb4b7b.js","size":107753},{"name":"component---src-pages-about-us-js-3b00c64a8a81bde5975c.js","size":11679}],"filteredAssets":0,"assetsSize":719282,"filteredAuxiliaryAssets":8,"auxiliaryAssetsSize":3792437},"component---src-pages-advisory-research-ar-js":{"name":"component---src-pages-advisory-research-ar-js","assets":[{"name":"framework-378481a856149b1b42f2.js","size":141440},{"name":"styles.735d368b3db691f76da6.css","size":52629},{"name":"2fbf9dd2-99790b20efa6907a1c6f.js","size":335208},{"name":"commons-0aba138ec5465cd07706.js","size":70573},{"name":"component---src-pages-advisory-research-ar-js-78c89d4b483adba70170.js","size":3417}],"filteredAssets":0,"assetsSize":603267,"filteredAuxiliaryAssets":6,"auxiliaryAssetsSize":1756778},"component---src-pages-advisory-research-en-js":{"name":"component---src-pages-advisory-research-en-js","assets":[{"name":"framework-378481a856149b1b42f2.js","size":141440},{"name":"styles.735d368b3db691f76da6.css","size":52629},{"name":"2fbf9dd2-99790b20efa6907a1c6f.js","size":335208},{"name":"commons-0aba138ec5465cd07706.js","size":70573},{"name":"component---src-pages-advisory-research-en-js-7a05c012f0bab022f2f5.js","size":3417}],"filteredAssets":0,"assetsSize":603267,"filteredAuxiliaryAssets":6,"auxiliaryAssetsSize":1756778},"component---src-pages-advisory-research-js":{"name":"component---src-pages-advisory-research-js","assets":[{"name":"framework-378481a856149b1b42f2.js","size":141440},{"name":"styles.735d368b3db691f76da6.css","size":52629},{"name":"2fbf9dd2-99790b20efa6907a1c6f.js","size":335208},{"name":"commons-0aba138ec5465cd07706.js","size":70573},{"name":"component---src-pages-advisory-research-js-27826827ec2804c9b8b3.js","size":3414}],"filteredAssets":0,"assetsSize":603264,"filteredAuxiliaryAssets":6,"auxiliaryAssetsSize":1756772},"component---src-pages-announcements-ar-js":{"name":"component---src-pages-announcements-ar-js","assets":[{"name":"framework-378481a856149b1b42f2.js","size":141440},{"name":"styles.735d368b3db691f76da6.css","size":52629},{"name":"2fbf9dd2-99790b20efa6907a1c6f.js","size":335208},{"name":"commons-0aba138ec5465cd07706.js","size":70573},{"name":"component---src-pages-announcements-ar-js-ea52c79a56fed9dae7b7.js","size":9818}],"filteredAssets":0,"assetsSize":609668,"filteredAuxiliaryAssets":6,"auxiliaryAssetsSize":1759485},"component---src-pages-announcements-en-js":{"name":"component---src-pages-announcements-en-js","assets":[{"name":"framework-378481a856149b1b42f2.js","size":141440},{"name":"styles.735d368b3db691f76da6.css","size":52629},{"name":"2fbf9dd2-99790b20efa6907a1c6f.js","size":335208},{"name":"commons-0aba138ec5465cd07706.js","size":70573},{"name":"component---src-pages-announcements-en-js-9f3f82c71c1aad2aad6a.js","size":9818}],"filteredAssets":0,"assetsSize":609668,"filteredAuxiliaryAssets":6,"auxiliaryAssetsSize":1759485},"component---src-pages-announcements-jsx":{"name":"component---src-pages-announcements-jsx","assets":[{"name":"framework-378481a856149b1b42f2.js","size":141440},{"name":"styles.735d368b3db691f76da6.css","size":52629},{"name":"2fbf9dd2-99790b20efa6907a1c6f.js","size":335208},{"name":"commons-0aba138ec5465cd07706.js","size":70573},{"name":"component---src-pages-announcements-jsx-647ea9ec07c2aae3e017.js","size":9814}],"filteredAssets":0,"assetsSize":609664,"filteredAuxiliaryAssets":6,"auxiliaryAssetsSize":1759481},"component---src-pages-asset-management-ar-js":{"name":"component---src-pages-asset-management-ar-js","assets":[{"name":"framework-378481a856149b1b42f2.js","size":141440},{"name":"styles.735d368b3db691f76da6.css","size":52629},{"name":"2fbf9dd2-99790b20efa6907a1c6f.js","size":335208},{"name":"commons-0aba138ec5465cd07706.js","size":70573},{"name":"a6f2f626e93d4feae3cc5f3a3afa6ca74afad0f8-2cdbb31dd35814bcbb4e.js","size":93320},{"name":"7aa11da8b8b43e76aa809d7885adc74b7358a2ff-93036cfaa18e0964566c.js","size":143898},{"name":"component---src-pages-asset-management-ar-js-383e2af9850261dcb044.js","size":11155}],"filteredAssets":0,"assetsSize":848223,"filteredAuxiliaryAssets":8,"auxiliaryAssetsSize":2629396},"component---src-pages-asset-management-en-js":{"name":"component---src-pages-asset-management-en-js","assets":[{"name":"framework-378481a856149b1b42f2.js","size":141440},{"name":"styles.735d368b3db691f76da6.css","size":52629},{"name":"2fbf9dd2-99790b20efa6907a1c6f.js","size":335208},{"name":"commons-0aba138ec5465cd07706.js","size":70573},{"name":"a6f2f626e93d4feae3cc5f3a3afa6ca74afad0f8-2cdbb31dd35814bcbb4e.js","size":93320},{"name":"7aa11da8b8b43e76aa809d7885adc74b7358a2ff-93036cfaa18e0964566c.js","size":143898},{"name":"component---src-pages-asset-management-en-js-f4d60373229b25509310.js","size":11585}],"filteredAssets":0,"assetsSize":848653,"filteredAuxiliaryAssets":8,"auxiliaryAssetsSize":2629628},"component---src-pages-asset-management-js":{"name":"component---src-pages-asset-management-js","assets":[{"name":"framework-378481a856149b1b42f2.js","size":141440},{"name":"styles.735d368b3db691f76da6.css","size":52629},{"name":"2fbf9dd2-99790b20efa6907a1c6f.js","size":335208},{"name":"commons-0aba138ec5465cd07706.js","size":70573},{"name":"a6f2f626e93d4feae3cc5f3a3afa6ca74afad0f8-2cdbb31dd35814bcbb4e.js","size":93320},{"name":"7aa11da8b8b43e76aa809d7885adc74b7358a2ff-93036cfaa18e0964566c.js","size":143898},{"name":"component---src-pages-asset-management-js-ed12a888a0a9fafdd7cf.js","size":53621}],"filteredAssets":0,"assetsSize":890689,"filteredAuxiliaryAssets":8,"auxiliaryAssetsSize":2632372},"component---src-pages-board-ar-js":{"name":"component---src-pages-board-ar-js","assets":[{"name":"framework-378481a856149b1b42f2.js","size":141440},{"name":"styles.735d368b3db691f76da6.css","size":52629},{"name":"2fbf9dd2-99790b20efa6907a1c6f.js","size":335208},{"name":"commons-0aba138ec5465cd07706.js","size":70573},{"name":"component---src-pages-board-ar-js-61441ab5dfed116072a9.js","size":3605}],"filteredAssets":0,"assetsSize":603455,"filteredAuxiliaryAssets":6,"auxiliaryAssetsSize":1758126},"component---src-pages-board-directors-ar-js":{"name":"component---src-pages-board-directors-ar-js","assets":[{"name":"framework-378481a856149b1b42f2.js","size":141440},{"name":"styles.735d368b3db691f76da6.css","size":52629},{"name":"2fbf9dd2-99790b20efa6907a1c6f.js","size":335208},{"name":"commons-0aba138ec5465cd07706.js","size":70573},{"name":"component---src-pages-board-directors-ar-js-9e86c60e6ddfb3c244a0.js","size":2003}],"filteredAssets":0,"assetsSize":601853,"filteredAuxiliaryAssets":6,"auxiliaryAssetsSize":1753562},"component---src-pages-board-directors-en-js":{"name":"component---src-pages-board-directors-en-js","assets":[{"name":"framework-378481a856149b1b42f2.js","size":141440},{"name":"styles.735d368b3db691f76da6.css","size":52629},{"name":"2fbf9dd2-99790b20efa6907a1c6f.js","size":335208},{"name":"commons-0aba138ec5465cd07706.js","size":70573},{"name":"component---src-pages-board-directors-en-js-a14e6f38f179c56b20a5.js","size":2002}],"filteredAssets":0,"assetsSize":601852,"filteredAuxiliaryAssets":6,"auxiliaryAssetsSize":1753562},"component---src-pages-board-directors-js":{"name":"component---src-pages-board-directors-js","assets":[{"name":"framework-378481a856149b1b42f2.js","size":141440},{"name":"styles.735d368b3db691f76da6.css","size":52629},{"name":"2fbf9dd2-99790b20efa6907a1c6f.js","size":335208},{"name":"commons-0aba138ec5465cd07706.js","size":70573},{"name":"component---src-pages-board-directors-js-d88b0be124ad5c36efaf.js","size":2035}],"filteredAssets":0,"assetsSize":601885,"filteredAuxiliaryAssets":6,"auxiliaryAssetsSize":1753700},"component---src-pages-board-en-js":{"name":"component---src-pages-board-en-js","assets":[{"name":"framework-378481a856149b1b42f2.js","size":141440},{"name":"styles.735d368b3db691f76da6.css","size":52629},{"name":"2fbf9dd2-99790b20efa6907a1c6f.js","size":335208},{"name":"commons-0aba138ec5465cd07706.js","size":70573},{"name":"component---src-pages-board-en-js-73b23a85aadb784aa3da.js","size":3605}],"filteredAssets":0,"assetsSize":603455,"filteredAuxiliaryAssets":6,"auxiliaryAssetsSize":1758126},"component---src-pages-board-js":{"name":"component---src-pages-board-js","assets":[{"name":"framework-378481a856149b1b42f2.js","size":141440},{"name":"styles.735d368b3db691f76da6.css","size":52629},{"name":"2fbf9dd2-99790b20efa6907a1c6f.js","size":335208},{"name":"commons-0aba138ec5465cd07706.js","size":70573},{"name":"component---src-pages-board-js-f039b8e9f5251982f700.js","size":3515}],"filteredAssets":0,"assetsSize":603365,"filteredAuxiliaryAssets":6,"auxiliaryAssetsSize":1757906},"component---src-pages-client-awareness-ar-js":{"name":"component---src-pages-client-awareness-ar-js","assets":[{"name":"framework-378481a856149b1b42f2.js","size":141440},{"name":"styles.735d368b3db691f76da6.css","size":52629},{"name":"2fbf9dd2-99790b20efa6907a1c6f.js","size":335208},{"name":"commons-0aba138ec5465cd07706.js","size":70573},{"name":"component---src-pages-client-awareness-ar-js-05030e0c8e07f40be17d.js","size":3430}],"filteredAssets":0,"assetsSize":603280,"filteredAuxiliaryAssets":8,"auxiliaryAssetsSize":7471536},"component---src-pages-client-awareness-en-js":{"name":"component---src-pages-client-awareness-en-js","assets":[{"name":"framework-378481a856149b1b42f2.js","size":141440},{"name":"styles.735d368b3db691f76da6.css","size":52629},{"name":"2fbf9dd2-99790b20efa6907a1c6f.js","size":335208},{"name":"commons-0aba138ec5465cd07706.js","size":70573},{"name":"component---src-pages-client-awareness-en-js-bc031a35c89b87027aec.js","size":3364}],"filteredAssets":0,"assetsSize":603214,"filteredAuxiliaryAssets":7,"auxiliaryAssetsSize":7044131},"component---src-pages-client-awareness-js":{"name":"component---src-pages-client-awareness-js","assets":[{"name":"framework-378481a856149b1b42f2.js","size":141440},{"name":"styles.735d368b3db691f76da6.css","size":52629},{"name":"2fbf9dd2-99790b20efa6907a1c6f.js","size":335208},{"name":"commons-0aba138ec5465cd07706.js","size":70573},{"name":"component---src-pages-client-awareness-js-ce4ae41790fa3b5fc4af.js","size":3493}],"filteredAssets":0,"assetsSize":603343,"filteredAuxiliaryAssets":8,"auxiliaryAssetsSize":7471489},"component---src-pages-companies-login-ar-js":{"name":"component---src-pages-companies-login-ar-js","assets":[{"name":"framework-378481a856149b1b42f2.js","size":141440},{"name":"styles.735d368b3db691f76da6.css","size":52629},{"name":"2fbf9dd2-99790b20efa6907a1c6f.js","size":335208},{"name":"commons-0aba138ec5465cd07706.js","size":70573},{"name":"f8d05ade44e5af3dd411582230cc5c025e9f44ff-c57009d4f1669aeb4b7b.js","size":107753},{"name":"a6f2f626e93d4feae3cc5f3a3afa6ca74afad0f8-2cdbb31dd35814bcbb4e.js","size":93320},{"name":"component---src-pages-companies-login-ar-js-2ce4dedaa26c4c0fe103.js","size":46165}],"filteredAssets":0,"assetsSize":847088,"filteredAuxiliaryAssets":8,"auxiliaryAssetsSize":2552595},"component---src-pages-companies-login-en-js":{"name":"component---src-pages-companies-login-en-js","assets":[{"name":"framework-378481a856149b1b42f2.js","size":141440},{"name":"styles.735d368b3db691f76da6.css","size":52629},{"name":"2fbf9dd2-99790b20efa6907a1c6f.js","size":335208},{"name":"commons-0aba138ec5465cd07706.js","size":70573},{"name":"f8d05ade44e5af3dd411582230cc5c025e9f44ff-c57009d4f1669aeb4b7b.js","size":107753},{"name":"a6f2f626e93d4feae3cc5f3a3afa6ca74afad0f8-2cdbb31dd35814bcbb4e.js","size":93320},{"name":"component---src-pages-companies-login-en-js-d6835b46642b3f32ed56.js","size":46165}],"filteredAssets":0,"assetsSize":847088,"filteredAuxiliaryAssets":8,"auxiliaryAssetsSize":2552595},"component---src-pages-companies-login-js":{"name":"component---src-pages-companies-login-js","assets":[{"name":"framework-378481a856149b1b42f2.js","size":141440},{"name":"styles.735d368b3db691f76da6.css","size":52629},{"name":"2fbf9dd2-99790b20efa6907a1c6f.js","size":335208},{"name":"commons-0aba138ec5465cd07706.js","size":70573},{"name":"f8d05ade44e5af3dd411582230cc5c025e9f44ff-c57009d4f1669aeb4b7b.js","size":107753},{"name":"a6f2f626e93d4feae3cc5f3a3afa6ca74afad0f8-2cdbb31dd35814bcbb4e.js","size":93320},{"name":"component---src-pages-companies-login-js-75489b619e691741d7d8.js","size":46377}],"filteredAssets":0,"assetsSize":847300,"filteredAuxiliaryAssets":8,"auxiliaryAssetsSize":2553099},"component---src-pages-conservation-services-ar-js":{"name":"component---src-pages-conservation-services-ar-js","assets":[{"name":"framework-378481a856149b1b42f2.js","size":141440},{"name":"styles.735d368b3db691f76da6.css","size":52629},{"name":"2fbf9dd2-99790b20efa6907a1c6f.js","size":335208},{"name":"commons-0aba138ec5465cd07706.js","size":70573},{"name":"component---src-pages-conservation-services-ar-js-9d29ed86eed5aaa249ea.js","size":3060}],"filteredAssets":0,"assetsSize":602910,"filteredAuxiliaryAssets":6,"auxiliaryAssetsSize":1756788},"component---src-pages-conservation-services-en-js":{"name":"component---src-pages-conservation-services-en-js","assets":[{"name":"framework-378481a856149b1b42f2.js","size":141440},{"name":"styles.735d368b3db691f76da6.css","size":52629},{"name":"2fbf9dd2-99790b20efa6907a1c6f.js","size":335208},{"name":"commons-0aba138ec5465cd07706.js","size":70573},{"name":"component---src-pages-conservation-services-en-js-307f7f3320dae4d69b84.js","size":3060}],"filteredAssets":0,"assetsSize":602910,"filteredAuxiliaryAssets":6,"auxiliaryAssetsSize":1756788},"component---src-pages-conservation-services-js":{"name":"component---src-pages-conservation-services-js","assets":[{"name":"framework-378481a856149b1b42f2.js","size":141440},{"name":"styles.735d368b3db691f76da6.css","size":52629},{"name":"2fbf9dd2-99790b20efa6907a1c6f.js","size":335208},{"name":"commons-0aba138ec5465cd07706.js","size":70573},{"name":"component---src-pages-conservation-services-js-c6047c61cd31570807c0.js","size":3056}],"filteredAssets":0,"assetsSize":602906,"filteredAuxiliaryAssets":6,"auxiliaryAssetsSize":1756782},"component---src-pages-contact-us-ar-js":{"name":"component---src-pages-contact-us-ar-js","assets":[{"name":"framework-378481a856149b1b42f2.js","size":141440},{"name":"styles.735d368b3db691f76da6.css","size":52629},{"name":"2fbf9dd2-99790b20efa6907a1c6f.js","size":335208},{"name":"commons-0aba138ec5465cd07706.js","size":70573},{"name":"f8d05ade44e5af3dd411582230cc5c025e9f44ff-c57009d4f1669aeb4b7b.js","size":107753},{"name":"component---src-pages-contact-us-ar-js-2b6bde541e50763fada5.js","size":7025}],"filteredAssets":0,"assetsSize":714628,"filteredAuxiliaryAssets":8,"auxiliaryAssetsSize":3779267},"component---src-pages-contact-us-en-js":{"name":"component---src-pages-contact-us-en-js","assets":[{"name":"framework-378481a856149b1b42f2.js","size":141440},{"name":"styles.735d368b3db691f76da6.css","size":52629},{"name":"2fbf9dd2-99790b20efa6907a1c6f.js","size":335208},{"name":"commons-0aba138ec5465cd07706.js","size":70573},{"name":"f8d05ade44e5af3dd411582230cc5c025e9f44ff-c57009d4f1669aeb4b7b.js","size":107753},{"name":"component---src-pages-contact-us-en-js-7a235c018ad225325cbf.js","size":6881}],"filteredAssets":0,"assetsSize":714484,"filteredAuxiliaryAssets":8,"auxiliaryAssetsSize":3779107},"component---src-pages-contact-us-js":{"name":"component---src-pages-contact-us-js","assets":[{"name":"framework-378481a856149b1b42f2.js","size":141440},{"name":"styles.735d368b3db691f76da6.css","size":52629},{"name":"2fbf9dd2-99790b20efa6907a1c6f.js","size":335208},{"name":"commons-0aba138ec5465cd07706.js","size":70573},{"name":"f8d05ade44e5af3dd411582230cc5c025e9f44ff-c57009d4f1669aeb4b7b.js","size":107753},{"name":"component---src-pages-contact-us-js-db8f6e5d08ab69092fa0.js","size":6945}],"filteredAssets":0,"assetsSize":714548,"filteredAuxiliaryAssets":8,"auxiliaryAssetsSize":3780264},"component---src-pages-index-ar-js":{"name":"component---src-pages-index-ar-js","assets":[{"name":"framework-378481a856149b1b42f2.js","size":141440},{"name":"styles.735d368b3db691f76da6.css","size":52629},{"name":"2fbf9dd2-99790b20efa6907a1c6f.js","size":335208},{"name":"commons-0aba138ec5465cd07706.js","size":70573},{"name":"f8d05ade44e5af3dd411582230cc5c025e9f44ff-c57009d4f1669aeb4b7b.js","size":107753},{"name":"component---src-pages-index-ar-js-5c84dacbc6a18cc42ff1.js","size":14784}],"filteredAssets":0,"assetsSize":722387,"filteredAuxiliaryAssets":8,"auxiliaryAssetsSize":3798733},"component---src-pages-index-en-js":{"name":"component---src-pages-index-en-js","assets":[{"name":"framework-378481a856149b1b42f2.js","size":141440},{"name":"styles.735d368b3db691f76da6.css","size":52629},{"name":"2fbf9dd2-99790b20efa6907a1c6f.js","size":335208},{"name":"commons-0aba138ec5465cd07706.js","size":70573},{"name":"f8d05ade44e5af3dd411582230cc5c025e9f44ff-c57009d4f1669aeb4b7b.js","size":107753},{"name":"component---src-pages-index-en-js-914dccad13bc056a7046.js","size":14789}],"filteredAssets":0,"assetsSize":722392,"filteredAuxiliaryAssets":8,"auxiliaryAssetsSize":3798745},"component---src-pages-index-js":{"name":"component---src-pages-index-js","assets":[{"name":"framework-378481a856149b1b42f2.js","size":141440},{"name":"styles.735d368b3db691f76da6.css","size":52629},{"name":"2fbf9dd2-99790b20efa6907a1c6f.js","size":335208},{"name":"commons-0aba138ec5465cd07706.js","size":70573},{"name":"f8d05ade44e5af3dd411582230cc5c025e9f44ff-c57009d4f1669aeb4b7b.js","size":107753},{"name":"component---src-pages-index-js-6a56242a5283253aa9aa.js","size":15034}],"filteredAssets":0,"assetsSize":722637,"filteredAuxiliaryAssets":8,"auxiliaryAssetsSize":3800795},"component---src-pages-individuals-login-ar-js":{"name":"component---src-pages-individuals-login-ar-js","assets":[{"name":"framework-378481a856149b1b42f2.js","size":141440},{"name":"styles.735d368b3db691f76da6.css","size":52629},{"name":"2fbf9dd2-99790b20efa6907a1c6f.js","size":335208},{"name":"commons-0aba138ec5465cd07706.js","size":70573},{"name":"f8d05ade44e5af3dd411582230cc5c025e9f44ff-c57009d4f1669aeb4b7b.js","size":107753},{"name":"a6f2f626e93d4feae3cc5f3a3afa6ca74afad0f8-2cdbb31dd35814bcbb4e.js","size":93320},{"name":"component---src-pages-individuals-login-ar-js-c6f22b7ee9afe63f1115.js","size":58889}],"filteredAssets":0,"assetsSize":859812,"filteredAuxiliaryAssets":8,"auxiliaryAssetsSize":2578892},"component---src-pages-individuals-login-en-js":{"name":"component---src-pages-individuals-login-en-js","assets":[{"name":"framework-378481a856149b1b42f2.js","size":141440},{"name":"styles.735d368b3db691f76da6.css","size":52629},{"name":"2fbf9dd2-99790b20efa6907a1c6f.js","size":335208},{"name":"commons-0aba138ec5465cd07706.js","size":70573},{"name":"f8d05ade44e5af3dd411582230cc5c025e9f44ff-c57009d4f1669aeb4b7b.js","size":107753},{"name":"a6f2f626e93d4feae3cc5f3a3afa6ca74afad0f8-2cdbb31dd35814bcbb4e.js","size":93320},{"name":"component---src-pages-individuals-login-en-js-2fd826e76c6212b6b864.js","size":58715}],"filteredAssets":0,"assetsSize":859638,"filteredAuxiliaryAssets":8,"auxiliaryAssetsSize":2578560},"component---src-pages-individuals-login-js":{"name":"component---src-pages-individuals-login-js","assets":[{"name":"framework-378481a856149b1b42f2.js","size":141440},{"name":"styles.735d368b3db691f76da6.css","size":52629},{"name":"2fbf9dd2-99790b20efa6907a1c6f.js","size":335208},{"name":"commons-0aba138ec5465cd07706.js","size":70573},{"name":"f8d05ade44e5af3dd411582230cc5c025e9f44ff-c57009d4f1669aeb4b7b.js","size":107753},{"name":"a6f2f626e93d4feae3cc5f3a3afa6ca74afad0f8-2cdbb31dd35814bcbb4e.js","size":93320},{"name":"component---src-pages-individuals-login-js-cdb27bcc63c59d6731f7.js","size":59006}],"filteredAssets":0,"assetsSize":859929,"filteredAuxiliaryAssets":8,"auxiliaryAssetsSize":2579355},"component---src-pages-investment-banking-ar-js":{"name":"component---src-pages-investment-banking-ar-js","assets":[{"name":"framework-378481a856149b1b42f2.js","size":141440},{"name":"styles.735d368b3db691f76da6.css","size":52629},{"name":"2fbf9dd2-99790b20efa6907a1c6f.js","size":335208},{"name":"commons-0aba138ec5465cd07706.js","size":70573},{"name":"aacaddfe3b066d75fafc0dccdb0c3aa774b588cf-c70be6ace8a6471bad86.js","size":8947},{"name":"component---src-pages-investment-banking-ar-js-65795d147b07f7f4d23a.js","size":8333}],"filteredAssets":0,"assetsSize":617130,"filteredAuxiliaryAssets":7,"auxiliaryAssetsSize":1790551},"component---src-pages-investment-banking-en-js":{"name":"component---src-pages-investment-banking-en-js","assets":[{"name":"framework-378481a856149b1b42f2.js","size":141440},{"name":"styles.735d368b3db691f76da6.css","size":52629},{"name":"2fbf9dd2-99790b20efa6907a1c6f.js","size":335208},{"name":"commons-0aba138ec5465cd07706.js","size":70573},{"name":"aacaddfe3b066d75fafc0dccdb0c3aa774b588cf-c70be6ace8a6471bad86.js","size":8947},{"name":"component---src-pages-investment-banking-en-js-fcd51de25e576422fd35.js","size":8334}],"filteredAssets":0,"assetsSize":617131,"filteredAuxiliaryAssets":7,"auxiliaryAssetsSize":1790551},"component---src-pages-investment-banking-js":{"name":"component---src-pages-investment-banking-js","assets":[{"name":"framework-378481a856149b1b42f2.js","size":141440},{"name":"styles.735d368b3db691f76da6.css","size":52629},{"name":"2fbf9dd2-99790b20efa6907a1c6f.js","size":335208},{"name":"commons-0aba138ec5465cd07706.js","size":70573},{"name":"aacaddfe3b066d75fafc0dccdb0c3aa774b588cf-c70be6ace8a6471bad86.js","size":8947},{"name":"component---src-pages-investment-banking-js-7109e4af328cf6435712.js","size":3400}],"filteredAssets":0,"assetsSize":612197,"filteredAuxiliaryAssets":7,"auxiliaryAssetsSize":1786384},"component---src-pages-management-team-ar-js":{"name":"component---src-pages-management-team-ar-js","assets":[{"name":"framework-378481a856149b1b42f2.js","size":141440},{"name":"styles.735d368b3db691f76da6.css","size":52629},{"name":"2fbf9dd2-99790b20efa6907a1c6f.js","size":335208},{"name":"commons-0aba138ec5465cd07706.js","size":70573},{"name":"component---src-pages-management-team-ar-js-7f6483e23e7897fc777e.js","size":3667}],"filteredAssets":0,"assetsSize":603517,"filteredAuxiliaryAssets":6,"auxiliaryAssetsSize":1757836},"component---src-pages-management-team-en-js":{"name":"component---src-pages-management-team-en-js","assets":[{"name":"framework-378481a856149b1b42f2.js","size":141440},{"name":"styles.735d368b3db691f76da6.css","size":52629},{"name":"2fbf9dd2-99790b20efa6907a1c6f.js","size":335208},{"name":"commons-0aba138ec5465cd07706.js","size":70573},{"name":"component---src-pages-management-team-en-js-1e36fa3d3368d29e2180.js","size":3667}],"filteredAssets":0,"assetsSize":603517,"filteredAuxiliaryAssets":6,"auxiliaryAssetsSize":1757836},"component---src-pages-management-team-jsx":{"name":"component---src-pages-management-team-jsx","assets":[{"name":"framework-378481a856149b1b42f2.js","size":141440},{"name":"styles.735d368b3db691f76da6.css","size":52629},{"name":"2fbf9dd2-99790b20efa6907a1c6f.js","size":335208},{"name":"commons-0aba138ec5465cd07706.js","size":70573},{"name":"component---src-pages-management-team-jsx-acd6a5b9d1fe19a5da4a.js","size":3667}],"filteredAssets":0,"assetsSize":603517,"filteredAuxiliaryAssets":6,"auxiliaryAssetsSize":1757847},"component---src-pages-management-team-templet-ar-js":{"name":"component---src-pages-management-team-templet-ar-js","assets":[{"name":"framework-378481a856149b1b42f2.js","size":141440},{"name":"styles.735d368b3db691f76da6.css","size":52629},{"name":"2fbf9dd2-99790b20efa6907a1c6f.js","size":335208},{"name":"commons-0aba138ec5465cd07706.js","size":70573},{"name":"component---src-pages-management-team-templet-ar-js-5a14f09272fcca6686a2.js","size":3272}],"filteredAssets":0,"assetsSize":603122,"filteredAuxiliaryAssets":6,"auxiliaryAssetsSize":1757535},"component---src-pages-management-team-templet-en-js":{"name":"component---src-pages-management-team-templet-en-js","assets":[{"name":"framework-378481a856149b1b42f2.js","size":141440},{"name":"styles.735d368b3db691f76da6.css","size":52629},{"name":"2fbf9dd2-99790b20efa6907a1c6f.js","size":335208},{"name":"commons-0aba138ec5465cd07706.js","size":70573},{"name":"component---src-pages-management-team-templet-en-js-6b66443f11930b2ea376.js","size":3271}],"filteredAssets":0,"assetsSize":603121,"filteredAuxiliaryAssets":6,"auxiliaryAssetsSize":1757535},"component---src-pages-management-team-templet-js":{"name":"component---src-pages-management-team-templet-js","assets":[{"name":"framework-378481a856149b1b42f2.js","size":141440},{"name":"styles.735d368b3db691f76da6.css","size":52629},{"name":"2fbf9dd2-99790b20efa6907a1c6f.js","size":335208},{"name":"commons-0aba138ec5465cd07706.js","size":70573},{"name":"component---src-pages-management-team-templet-js-60a7738c93107147098f.js","size":3269}],"filteredAssets":0,"assetsSize":603119,"filteredAuxiliaryAssets":6,"auxiliaryAssetsSize":1757529},"component---src-pages-page-2-js":{"name":"component---src-pages-page-2-js","assets":[{"name":"framework-378481a856149b1b42f2.js","size":141440},{"name":"styles.735d368b3db691f76da6.css","size":52629},{"name":"2fbf9dd2-99790b20efa6907a1c6f.js","size":335208},{"name":"commons-0aba138ec5465cd07706.js","size":70573},{"name":"component---src-pages-page-2-js-ee068121447879c79f17.js","size":555}],"filteredAssets":0,"assetsSize":600405,"filteredAuxiliaryAssets":6,"auxiliaryAssetsSize":1749600},"component---src-pages-reports-ar-js":{"name":"component---src-pages-reports-ar-js","assets":[{"name":"framework-378481a856149b1b42f2.js","size":141440},{"name":"styles.735d368b3db691f76da6.css","size":52629},{"name":"2fbf9dd2-99790b20efa6907a1c6f.js","size":335208},{"name":"commons-0aba138ec5465cd07706.js","size":70573},{"name":"a6f2f626e93d4feae3cc5f3a3afa6ca74afad0f8-2cdbb31dd35814bcbb4e.js","size":93320},{"name":"component---src-pages-reports-ar-js-cb410e0223978e75ed30.js","size":7109}],"filteredAssets":0,"assetsSize":700279,"filteredAuxiliaryAssets":7,"auxiliaryAssetsSize":2230803},"component---src-pages-reports-en-js":{"name":"component---src-pages-reports-en-js","assets":[{"name":"framework-378481a856149b1b42f2.js","size":141440},{"name":"styles.735d368b3db691f76da6.css","size":52629},{"name":"2fbf9dd2-99790b20efa6907a1c6f.js","size":335208},{"name":"commons-0aba138ec5465cd07706.js","size":70573},{"name":"a6f2f626e93d4feae3cc5f3a3afa6ca74afad0f8-2cdbb31dd35814bcbb4e.js","size":93320},{"name":"component---src-pages-reports-en-js-80b4015f54ebe0e1321a.js","size":7091}],"filteredAssets":0,"assetsSize":700261,"filteredAuxiliaryAssets":7,"auxiliaryAssetsSize":2230761},"component---src-pages-reports-jsx":{"name":"component---src-pages-reports-jsx","assets":[{"name":"framework-378481a856149b1b42f2.js","size":141440},{"name":"styles.735d368b3db691f76da6.css","size":52629},{"name":"2fbf9dd2-99790b20efa6907a1c6f.js","size":335208},{"name":"commons-0aba138ec5465cd07706.js","size":70573},{"name":"a6f2f626e93d4feae3cc5f3a3afa6ca74afad0f8-2cdbb31dd35814bcbb4e.js","size":93320},{"name":"component---src-pages-reports-jsx-a9bd7d8ad1100d4f7803.js","size":3150}],"filteredAssets":0,"assetsSize":696320,"filteredAuxiliaryAssets":7,"auxiliaryAssetsSize":2233215},"component---src-pages-shariyah-review-ar-js":{"name":"component---src-pages-shariyah-review-ar-js","assets":[{"name":"framework-378481a856149b1b42f2.js","size":141440},{"name":"styles.735d368b3db691f76da6.css","size":52629},{"name":"2fbf9dd2-99790b20efa6907a1c6f.js","size":335208},{"name":"commons-0aba138ec5465cd07706.js","size":70573},{"name":"component---src-pages-shariyah-review-ar-js-9edc65df97dccb68813d.js","size":3997}],"filteredAssets":0,"assetsSize":603847,"filteredAuxiliaryAssets":6,"auxiliaryAssetsSize":1758111},"component---src-pages-shariyah-review-en-js":{"name":"component---src-pages-shariyah-review-en-js","assets":[{"name":"framework-378481a856149b1b42f2.js","size":141440},{"name":"styles.735d368b3db691f76da6.css","size":52629},{"name":"2fbf9dd2-99790b20efa6907a1c6f.js","size":335208},{"name":"commons-0aba138ec5465cd07706.js","size":70573},{"name":"component---src-pages-shariyah-review-en-js-65f8f833d43e3357327a.js","size":3997}],"filteredAssets":0,"assetsSize":603847,"filteredAuxiliaryAssets":6,"auxiliaryAssetsSize":1758111},"component---src-pages-shariyah-review-js":{"name":"component---src-pages-shariyah-review-js","assets":[{"name":"framework-378481a856149b1b42f2.js","size":141440},{"name":"styles.735d368b3db691f76da6.css","size":52629},{"name":"2fbf9dd2-99790b20efa6907a1c6f.js","size":335208},{"name":"commons-0aba138ec5465cd07706.js","size":70573},{"name":"component---src-pages-shariyah-review-js-7df5ddf2ad9f97d2bc17.js","size":3997}],"filteredAssets":0,"assetsSize":603847,"filteredAuxiliaryAssets":6,"auxiliaryAssetsSize":1758108},"component---src-pages-team-js":{"name":"component---src-pages-team-js","assets":[{"name":"framework-378481a856149b1b42f2.js","size":141440},{"name":"styles.735d368b3db691f76da6.css","size":52629},{"name":"2fbf9dd2-99790b20efa6907a1c6f.js","size":335208},{"name":"commons-0aba138ec5465cd07706.js","size":70573},{"name":"component---src-pages-team-js-5959d2e3726384f8ceb4.js","size":3152}],"filteredAssets":0,"assetsSize":603002,"filteredAuxiliaryAssets":6,"auxiliaryAssetsSize":1757678},"component---src-pages-using-ssr-js":{"name":"component---src-pages-using-ssr-js","assets":[{"name":"framework-378481a856149b1b42f2.js","size":141440},{"name":"styles.735d368b3db691f76da6.css","size":52629},{"name":"2fbf9dd2-99790b20efa6907a1c6f.js","size":335208},{"name":"commons-0aba138ec5465cd07706.js","size":70573},{"name":"component---src-pages-using-ssr-js-f76f697c02734dcb9823.js","size":1137}],"filteredAssets":0,"assetsSize":600987,"filteredAuxiliaryAssets":6,"auxiliaryAssetsSize":1751039},"component---src-pages-using-typescript-tsx":{"name":"component---src-pages-using-typescript-tsx","assets":[{"name":"framework-378481a856149b1b42f2.js","size":141440},{"name":"styles.735d368b3db691f76da6.css","size":52629},{"name":"2fbf9dd2-99790b20efa6907a1c6f.js","size":335208},{"name":"commons-0aba138ec5465cd07706.js","size":70573},{"name":"component---src-pages-using-typescript-tsx-f022a706926a9b5c5002.js","size":1468}],"filteredAssets":0,"assetsSize":601318,"filteredAuxiliaryAssets":6,"auxiliaryAssetsSize":1751316}},"assetsByChunkName":{"app":["webpack-runtime-d26cd9e82fbfd42cbf73.js","framework-378481a856149b1b42f2.js","app-858ab247e7b58c4d2be9.js"],"component---src-pages-404-js":["framework-378481a856149b1b42f2.js","styles.735d368b3db691f76da6.css","2fbf9dd2-99790b20efa6907a1c6f.js","commons-0aba138ec5465cd07706.js","component---src-pages-404-js-967f67ac027206f3c7a2.js"],"component---src-pages-about-us-ar-js":["framework-378481a856149b1b42f2.js","styles.735d368b3db691f76da6.css","2fbf9dd2-99790b20efa6907a1c6f.js","commons-0aba138ec5465cd07706.js","f8d05ade44e5af3dd411582230cc5c025e9f44ff-c57009d4f1669aeb4b7b.js","component---src-pages-about-us-ar-js-e435e35d71d4a036f330.js"],"component---src-pages-about-us-en-js":["framework-378481a856149b1b42f2.js","styles.735d368b3db691f76da6.css","2fbf9dd2-99790b20efa6907a1c6f.js","commons-0aba138ec5465cd07706.js","f8d05ade44e5af3dd411582230cc5c025e9f44ff-c57009d4f1669aeb4b7b.js","component---src-pages-about-us-en-js-8eb76c711284f2daa792.js"],"component---src-pages-about-us-js":["framework-378481a856149b1b42f2.js","styles.735d368b3db691f76da6.css","2fbf9dd2-99790b20efa6907a1c6f.js","commons-0aba138ec5465cd07706.js","f8d05ade44e5af3dd411582230cc5c025e9f44ff-c57009d4f1669aeb4b7b.js","component---src-pages-about-us-js-3b00c64a8a81bde5975c.js"],"component---src-pages-advisory-research-ar-js":["framework-378481a856149b1b42f2.js","styles.735d368b3db691f76da6.css","2fbf9dd2-99790b20efa6907a1c6f.js","commons-0aba138ec5465cd07706.js","component---src-pages-advisory-research-ar-js-78c89d4b483adba70170.js"],"component---src-pages-advisory-research-en-js":["framework-378481a856149b1b42f2.js","styles.735d368b3db691f76da6.css","2fbf9dd2-99790b20efa6907a1c6f.js","commons-0aba138ec5465cd07706.js","component---src-pages-advisory-research-en-js-7a05c012f0bab022f2f5.js"],"component---src-pages-advisory-research-js":["framework-378481a856149b1b42f2.js","styles.735d368b3db691f76da6.css","2fbf9dd2-99790b20efa6907a1c6f.js","commons-0aba138ec5465cd07706.js","component---src-pages-advisory-research-js-27826827ec2804c9b8b3.js"],"component---src-pages-announcements-ar-js":["framework-378481a856149b1b42f2.js","styles.735d368b3db691f76da6.css","2fbf9dd2-99790b20efa6907a1c6f.js","commons-0aba138ec5465cd07706.js","component---src-pages-announcements-ar-js-ea52c79a56fed9dae7b7.js"],"component---src-pages-announcements-en-js":["framework-378481a856149b1b42f2.js","styles.735d368b3db691f76da6.css","2fbf9dd2-99790b20efa6907a1c6f.js","commons-0aba138ec5465cd07706.js","component---src-pages-announcements-en-js-9f3f82c71c1aad2aad6a.js"],"component---src-pages-announcements-jsx":["framework-378481a856149b1b42f2.js","styles.735d368b3db691f76da6.css","2fbf9dd2-99790b20efa6907a1c6f.js","commons-0aba138ec5465cd07706.js","component---src-pages-announcements-jsx-647ea9ec07c2aae3e017.js"],"component---src-pages-asset-management-ar-js":["framework-378481a856149b1b42f2.js","styles.735d368b3db691f76da6.css","2fbf9dd2-99790b20efa6907a1c6f.js","commons-0aba138ec5465cd07706.js","a6f2f626e93d4feae3cc5f3a3afa6ca74afad0f8-2cdbb31dd35814bcbb4e.js","7aa11da8b8b43e76aa809d7885adc74b7358a2ff-93036cfaa18e0964566c.js","component---src-pages-asset-management-ar-js-383e2af9850261dcb044.js"],"component---src-pages-asset-management-en-js":["framework-378481a856149b1b42f2.js","styles.735d368b3db691f76da6.css","2fbf9dd2-99790b20efa6907a1c6f.js","commons-0aba138ec5465cd07706.js","a6f2f626e93d4feae3cc5f3a3afa6ca74afad0f8-2cdbb31dd35814bcbb4e.js","7aa11da8b8b43e76aa809d7885adc74b7358a2ff-93036cfaa18e0964566c.js","component---src-pages-asset-management-en-js-f4d60373229b25509310.js"],"component---src-pages-asset-management-js":["framework-378481a856149b1b42f2.js","styles.735d368b3db691f76da6.css","2fbf9dd2-99790b20efa6907a1c6f.js","commons-0aba138ec5465cd07706.js","a6f2f626e93d4feae3cc5f3a3afa6ca74afad0f8-2cdbb31dd35814bcbb4e.js","7aa11da8b8b43e76aa809d7885adc74b7358a2ff-93036cfaa18e0964566c.js","component---src-pages-asset-management-js-ed12a888a0a9fafdd7cf.js"],"component---src-pages-board-ar-js":["framework-378481a856149b1b42f2.js","styles.735d368b3db691f76da6.css","2fbf9dd2-99790b20efa6907a1c6f.js","commons-0aba138ec5465cd07706.js","component---src-pages-board-ar-js-61441ab5dfed116072a9.js"],"component---src-pages-board-directors-ar-js":["framework-378481a856149b1b42f2.js","styles.735d368b3db691f76da6.css","2fbf9dd2-99790b20efa6907a1c6f.js","commons-0aba138ec5465cd07706.js","component---src-pages-board-directors-ar-js-9e86c60e6ddfb3c244a0.js"],"component---src-pages-board-directors-en-js":["framework-378481a856149b1b42f2.js","styles.735d368b3db691f76da6.css","2fbf9dd2-99790b20efa6907a1c6f.js","commons-0aba138ec5465cd07706.js","component---src-pages-board-directors-en-js-a14e6f38f179c56b20a5.js"],"component---src-pages-board-directors-js":["framework-378481a856149b1b42f2.js","styles.735d368b3db691f76da6.css","2fbf9dd2-99790b20efa6907a1c6f.js","commons-0aba138ec5465cd07706.js","component---src-pages-board-directors-js-d88b0be124ad5c36efaf.js"],"component---src-pages-board-en-js":["framework-378481a856149b1b42f2.js","styles.735d368b3db691f76da6.css","2fbf9dd2-99790b20efa6907a1c6f.js","commons-0aba138ec5465cd07706.js","component---src-pages-board-en-js-73b23a85aadb784aa3da.js"],"component---src-pages-board-js":["framework-378481a856149b1b42f2.js","styles.735d368b3db691f76da6.css","2fbf9dd2-99790b20efa6907a1c6f.js","commons-0aba138ec5465cd07706.js","component---src-pages-board-js-f039b8e9f5251982f700.js"],"component---src-pages-client-awareness-ar-js":["framework-378481a856149b1b42f2.js","styles.735d368b3db691f76da6.css","2fbf9dd2-99790b20efa6907a1c6f.js","commons-0aba138ec5465cd07706.js","component---src-pages-client-awareness-ar-js-05030e0c8e07f40be17d.js"],"component---src-pages-client-awareness-en-js":["framework-378481a856149b1b42f2.js","styles.735d368b3db691f76da6.css","2fbf9dd2-99790b20efa6907a1c6f.js","commons-0aba138ec5465cd07706.js","component---src-pages-client-awareness-en-js-bc031a35c89b87027aec.js"],"component---src-pages-client-awareness-js":["framework-378481a856149b1b42f2.js","styles.735d368b3db691f76da6.css","2fbf9dd2-99790b20efa6907a1c6f.js","commons-0aba138ec5465cd07706.js","component---src-pages-client-awareness-js-ce4ae41790fa3b5fc4af.js"],"component---src-pages-companies-login-ar-js":["framework-378481a856149b1b42f2.js","styles.735d368b3db691f76da6.css","2fbf9dd2-99790b20efa6907a1c6f.js","commons-0aba138ec5465cd07706.js","f8d05ade44e5af3dd411582230cc5c025e9f44ff-c57009d4f1669aeb4b7b.js","a6f2f626e93d4feae3cc5f3a3afa6ca74afad0f8-2cdbb31dd35814bcbb4e.js","component---src-pages-companies-login-ar-js-2ce4dedaa26c4c0fe103.js"],"component---src-pages-companies-login-en-js":["framework-378481a856149b1b42f2.js","styles.735d368b3db691f76da6.css","2fbf9dd2-99790b20efa6907a1c6f.js","commons-0aba138ec5465cd07706.js","f8d05ade44e5af3dd411582230cc5c025e9f44ff-c57009d4f1669aeb4b7b.js","a6f2f626e93d4feae3cc5f3a3afa6ca74afad0f8-2cdbb31dd35814bcbb4e.js","component---src-pages-companies-login-en-js-d6835b46642b3f32ed56.js"],"component---src-pages-companies-login-js":["framework-378481a856149b1b42f2.js","styles.735d368b3db691f76da6.css","2fbf9dd2-99790b20efa6907a1c6f.js","commons-0aba138ec5465cd07706.js","f8d05ade44e5af3dd411582230cc5c025e9f44ff-c57009d4f1669aeb4b7b.js","a6f2f626e93d4feae3cc5f3a3afa6ca74afad0f8-2cdbb31dd35814bcbb4e.js","component---src-pages-companies-login-js-75489b619e691741d7d8.js"],"component---src-pages-conservation-services-ar-js":["framework-378481a856149b1b42f2.js","styles.735d368b3db691f76da6.css","2fbf9dd2-99790b20efa6907a1c6f.js","commons-0aba138ec5465cd07706.js","component---src-pages-conservation-services-ar-js-9d29ed86eed5aaa249ea.js"],"component---src-pages-conservation-services-en-js":["framework-378481a856149b1b42f2.js","styles.735d368b3db691f76da6.css","2fbf9dd2-99790b20efa6907a1c6f.js","commons-0aba138ec5465cd07706.js","component---src-pages-conservation-services-en-js-307f7f3320dae4d69b84.js"],"component---src-pages-conservation-services-js":["framework-378481a856149b1b42f2.js","styles.735d368b3db691f76da6.css","2fbf9dd2-99790b20efa6907a1c6f.js","commons-0aba138ec5465cd07706.js","component---src-pages-conservation-services-js-c6047c61cd31570807c0.js"],"component---src-pages-contact-us-ar-js":["framework-378481a856149b1b42f2.js","styles.735d368b3db691f76da6.css","2fbf9dd2-99790b20efa6907a1c6f.js","commons-0aba138ec5465cd07706.js","f8d05ade44e5af3dd411582230cc5c025e9f44ff-c57009d4f1669aeb4b7b.js","component---src-pages-contact-us-ar-js-2b6bde541e50763fada5.js"],"component---src-pages-contact-us-en-js":["framework-378481a856149b1b42f2.js","styles.735d368b3db691f76da6.css","2fbf9dd2-99790b20efa6907a1c6f.js","commons-0aba138ec5465cd07706.js","f8d05ade44e5af3dd411582230cc5c025e9f44ff-c57009d4f1669aeb4b7b.js","component---src-pages-contact-us-en-js-7a235c018ad225325cbf.js"],"component---src-pages-contact-us-js":["framework-378481a856149b1b42f2.js","styles.735d368b3db691f76da6.css","2fbf9dd2-99790b20efa6907a1c6f.js","commons-0aba138ec5465cd07706.js","f8d05ade44e5af3dd411582230cc5c025e9f44ff-c57009d4f1669aeb4b7b.js","component---src-pages-contact-us-js-db8f6e5d08ab69092fa0.js"],"component---src-pages-index-ar-js":["framework-378481a856149b1b42f2.js","styles.735d368b3db691f76da6.css","2fbf9dd2-99790b20efa6907a1c6f.js","commons-0aba138ec5465cd07706.js","f8d05ade44e5af3dd411582230cc5c025e9f44ff-c57009d4f1669aeb4b7b.js","component---src-pages-index-ar-js-5c84dacbc6a18cc42ff1.js"],"component---src-pages-index-en-js":["framework-378481a856149b1b42f2.js","styles.735d368b3db691f76da6.css","2fbf9dd2-99790b20efa6907a1c6f.js","commons-0aba138ec5465cd07706.js","f8d05ade44e5af3dd411582230cc5c025e9f44ff-c57009d4f1669aeb4b7b.js","component---src-pages-index-en-js-914dccad13bc056a7046.js"],"component---src-pages-index-js":["framework-378481a856149b1b42f2.js","styles.735d368b3db691f76da6.css","2fbf9dd2-99790b20efa6907a1c6f.js","commons-0aba138ec5465cd07706.js","f8d05ade44e5af3dd411582230cc5c025e9f44ff-c57009d4f1669aeb4b7b.js","component---src-pages-index-js-6a56242a5283253aa9aa.js"],"component---src-pages-individuals-login-ar-js":["framework-378481a856149b1b42f2.js","styles.735d368b3db691f76da6.css","2fbf9dd2-99790b20efa6907a1c6f.js","commons-0aba138ec5465cd07706.js","f8d05ade44e5af3dd411582230cc5c025e9f44ff-c57009d4f1669aeb4b7b.js","a6f2f626e93d4feae3cc5f3a3afa6ca74afad0f8-2cdbb31dd35814bcbb4e.js","component---src-pages-individuals-login-ar-js-c6f22b7ee9afe63f1115.js"],"component---src-pages-individuals-login-en-js":["framework-378481a856149b1b42f2.js","styles.735d368b3db691f76da6.css","2fbf9dd2-99790b20efa6907a1c6f.js","commons-0aba138ec5465cd07706.js","f8d05ade44e5af3dd411582230cc5c025e9f44ff-c57009d4f1669aeb4b7b.js","a6f2f626e93d4feae3cc5f3a3afa6ca74afad0f8-2cdbb31dd35814bcbb4e.js","component---src-pages-individuals-login-en-js-2fd826e76c6212b6b864.js"],"component---src-pages-individuals-login-js":["framework-378481a856149b1b42f2.js","styles.735d368b3db691f76da6.css","2fbf9dd2-99790b20efa6907a1c6f.js","commons-0aba138ec5465cd07706.js","f8d05ade44e5af3dd411582230cc5c025e9f44ff-c57009d4f1669aeb4b7b.js","a6f2f626e93d4feae3cc5f3a3afa6ca74afad0f8-2cdbb31dd35814bcbb4e.js","component---src-pages-individuals-login-js-cdb27bcc63c59d6731f7.js"],"component---src-pages-investment-banking-ar-js":["framework-378481a856149b1b42f2.js","styles.735d368b3db691f76da6.css","2fbf9dd2-99790b20efa6907a1c6f.js","commons-0aba138ec5465cd07706.js","aacaddfe3b066d75fafc0dccdb0c3aa774b588cf-c70be6ace8a6471bad86.js","component---src-pages-investment-banking-ar-js-65795d147b07f7f4d23a.js"],"component---src-pages-investment-banking-en-js":["framework-378481a856149b1b42f2.js","styles.735d368b3db691f76da6.css","2fbf9dd2-99790b20efa6907a1c6f.js","commons-0aba138ec5465cd07706.js","aacaddfe3b066d75fafc0dccdb0c3aa774b588cf-c70be6ace8a6471bad86.js","component---src-pages-investment-banking-en-js-fcd51de25e576422fd35.js"],"component---src-pages-investment-banking-js":["framework-378481a856149b1b42f2.js","styles.735d368b3db691f76da6.css","2fbf9dd2-99790b20efa6907a1c6f.js","commons-0aba138ec5465cd07706.js","aacaddfe3b066d75fafc0dccdb0c3aa774b588cf-c70be6ace8a6471bad86.js","component---src-pages-investment-banking-js-7109e4af328cf6435712.js"],"component---src-pages-management-team-ar-js":["framework-378481a856149b1b42f2.js","styles.735d368b3db691f76da6.css","2fbf9dd2-99790b20efa6907a1c6f.js","commons-0aba138ec5465cd07706.js","component---src-pages-management-team-ar-js-7f6483e23e7897fc777e.js"],"component---src-pages-management-team-en-js":["framework-378481a856149b1b42f2.js","styles.735d368b3db691f76da6.css","2fbf9dd2-99790b20efa6907a1c6f.js","commons-0aba138ec5465cd07706.js","component---src-pages-management-team-en-js-1e36fa3d3368d29e2180.js"],"component---src-pages-management-team-jsx":["framework-378481a856149b1b42f2.js","styles.735d368b3db691f76da6.css","2fbf9dd2-99790b20efa6907a1c6f.js","commons-0aba138ec5465cd07706.js","component---src-pages-management-team-jsx-acd6a5b9d1fe19a5da4a.js"],"component---src-pages-management-team-templet-ar-js":["framework-378481a856149b1b42f2.js","styles.735d368b3db691f76da6.css","2fbf9dd2-99790b20efa6907a1c6f.js","commons-0aba138ec5465cd07706.js","component---src-pages-management-team-templet-ar-js-5a14f09272fcca6686a2.js"],"component---src-pages-management-team-templet-en-js":["framework-378481a856149b1b42f2.js","styles.735d368b3db691f76da6.css","2fbf9dd2-99790b20efa6907a1c6f.js","commons-0aba138ec5465cd07706.js","component---src-pages-management-team-templet-en-js-6b66443f11930b2ea376.js"],"component---src-pages-management-team-templet-js":["framework-378481a856149b1b42f2.js","styles.735d368b3db691f76da6.css","2fbf9dd2-99790b20efa6907a1c6f.js","commons-0aba138ec5465cd07706.js","component---src-pages-management-team-templet-js-60a7738c93107147098f.js"],"component---src-pages-page-2-js":["framework-378481a856149b1b42f2.js","styles.735d368b3db691f76da6.css","2fbf9dd2-99790b20efa6907a1c6f.js","commons-0aba138ec5465cd07706.js","component---src-pages-page-2-js-ee068121447879c79f17.js"],"component---src-pages-reports-ar-js":["framework-378481a856149b1b42f2.js","styles.735d368b3db691f76da6.css","2fbf9dd2-99790b20efa6907a1c6f.js","commons-0aba138ec5465cd07706.js","a6f2f626e93d4feae3cc5f3a3afa6ca74afad0f8-2cdbb31dd35814bcbb4e.js","component---src-pages-reports-ar-js-cb410e0223978e75ed30.js"],"component---src-pages-reports-en-js":["framework-378481a856149b1b42f2.js","styles.735d368b3db691f76da6.css","2fbf9dd2-99790b20efa6907a1c6f.js","commons-0aba138ec5465cd07706.js","a6f2f626e93d4feae3cc5f3a3afa6ca74afad0f8-2cdbb31dd35814bcbb4e.js","component---src-pages-reports-en-js-80b4015f54ebe0e1321a.js"],"component---src-pages-reports-jsx":["framework-378481a856149b1b42f2.js","styles.735d368b3db691f76da6.css","2fbf9dd2-99790b20efa6907a1c6f.js","commons-0aba138ec5465cd07706.js","a6f2f626e93d4feae3cc5f3a3afa6ca74afad0f8-2cdbb31dd35814bcbb4e.js","component---src-pages-reports-jsx-a9bd7d8ad1100d4f7803.js"],"component---src-pages-shariyah-review-ar-js":["framework-378481a856149b1b42f2.js","styles.735d368b3db691f76da6.css","2fbf9dd2-99790b20efa6907a1c6f.js","commons-0aba138ec5465cd07706.js","component---src-pages-shariyah-review-ar-js-9edc65df97dccb68813d.js"],"component---src-pages-shariyah-review-en-js":["framework-378481a856149b1b42f2.js","styles.735d368b3db691f76da6.css","2fbf9dd2-99790b20efa6907a1c6f.js","commons-0aba138ec5465cd07706.js","component---src-pages-shariyah-review-en-js-65f8f833d43e3357327a.js"],"component---src-pages-shariyah-review-js":["framework-378481a856149b1b42f2.js","styles.735d368b3db691f76da6.css","2fbf9dd2-99790b20efa6907a1c6f.js","commons-0aba138ec5465cd07706.js","component---src-pages-shariyah-review-js-7df5ddf2ad9f97d2bc17.js"],"component---src-pages-team-js":["framework-378481a856149b1b42f2.js","styles.735d368b3db691f76da6.css","2fbf9dd2-99790b20efa6907a1c6f.js","commons-0aba138ec5465cd07706.js","component---src-pages-team-js-5959d2e3726384f8ceb4.js"],"component---src-pages-using-ssr-js":["framework-378481a856149b1b42f2.js","styles.735d368b3db691f76da6.css","2fbf9dd2-99790b20efa6907a1c6f.js","commons-0aba138ec5465cd07706.js","component---src-pages-using-ssr-js-f76f697c02734dcb9823.js"],"component---src-pages-using-typescript-tsx":["framework-378481a856149b1b42f2.js","styles.735d368b3db691f76da6.css","2fbf9dd2-99790b20efa6907a1c6f.js","commons-0aba138ec5465cd07706.js","component---src-pages-using-typescript-tsx-f022a706926a9b5c5002.js"]},"childAssetsByChunkName":{}}